path	bytes	sha256
work/unified-cache-cosim-r1/shared-l2-latest-adoption-r1/campaign-r1/result.json	42310738	a453701af3823e4b090dd063bfa9b2eb0552039dc917bac29dc44cb77b0b7f71
work/unified-cache-cosim-r1/shared-l2-latest-adoption-r1/candidate/full.input	24009563	fe0140f652d36acd72d4139931f652de75c0bb9031f7d1573d146f2256954ebb
work/unified-cache-cosim-r1/shared-l2-latest-adoption-r1/candidate/snapshot/build/shared-h288-r1/04.d	9488	05504eefc4f99e39cc11c53d8c293c973d31cc8607999eab9d1accbedb8e15ab
work/unified-cache-cosim-r1/shared-l2-latest-adoption-r1/candidate/snapshot/build/shared-h288-r1/01.d	7903	9b0a462e845130fee8c380345e9bd32e17a986c117c4976ce337f8fb5b4068cd
work/unified-cache-cosim-r1/shared-l2-latest-adoption-r1/candidate/snapshot/build/shared-h288-r1/15.o	77424	6a5f24cc71123dbd05e0706e07c9ce3b539220b19c5acf24486cca72581aea63
work/unified-cache-cosim-r1/shared-l2-latest-adoption-r1/candidate/snapshot/build/shared-h288-r1/build-receipt.json	87514	3b8825c151852f9ecf523b46ac99ceeb1bef8cda3f07f65ff5dc1a976fb2e305
work/unified-cache-cosim-r1/shared-l2-latest-adoption-r1/candidate/snapshot/build/shared-h288-r1/16.d	2744	afd10f014c8fee890558d542ceed1af37f7fa78c50720d4b466aa35a7724aaf3
work/unified-cache-cosim-r1/shared-l2-latest-adoption-r1/candidate/snapshot/build/shared-h288-r1/11.d	1291	7ec9929f7e6a1f93db0dfce9be1d45cb220789ef04bb1a532239a526a9256c26
work/unified-cache-cosim-r1/shared-l2-latest-adoption-r1/candidate/snapshot/build/shared-h288-r1/08.o	112512	a492c3b236df82f81f8e75e21404635d3d67210ea7da8d620a8b8691f6d168ae
work/unified-cache-cosim-r1/shared-l2-latest-adoption-r1/candidate/snapshot/build/shared-h288-r1/13.o	93872	7810bb47ea65360bee3ee353e15edaedb9701328a4a223dd9971279ba2c422d6
work/unified-cache-cosim-r1/shared-l2-latest-adoption-r1/candidate/snapshot/build/shared-h288-r1/10.o	64432	f2b11878c753ca6cd791fbea2b89851ac387c54a0f2e63224e9cc1a8e272b8b7
work/unified-cache-cosim-r1/shared-l2-latest-adoption-r1/candidate/snapshot/build/shared-h288-r1/19.d	2752	6ff644a6f65ce8c18acc01d16c77c0bb594914478b30532836df797580e70126
work/unified-cache-cosim-r1/shared-l2-latest-adoption-r1/candidate/snapshot/build/shared-h288-r1/01.o	309408	f41878f4def4094811d9533d541062d35186f83090a43236d2cb4577c100f000
work/unified-cache-cosim-r1/shared-l2-latest-adoption-r1/candidate/snapshot/build/shared-h288-r1/03.d	9035	c3ebd2a41bb48573e657a07b0f15faf2801a442dcf27618b6c4d705b6b36290c
work/unified-cache-cosim-r1/shared-l2-latest-adoption-r1/candidate/snapshot/build/shared-h288-r1/12.d	1686	93241f214cdca872dbb73d2f3e747e711e5230815a4014889ad136b859589228
work/unified-cache-cosim-r1/shared-l2-latest-adoption-r1/candidate/snapshot/build/shared-h288-r1/03.o	494800	3024a2587203419c6eaf0e132000f4ed887a49be64eae16d6dae30c7e99e210f
work/unified-cache-cosim-r1/shared-l2-latest-adoption-r1/candidate/snapshot/build/shared-h288-r1/18.o	57872	01c41a60a4706a9d94b5b5a03ad38621866d5fc09c31500d3bc63bcca0845f1b
work/unified-cache-cosim-r1/shared-l2-latest-adoption-r1/candidate/snapshot/build/shared-h288-r1/07.d	3627	fe0ec702396b99de245e970595b197d594f4654bf803f8403c56d48ebdb01d36
work/unified-cache-cosim-r1/shared-l2-latest-adoption-r1/candidate/snapshot/build/shared-h288-r1/02.d	7054	8f48b13c6e471c0a137f6fdb326c2d1d733583284bd43fd05437796b22a69dcb
work/unified-cache-cosim-r1/shared-l2-latest-adoption-r1/candidate/snapshot/build/shared-h288-r1/06.o	355328	cc5ca9673d3f395dc3c58464f84b5c669c75ab72828203159c895ff47e1b7b05
work/unified-cache-cosim-r1/shared-l2-latest-adoption-r1/candidate/snapshot/build/shared-h288-r1/04.o	612688	418eb30c3ad048db0b8786fcf14e7157a816ce03337fb04a2a1fe214572c9cd3
work/unified-cache-cosim-r1/shared-l2-latest-adoption-r1/candidate/snapshot/build/shared-h288-r1/20.o	115536	e3b91acf73d59d9911de73c6b9b995390eead83f040cb5494a5433372748ace2
work/unified-cache-cosim-r1/shared-l2-latest-adoption-r1/candidate/snapshot/build/shared-h288-r1/11.o	159008	388484b10d27b74d18dd96ba6d66e550e7d394f6c0b0ec69dec98646eb5f6709
work/unified-cache-cosim-r1/shared-l2-latest-adoption-r1/candidate/snapshot/build/shared-h288-r1/17.o	91952	bc30b2137c8d97d333161f3def6ff04922c2ebfcc439c3547c2f82884226540f
work/unified-cache-cosim-r1/shared-l2-latest-adoption-r1/candidate/snapshot/build/shared-h288-r1/09.o	36688	ceebdf5c3308eb7c0eb77019e5c753b41b64111f05dbbd70815439ed18ee30d9
work/unified-cache-cosim-r1/shared-l2-latest-adoption-r1/candidate/snapshot/build/shared-h288-r1/09.d	1035	e36d962d083126f794500e2899413bea0867afc05b8a5fef7cf81493e53d64bc
work/unified-cache-cosim-r1/shared-l2-latest-adoption-r1/candidate/snapshot/build/shared-h288-r1/00.d	47494	1106589c313bed4872ae3d7f36b794dabb018bc9ff0e0fdca1d6f75a42f81c23
work/unified-cache-cosim-r1/shared-l2-latest-adoption-r1/candidate/snapshot/build/shared-h288-r1/13.d	1690	28ff64fa098aa41c4ed4b50b25b4b624031b1fd1f0d85534f8d03d7df1bd19d2
work/unified-cache-cosim-r1/shared-l2-latest-adoption-r1/candidate/snapshot/build/shared-h288-r1/02.o	344304	ad2c9b6de8b98ce20a243e47cd530f50d8c2e9e1e0bdeb62b947787f764aede2
work/unified-cache-cosim-r1/shared-l2-latest-adoption-r1/candidate/snapshot/build/shared-h288-r1/21.d	3647	e5bb1b5888faa20b8973a2e7a98ecb8df217b8b5a55970b83abf099a7559a269
work/unified-cache-cosim-r1/shared-l2-latest-adoption-r1/candidate/snapshot/build/shared-h288-r1/06.d	7712	12948ba69eedd34b57cd7fa3aaf7e15ccc44f5e12878369ad69c5336c14319f8
work/unified-cache-cosim-r1/shared-l2-latest-adoption-r1/candidate/snapshot/build/shared-h288-r1/21.o	319744	a96d2e62330337158ee72c3cd6cca74e0852daaed23bcc5a873c1a5f6f77c8e2
work/unified-cache-cosim-r1/shared-l2-latest-adoption-r1/candidate/snapshot/build/shared-h288-r1/12.o	321552	5a9898915893d2f7a2e567e1cc6a7c310187855322f0df313d0b9c3cb45b2eef
work/unified-cache-cosim-r1/shared-l2-latest-adoption-r1/candidate/snapshot/build/shared-h288-r1/07.o	143920	f1ee48f1ae422da456d42487fc4a36b336a47801c906e157f155eb66795fbc87
work/unified-cache-cosim-r1/shared-l2-latest-adoption-r1/candidate/snapshot/build/shared-h288-r1/18.d	2755	cded88ed38cbfdcf1b1d0329d346333c0ee9725381b401f96386280cfbc07c60
work/unified-cache-cosim-r1/shared-l2-latest-adoption-r1/candidate/snapshot/build/shared-h288-r1/14.d	1043	5586b90b4f552e7b524190b475c978b6589798a670bad048e62ef8268f6f657d
work/unified-cache-cosim-r1/shared-l2-latest-adoption-r1/candidate/snapshot/build/shared-h288-r1/16.o	201488	d0da6b1eebf720e5d07538e8f70c2072a6ff3f1110694e01caf232ba4c40993e
work/unified-cache-cosim-r1/shared-l2-latest-adoption-r1/candidate/snapshot/build/shared-h288-r1/05.o	225824	956fdcc5067454fe0dbb9a68cbd9f5c28f9eed2995972e0e64348db01797e1d7
work/unified-cache-cosim-r1/shared-l2-latest-adoption-r1/candidate/snapshot/build/shared-h288-r1/14.o	47840	4a36b2f8c353d9b380e6d97dfb8ebee75c7212b784f5d323cffbe3838b93c123
work/unified-cache-cosim-r1/shared-l2-latest-adoption-r1/candidate/snapshot/build/shared-h288-r1/20.d	2976	00fed2730b74e71a333ae7bf27ff38867f6e8c8760f686555df5ea0c3d77b190
work/unified-cache-cosim-r1/shared-l2-latest-adoption-r1/candidate/snapshot/build/shared-h288-r1/19.o	1221392	19ec2c6a38d166959f5d7c37ba1e0a8059725e527710cfb15e4f0b9b8db2dc99
work/unified-cache-cosim-r1/shared-l2-latest-adoption-r1/candidate/snapshot/build/shared-h288-r1/05.d	7691	461cde4ccdac350304132da0328598fd3acfe4f917c5792eb93d3b5e6bc205d5
work/unified-cache-cosim-r1/shared-l2-latest-adoption-r1/candidate/snapshot/build/shared-h288-r1/10.d	1275	13aff62f8e46ab3b6f73ff0e09e8261ea652840c0b406991dbe6d1f37b5a630b
work/unified-cache-cosim-r1/shared-l2-latest-adoption-r1/candidate/snapshot/build/shared-h288-r1/15.d	1252	0e60c32013c0bb769f798ed37354c2bc6266b19a92db3b81d8dd68fe10529267
work/unified-cache-cosim-r1/shared-l2-latest-adoption-r1/candidate/snapshot/build/shared-h288-r1/08.d	606	2e6c970db43d8d68a4949e7b2f0a0693471069873bc03c5d04cc999488d9d265
work/unified-cache-cosim-r1/shared-l2-latest-adoption-r1/candidate/snapshot/build/shared-h288-r1/17.d	2747	6f8aa049733c1acd31cd913a20e9468a8ef776c78d9d246b957949d46663fbef
work/unified-cache-cosim-r1/shared-l2-latest-adoption-r1/candidate/snapshot/source/native_trace.h	13512	d70f51a166b36c4d8cad78cf45ac3fe68820ebfb53cec35a662cb9d3ee2a4453
work/unified-cache-cosim-r1/shared-l2-latest-adoption-r1/candidate/snapshot/source/replay_backend.h	4099	22cd39fa871c14b56d7e366287f99a5025942c4902b654ff9f193f2b18a1ed3b
work/unified-cache-cosim-r1/shared-l2-latest-adoption-r1/candidate/snapshot/source/hbf_replay_backend.h	19612	56d55fa34495deda5d4cc6b5aaba6280e6d45d1d43041c5061fa021dffcef6d2
work/unified-cache-cosim-r1/shared-l2-latest-adoption-r1/candidate/snapshot/source/stage_replay.h	28739	12db9a0a4a6884bbb6478384d34c57c4230b91c38f613f87074dd1031a9e88aa
work/unified-cache-cosim-r1/shared-l2-latest-adoption-r1/candidate/snapshot/source/native_typed_identity.h	656	9ec7743fe9881bb9a6800cc41b91fc1dbc2af9fa8f3847fdab22dbab7aace55e
work/unified-cache-cosim-r1/shared-l2-latest-adoption-r1/candidate/snapshot/source/replay_phase_report.h	9428	3361cafb9f3d4a171011c14d97e04b24e217ffd6214002c5b027c453fb0fbdef
work/unified-cache-cosim-r1/shared-l2-latest-adoption-r1/candidate/snapshot/source/trace_replay.h	15523	bb457dca97705e558c4b2c8ec69eca1d082f7bb80a5eb2e07a442ff182490042
work/unified-cache-cosim-r1/shared-l2-latest-adoption-r1/candidate/snapshot/source/direct_phase_profile.h	11037	f900695da12c410049214717072a9ae389d66e524a7a6f3c9b50352622a90e1e
work/unified-cache-cosim-r1/shared-l2-latest-adoption-r1/candidate/snapshot/source/cache_profile.h	2357	290c9b6c590b4d131c5cdf58fddab10b64d670f3cbbcc5dff601d0d44517ef60
work/unified-cache-cosim-r1/shared-l2-latest-adoption-r1/candidate/snapshot/source/trace_replay_main.cpp	16961	1b246e665f34749b062645be1c556d3a925b869053e7ba862fcb19549687f132
work/unified-cache-cosim-r1/shared-l2-latest-adoption-r1/candidate/snapshot/source/direct_cache.h	10357	b22540db86331561bfc2f7b0fa3a82098f7625435c26bcb228757a8ea1e08f5d
work/unified-cache-cosim-r1/shared-l2-latest-adoption-r1/candidate/snapshot/source/direct_native.h	14334	3e4f969dc6ffefb8ef7c251e3c29b4d654b7fadc0ddb6a8ad8ab27c8d19df3f6
work/unified-cache-cosim-r1/shared-l2-latest-adoption-r1/candidate/snapshot/source/work/tilegen-packet-runtime-r1/runtime.h	57533	3f963370f3ffae24b276ee007771a4ff7b4a519a6317ddf9db0f206d8e82118a
work/unified-cache-cosim-r1/shared-l2-latest-adoption-r1/candidate/snapshot/source/work/tilegen-tiny-norm-r1/norm_binding.h	10322	e8749999774c6946026c9842b71b93b8e499721470c4950a99b2c2f444806f27
work/unified-cache-cosim-r1/shared-l2-latest-adoption-r1/candidate/snapshot/source/work/gddr6-support/delivery-stage/sources/third_party/gtsim-prepared/third_party/nlohmann/json.hpp	919975	9bea4c8066ef4a1c206b2be5a36302f8926f7fdc6087af5d20b417d0cf103ea6
work/unified-cache-cosim-r1/shared-l2-latest-adoption-r1/candidate/snapshot/source/work/gddr6-support/hbf_coupling/prepared/directed_time.h	3578	19ded7e38869c90539112e86f277899c757e7934d4230a44a50d3262372ea55e
work/unified-cache-cosim-r1/shared-l2-latest-adoption-r1/candidate/snapshot/source/work/hbfsim-latest/upstream/src/app/system_config.cpp	32019	de9c57e37a9e3f5d26e3f278ce1d7096ee9150cd8b20ef4ed60055d61867283f
work/unified-cache-cosim-r1/shared-l2-latest-adoption-r1/candidate/snapshot/source/work/hbfsim-latest/upstream/src/app/system_config.hpp	4376	0b6dd8a106b69626ebc82ff95308b7405f798e029e8113ed97b60493044541ff
work/unified-cache-cosim-r1/shared-l2-latest-adoption-r1/candidate/snapshot/source/work/hbfsim-latest/upstream/src/host/hbf_persistent_image.cpp	28983	a4dcc5582b3df298c025cb015cd546228b10b3066a7a2ef3d8eba0ef5afc8cc8
work/unified-cache-cosim-r1/shared-l2-latest-adoption-r1/candidate/snapshot/source/work/hbfsim-latest/upstream/src/host/hbf_wear_snapshot.cpp	5767	1dbda009daf3032055ae0c31088ceb6f7b5b4b7f0c69bb093077a10d378bc9d4
work/unified-cache-cosim-r1/shared-l2-latest-adoption-r1/candidate/snapshot/source/work/hbfsim-latest/upstream/src/host/hbf_config.hpp	10522	d3b63ff8b39e01aceb1a08b0c36b4c41df0b2802071b16f6fa1404cb75ca47f4
work/unified-cache-cosim-r1/shared-l2-latest-adoption-r1/candidate/snapshot/source/work/hbfsim-latest/upstream/src/host/hbf_zones.cpp	11503	400fd6cc863f00101d5bc6b21e8170a6318b16a60f4b70492efe9c466bfd7119
work/unified-cache-cosim-r1/shared-l2-latest-adoption-r1/candidate/snapshot/source/work/hbfsim-latest/upstream/src/host/hbf_gc.cpp	64196	0f273817f4d74de7b6a883e96ba77c02204c0022066aabf729d4f1b46f3fadf9
work/unified-cache-cosim-r1/shared-l2-latest-adoption-r1/candidate/snapshot/source/work/hbfsim-latest/upstream/src/host/hbf_controller.hpp	90278	8dc09d6266598d16c6f1370dc463d2cae11d37b213aea77ef778ffe6742fdc23
work/unified-cache-cosim-r1/shared-l2-latest-adoption-r1/candidate/snapshot/source/work/hbfsim-latest/upstream/src/host/hbf_controller.cpp	444753	a82e9e7e5eb64ee19fe3f06621e28829ecbb7f57715886141dd17fe2ff775fde
work/unified-cache-cosim-r1/shared-l2-latest-adoption-r1/candidate/snapshot/source/work/hbfsim-latest/upstream/src/host/hbf_persistent_image.hpp	517	b549ea2ef24026964329738f87846e9ce036a48455c9ca0d74c7895de68e4536
work/unified-cache-cosim-r1/shared-l2-latest-adoption-r1/candidate/snapshot/source/work/hbfsim-latest/upstream/src/physical/address_heatmap.cpp	37423	2761e80808fb056e45839d528475dd59a0169bac67beb9c78a5eb3d8fd8d007d
work/unified-cache-cosim-r1/shared-l2-latest-adoption-r1/candidate/snapshot/source/work/hbfsim-latest/upstream/src/physical/base_die_link.hpp	1901	fe6f1117fadcb99f345e937269486d1f91025d262e900b00b4a205436e21475e
work/unified-cache-cosim-r1/shared-l2-latest-adoption-r1/candidate/snapshot/source/work/hbfsim-latest/upstream/src/physical/physical_types.hpp	12537	e91bb6097d86582aa44fbd4561cf4cf22327e8b74bd778e786861abd9ede6337
work/unified-cache-cosim-r1/shared-l2-latest-adoption-r1/candidate/snapshot/source/work/hbfsim-latest/upstream/src/physical/resource_calendar.hpp	5256	96556c2bfd0ed394f7718272047afe501ab8d3557772cd1afe6e64e5e0603449
work/unified-cache-cosim-r1/shared-l2-latest-adoption-r1/candidate/snapshot/source/work/hbfsim-latest/upstream/src/physical/resource_calendar.cpp	16878	822cc3e37b3a4f6b6545c63914e4d0b7ad5c82cbf17b4d264c34d4e8aea3ef91
work/unified-cache-cosim-r1/shared-l2-latest-adoption-r1/candidate/snapshot/source/work/hbfsim-latest/upstream/src/physical/base_die_link.cpp	6347	5f5080bbdd9843e790292ef62b2fa39b4f39a6e4f2fcdc3c0a8dde7e818d0bda
work/unified-cache-cosim-r1/shared-l2-latest-adoption-r1/candidate/snapshot/source/work/hbfsim-latest/upstream/src/physical/gap_calendar.hpp	6171	bad943adc9e4631d94c30fa1b51f25c665579e16094d542104729218ebed9670
work/unified-cache-cosim-r1/shared-l2-latest-adoption-r1/candidate/snapshot/source/work/hbfsim-latest/upstream/src/physical/gap_calendar.cpp	30173	7bf8c2c7defbc878b67cf3066dafca48853d8d6b7864bf32dfd64a1c96811c0a
work/unified-cache-cosim-r1/shared-l2-latest-adoption-r1/candidate/snapshot/source/work/hbfsim-latest/upstream/src/physical/simulation_session.cpp	53244	69b2abc988083a159bf310764b622e2e1cecc115ce7b0cd82079fd442bbac04d
work/unified-cache-cosim-r1/shared-l2-latest-adoption-r1/candidate/snapshot/source/work/hbfsim-latest/upstream/src/physical/simulation_session.hpp	16098	edb47687ba947a4c73097480129e918e7f8cdb4f0fd2f715528fbcf052951a0a
work/unified-cache-cosim-r1/shared-l2-latest-adoption-r1/candidate/snapshot/source/work/hbfsim-latest/upstream/src/physical/address_heatmap.hpp	7528	ed782f559c914a3bb9abe92242d69e8e116d5e66572e5d09b4beaa0f8118417f
work/unified-cache-cosim-r1/shared-l2-latest-adoption-r1/candidate/snapshot/source/work/hbfsim-latest/upstream/src/physical/hbm/hbm_device.cpp	102872	b2d62d09f75a7dfa0b760fce56ea76159c96e747ddfa1775e8190dbc393604d8
work/unified-cache-cosim-r1/shared-l2-latest-adoption-r1/candidate/snapshot/source/work/hbfsim-latest/upstream/src/physical/hbm/hbm_device.hpp	21599	ba20fc2f59e40434b0ec622dffe79acfa77881cd65c9b63629a3b41ea0d817e9
work/unified-cache-cosim-r1/shared-l2-latest-adoption-r1/candidate/snapshot/source/work/hbfsim-latest/upstream/src/physical/hbm/hbm_config.hpp	3547	f7e233096b3efad2cfa2c2dd8f58e0e1bf3a2b783e19469d4256a6fec97e5d5e
work/unified-cache-cosim-r1/shared-l2-latest-adoption-r1/candidate/snapshot/source/work/hbfsim-latest/upstream/src/physical/hbf/hbf_device.hpp	3482	1358813578eb719c405ea4b4da27b794ba17c70a345e7c20a49c0d525544043b
work/unified-cache-cosim-r1/shared-l2-latest-adoption-r1/candidate/snapshot/source/work/hbfsim-latest/upstream/src/physical/hbf/hbf_config.hpp	6058	9241a41f135d49aea00ed50e845ca8c3847c1a8a978aa4b0e8a69af597cf939b
work/unified-cache-cosim-r1/shared-l2-latest-adoption-r1/candidate/snapshot/source/work/hbfsim-latest/upstream/src/physical/hbf/hbf_standard.hpp	896	f9a1b25aed6d4a1601e500d35fb27dc5b172070d773760cf97f8f2aeffecb27b
work/unified-cache-cosim-r1/shared-l2-latest-adoption-r1/candidate/snapshot/source/work/hbfsim-latest/upstream/src/physical/hbf/hbf_device.cpp	9947	7e2ec124c6f86804253536b53a257fc81e13b46ca12be584cc62d362e185cca4
work/unified-cache-cosim-r1/shared-l2-latest-adoption-r1/candidate/snapshot/source/work/hbfsim-latest/upstream/src/physical/external/external_backing_device.cpp	51380	187867e0db28bf830161eb5b4a10b17aacce4b2e7413a656830e1a1b21e7015a
work/unified-cache-cosim-r1/shared-l2-latest-adoption-r1/candidate/snapshot/source/work/hbfsim-latest/upstream/src/physical/external/external_backing_device.hpp	15343	1ec89f1df9005bad19ecd53b3f7713bacd1f2ffe42e947f8a766ec706abb9701
work/unified-cache-cosim-r1/shared-l2-latest-adoption-r1/candidate/snapshot/source/work/hbfsim-latest/upstream/src/physical/external/cxl_ssd.cpp	9720	5fbc0d1a89cd48a2f42d122b68158707e46486708104d9caa610c2a863e817ed
work/unified-cache-cosim-r1/shared-l2-latest-adoption-r1/candidate/snapshot/source/work/hbfsim-latest/upstream/src/physical/external/cxl_ssd.hpp	5452	e250874eb71bdeaa4fab12ddd285bcaa4ea2b7dcb95a21610a7ed5c973af499f
work/unified-cache-cosim-r1/shared-l2-latest-adoption-r1/candidate/snapshot/source/work/tilegen-prefill-compute-phase-r1/segment_plan.h	17868	591a0c0b47d58d86691f0b2fa9c154d98f0d8fed83d608562dcacaa9d956dc37
work/unified-cache-cosim-r1/shared-l2-latest-adoption-r1/candidate/snapshot/source/work/tilegen-prefill-compute-phase-r1/runtime-recurrence-r1/resource_recurrence.h	8069	4016e5bcb7f49969db7314bd4a00247dfc04ec0d917463f65bac79af91127f8d
work/unified-cache-cosim-r1/shared-l2-latest-adoption-r1/candidate/snapshot/source/work/tilegen-full-r1/core-native-copy-r2/src/sm.cpp	7496	c44537914573ff063a219876510b57b74bf80f1e6a43f19fdcb9e9ff66f8c5d1
work/unified-cache-cosim-r1/shared-l2-latest-adoption-r1/candidate/snapshot/source/work/tilegen-full-r1/core-native-copy-r2/src/subpartition.cpp	29651	0bef9d7123d38b4b493cb3c157871d80e8426ee37de3f12aa5d522d9448c9129
work/unified-cache-cosim-r1/shared-l2-latest-adoption-r1/candidate/snapshot/source/work/tilegen-full-r1/core-native-copy-r2/src/gpu.cpp	9362	2191fdc6c6b39a3c4b7a5140af5825a5795e0990eaef7c81b872460233dbba6b
work/unified-cache-cosim-r1/shared-l2-latest-adoption-r1/candidate/snapshot/source/work/tilegen-full-r1/core-native-copy-r2/src/simulator_session.cpp	5929	f1b32bbb305d247996a6141ab65460656f67e72f31b2f4035fa70745698ced8f
work/unified-cache-cosim-r1/shared-l2-latest-adoption-r1/candidate/snapshot/source/work/tilegen-full-r1/core-native-copy-r2/src/simulator.cpp	55280	6356a82e99ba3e445124e09cd7baeac9ea8842f3942d0760ed34576153176256
work/unified-cache-cosim-r1/shared-l2-latest-adoption-r1/candidate/snapshot/source/work/tilegen-full-r1/core-native-copy-r2/src/scheduler.cpp	31075	82a817f5a741f8e1f7176c8ad7b4d929ff34d9bccb95bf4389ed7c4eb4cd83de
work/unified-cache-cosim-r1/shared-l2-latest-adoption-r1/candidate/snapshot/source/work/tilegen-full-r1/core-native-copy-r2/include/tmem.h	7913	269d6d44a860d1a9ce529d9e67503f41a6af4171d1e5f0c741d95c7bcfa970eb
work/unified-cache-cosim-r1/shared-l2-latest-adoption-r1/candidate/snapshot/source/work/tilegen-full-r1/core-native-copy-r2/include/simulator_session.h	2392	963c78fcd5d5a75f361b6014ae80ed4ea860db28893d0f9b9df78cba4ee9dbaf
work/unified-cache-cosim-r1/shared-l2-latest-adoption-r1/candidate/snapshot/source/work/tilegen-full-r1/core-native-copy-r2/include/scheduler_observer.h	6814	edacc13d5f4100a41d4a4e4d971751b279e7171c9cedf1795411cf9283203b7f
work/unified-cache-cosim-r1/shared-l2-latest-adoption-r1/candidate/snapshot/source/work/tilegen-full-r1/core-native-copy-r2/include/requested_l1_sectors.h	1708	91633136c43a422a3de929b68d64efd70bc60ac1a407529b966e820283d0896f
work/unified-cache-cosim-r1/shared-l2-latest-adoption-r1/candidate/snapshot/source/work/tilegen-full-r1/core-native-copy-r2/include/retry_host_memo.h	1924	33418c9addbb05490dc1653d127ca5edfae7d2e78dbbf59135933f45ef25c182
work/unified-cache-cosim-r1/shared-l2-latest-adoption-r1/candidate/snapshot/source/work/tilegen-full-r1/core-native-copy-r2/include/scheduler.h	9679	bbd7dbbd0b4afe38a85e8b5e40c8e9931fd9a8a66e74dd0c576031de2e169f70
work/unified-cache-cosim-r1/shared-l2-latest-adoption-r1/candidate/snapshot/source/work/tilegen-full-r1/core-native-copy-r2/include/p32_request_mask.h	3186	f27a9a65a3e07c00d44f9f0cb85e0ea7fe0b5291de7eca3f697096d0a2d1ad08
work/unified-cache-cosim-r1/shared-l2-latest-adoption-r1/candidate/snapshot/source/work/tilegen-full-r1/core-native-copy-r2/include/model_semantics.h	7706	5c023882e4f9afc5400b87bdc855721da6a90605b749ea5aca9700c86a7d5bb4
work/unified-cache-cosim-r1/shared-l2-latest-adoption-r1/candidate/snapshot/source/work/tilegen-full-r1/core-native-copy-r2/include/p32_observation.h	6898	4bbe1d4a05413bf3b1d126046a4ec9a204c537a6ef7d302e56ecfdc8bc9d265b
work/unified-cache-cosim-r1/shared-l2-latest-adoption-r1/candidate/snapshot/source/work/tilegen-full-r1/core-native-copy-r2/include/cycle.h	567	d097deac2c86a7922aa0f9ec87299d8decb7cd18d9556c7146a3c9a1c9e2ff14
work/unified-cache-cosim-r1/shared-l2-latest-adoption-r1/candidate/snapshot/source/work/tilegen-full-r1/core-native-copy-r2/include/shared_cache_policy.h	3148	6f1c2da1c24de7f25826c6a18b71a355aca8c9ee028ba9739644a4ce2bd4295e
work/unified-cache-cosim-r1/shared-l2-latest-adoption-r1/candidate/snapshot/source/work/tilegen-full-r1/core-native-copy-r2/include/sector_observer.h	3760	b77ea82709a8a18a30df98c1f4f7c0721e0031573b8771fba132fa448f5723cb
work/unified-cache-cosim-r1/shared-l2-latest-adoption-r1/candidate/snapshot/source/work/tilegen-full-r1/core-native-copy-r2/include/retry_prefix.h	2524	080a2292e311242d0d31a1ad2adb9988ef3e7d7ed0e831c4d040f0a760130ecc
work/unified-cache-cosim-r1/shared-l2-latest-adoption-r1/candidate/snapshot/source/work/tilegen-full-r1/core-native-copy-r2/include/dag_node.h	21074	b2c6de256a306851ed3e9e4e65227f40920bc7c2a73f55369fa8e3edef43a937
work/unified-cache-cosim-r1/shared-l2-latest-adoption-r1/candidate/snapshot/source/work/tilegen-full-r1/core-native-copy-r2/include/source_native_summary.h	2091	4cfe93a7b4e413f3e74031efb19dcd99dbc36198db47abf27b4abf7ae2d34ceb
work/unified-cache-cosim-r1/shared-l2-latest-adoption-r1/candidate/snapshot/source/work/tilegen-full-r1/core-native-copy-r2/include/dirty_sector_eval.h	4178	48a6a78f91a6dead97dd51a671888f55898ac4f882849abfc213157a0b9dc4bd
work/unified-cache-cosim-r1/shared-l2-latest-adoption-r1/candidate/snapshot/source/work/tilegen-full-r1/core-native-copy-r2/include/bulk_copy.h	26422	18c592bc52d3a228506565c2723413f61ddcda393d74ab63b031f223becaaab2
work/unified-cache-cosim-r1/shared-l2-latest-adoption-r1/candidate/snapshot/source/work/tilegen-full-r1/core-native-copy-r2/include/gate_joint_observer.h	10266	41c9607d03c03b3c85b2cd34b4c38c6bf6409a662f8658552454040a0c6ac981
work/unified-cache-cosim-r1/shared-l2-latest-adoption-r1/candidate/snapshot/source/work/tilegen-full-r1/core-native-copy-r2/include/host_pipeline_front.h	965	e168311c217b73ea3ae03262e9e5b08abb6ed076eaaaa2a9079d4d4421353a89
work/unified-cache-cosim-r1/shared-l2-latest-adoption-r1/candidate/snapshot/source/work/tilegen-full-r1/core-native-copy-r2/include/ada_address_mapping.h	3756	1dedfe56368be08dd3ba3bdc13690c11c383a8ebb2e25aa60c1d1f4c433d6068
work/unified-cache-cosim-r1/shared-l2-latest-adoption-r1/candidate/snapshot/source/work/tilegen-full-r1/core-native-copy-r2/include/cta_sparse_slots.h	11613	c5b41229b86c27eacea78b5b1adaf9d1c9ad91a2387a35fb1d5eb482e741b773
work/unified-cache-cosim-r1/shared-l2-latest-adoption-r1/candidate/snapshot/source/work/tilegen-full-r1/core-native-copy-r2/include/source_metadata.h	853	a5d7976ba4ea58012da1e6158f6fcb768fb482d93ae771397ab64e36a0c285a9
work/unified-cache-cosim-r1/shared-l2-latest-adoption-r1/candidate/snapshot/source/work/tilegen-full-r1/core-native-copy-r2/include/service_source.h	2624	a4bf750221c0cd588c65e4c9e1bbf0c3ca86803eed07d7480753b51e8a55c525
work/unified-cache-cosim-r1/shared-l2-latest-adoption-r1/candidate/snapshot/source/work/tilegen-full-r1/core-native-copy-r2/include/ef_natural_control.h	1295	9e449bd03c094ec4031749868d5f5879981b15dc648be3a6e7ac657d99ab96f7
work/unified-cache-cosim-r1/shared-l2-latest-adoption-r1/candidate/snapshot/source/work/tilegen-full-r1/core-native-copy-r2/include/memory.h	125314	1933bf4da020ac9a0502d7bea2955c03ff8389bd628f3076ea94e0058ef5d653
work/unified-cache-cosim-r1/shared-l2-latest-adoption-r1/candidate/snapshot/source/work/tilegen-full-r1/core-native-copy-r2/include/host_issue_certificate.h	683	407f356115039dce7fd4eb9f323b4cccdd87bbecb6bae64810192ca67ee0f95d
work/unified-cache-cosim-r1/shared-l2-latest-adoption-r1/candidate/snapshot/source/work/tilegen-full-r1/core-native-copy-r2/include/tma.h	389	2f3d4437b0e308f3d1d1c38b6f561f29ecbede02e99a3e066fb8159169725840
work/unified-cache-cosim-r1/shared-l2-latest-adoption-r1/candidate/snapshot/source/work/tilegen-full-r1/core-native-copy-r2/include/cache_geometry.h	7532	16965780a8e7d8df7f0d61f81a32f751b6fe2abb9a9936ca1b7fdf307be04b18
work/unified-cache-cosim-r1/shared-l2-latest-adoption-r1/candidate/snapshot/source/work/tilegen-full-r1/core-native-copy-r2/include/pipeline.h	3610	387d564fb07a31a897ebd615a03328bffbb452b082c86c42d5e1aae445a0d05f
work/unified-cache-cosim-r1/shared-l2-latest-adoption-r1/candidate/snapshot/source/work/tilegen-full-r1/core-native-copy-r2/include/noc.h	16668	7492b96dc52c2df2aef2c84b9977a0c5382b1dc96d2f3c381917148d44054ad3
work/unified-cache-cosim-r1/shared-l2-latest-adoption-r1/candidate/snapshot/source/work/tilegen-full-r1/core-native-copy-r2/include/writer_observer.h	10583	093ff52c405a42b4b1275e0be93a17d6b5752c14e4f49d676e69774584e1b653
work/unified-cache-cosim-r1/shared-l2-latest-adoption-r1/candidate/snapshot/source/work/tilegen-full-r1/core-native-copy-r2/include/cta_graph_store.h	36331	2744b759949319b27a81b186cbb8ed2b91ec57415f02d5c0a2f445c03a0ec18b
work/unified-cache-cosim-r1/shared-l2-latest-adoption-r1/candidate/snapshot/source/work/tilegen-full-r1/core-native-copy-r2/include/cycle_overlap.h	11950	31ee18bed6e9ec5fcda38a424e903fea9396b756bc4a06c22f3a6dab05b38a15
work/unified-cache-cosim-r1/shared-l2-latest-adoption-r1/candidate/snapshot/source/work/tilegen-full-r1/core-native-copy-r2/include/gpu.h	6869	97429c86043b316c9dfba2eed266f55c5146ca81af41af015b4b7610863d9dcd
work/unified-cache-cosim-r1/shared-l2-latest-adoption-r1/candidate/snapshot/source/work/tilegen-full-r1/core-native-copy-r2/include/ef_insertion.h	3468	e723b728277715e41777914f6e5a062c1d470722c8753a3eb7bd2464b0dc61b5
work/unified-cache-cosim-r1/shared-l2-latest-adoption-r1/candidate/snapshot/source/work/tilegen-full-r1/core-native-copy-r2/include/lazy_ready_queue.h	7360	bf1d3c6ef672e822b373b7e895d1d72f18b8ac95ff1b2e6c4eb2b6e694982424
work/unified-cache-cosim-r1/shared-l2-latest-adoption-r1/candidate/snapshot/source/work/tilegen-full-r1/core-native-copy-r2/include/session_mode.h	170	2db9324c9bee66f22095ac10fee5e67a06eadef1332fc976f9d1309ad4e9a6d9
work/unified-cache-cosim-r1/shared-l2-latest-adoption-r1/candidate/snapshot/source/work/tilegen-full-r1/core-native-copy-r2/include/cta_warp_placement.h	1229	6701357f8b553f85dd5e89a8ce590ca8ccce92f06113d09eaa8299fd44d8944c
work/unified-cache-cosim-r1/shared-l2-latest-adoption-r1/candidate/snapshot/source/work/tilegen-full-r1/core-native-copy-r2/include/rtx4000_ada_profile_readiness.h	10129	0090492b9b818fb6f54775fd7482097400ffa3ca36ca0e29dae93e0c881edb12
work/unified-cache-cosim-r1/shared-l2-latest-adoption-r1/candidate/snapshot/source/work/tilegen-full-r1/core-native-copy-r2/include/ef_hit_throttle.h	1165	a9f9a11ccfa19e6f60ccfcc6c450eb5fd05dacf0f47a1ee1b60c879a330a54ae
work/unified-cache-cosim-r1/shared-l2-latest-adoption-r1/candidate/snapshot/source/work/tilegen-full-r1/core-native-copy-r2/include/subpartition.h	5971	464ccfb69e3827ad1c373777bfc6fb8c18bd020f43ac1cbb7bf041e479dffe83
work/unified-cache-cosim-r1/shared-l2-latest-adoption-r1/candidate/snapshot/source/work/tilegen-full-r1/core-native-copy-r2/include/per_sm_l1.h	27020	c65c7cdd1aad8f5eb54458f263b3d756b9de2d4da6c850837105a2fd156a367f
work/unified-cache-cosim-r1/shared-l2-latest-adoption-r1/candidate/snapshot/source/work/tilegen-full-r1/core-native-copy-r2/include/source_semantics.h	6176	7b2c6bd57ab0cae17804c0b97dee819181659b7249efee94b655fcea8d200bae
work/unified-cache-cosim-r1/shared-l2-latest-adoption-r1/candidate/snapshot/source/work/tilegen-full-r1/core-native-copy-r2/include/simulator.h	37426	046b4772f006c58423055c9aba0ce6e6523f651799ae7e763e7ac7188c88a281
work/unified-cache-cosim-r1/shared-l2-latest-adoption-r1/candidate/snapshot/source/work/tilegen-full-r1/core-native-copy-r2/include/sm.h	6714	62ef1392dee51ff9ce878527454b05c8c64c7d6387a12a6f7ff5f3cf4c48e460
work/unified-cache-cosim-r1/shared-l2-latest-adoption-r1/candidate/snapshot/source/work/tilegen-full-r1/driver-prefill-gemm-next-r1/streaming.cpp	24308	34b268fa2b202c4e68b37474033fe99db6da53b3ac931ed14cecfed719a99fa4
work/unified-cache-cosim-r1/shared-l2-latest-adoption-r1/candidate/snapshot/source/work/tilegen-full-r1/driver-prefill-gemm-next-r1/role_profiles.h	840	677cc879b0b2d8529f8597bc451ec0ae8ebce75e6f14a1890d87b7bf493eeb9e
work/unified-cache-cosim-r1/shared-l2-latest-adoption-r1/candidate/snapshot/source/work/tilegen-full-r1/driver-prefill-gemm-next-r1/statistics.h	1284	7644b93e31cf264ef466848f97d3f92882f3072186a3dd4b19a97b7e77bd9c2e
work/unified-cache-cosim-r1/shared-l2-latest-adoption-r1/candidate/snapshot/source/work/tilegen-full-r1/canonical-silu-driver-r1/model_plan.h	8981	2c320342e02967352acf1062ad6d41514b312a0cd681b495206c6a49002df743
work/unified-cache-cosim-r1/shared-l2-latest-adoption-r1/candidate/snapshot/source/work/tilegen-full-r1/canonical-silu-driver-r1/prepared_memory.h	5518	2b5e71795602bc02aa39504de4032d82a731234a84c6e771f8be16bb57f2bedb
work/unified-cache-cosim-r1/shared-l2-latest-adoption-r1/candidate/snapshot/source/work/tilegen-full-r1/canonical-silu-driver-r1/typed_binding.h	8206	46c5415c5cd37d5550f9206d53eae02db48f81f365905d95a382f7e43f7d6ba1
work/unified-cache-cosim-r1/shared-l2-latest-adoption-r1/candidate/snapshot/source/work/tilegen-full-r1/canonical-silu-driver-r1/sealed_inputs.h	3339	422466c135bdba2e33e2efef48b61e34b53616873e4ee504fb28d3b7f574f786
work/unified-cache-cosim-r1/shared-l2-latest-adoption-r1/candidate/snapshot/source/work/tilegen-full-r1/canonical-silu-driver-r1/modeled_builder.h	3180	8d2968c8f9a0482d0b8a691b05978e7491ee68e3ec5c8023b64da8173793c02c
work/unified-cache-cosim-r1/shared-l2-latest-adoption-r1/candidate/snapshot/source/work/tilegen-full-r1/canonical-gemv-driver-r2/model_plan.h	8058	0385b93c436d637388c76b64e62309a6b1866a504dbfdb523956d0a151e99a11
work/unified-cache-cosim-r1/shared-l2-latest-adoption-r1/candidate/snapshot/source/work/tilegen-full-r1/canonical-gemv-driver-r2/sealed_inputs.h	11835	9f42a5b783463df432acf07137b72d6e5543455b7f7465ec10205ad7bcebdccf
work/unified-cache-cosim-r1/shared-l2-latest-adoption-r1/candidate/snapshot/source/work/tilegen-full-r1/driver-pooled-hash-bulk-r1/sha256.h	3627	71482a5bba470590a9727b85b65faf81bce8a6bd092cbc6741690673aa9fca72
work/unified-cache-cosim-r1/shared-l2-latest-adoption-r1/candidate/snapshot/source/work/tilegen-full-r1/observation-output-compact-r1/compact_cycle_overlap.h	4967	300646c4f07aded8a75960a76739f309e3e1968effe7716f93cb05392e12508e
work/unified-cache-cosim-r1/shared-l2-latest-adoption-r1/candidate/snapshot/source/work/tilegen-full-r1/driver-pooled-fusednorm-r1/silu_qualified.h	1484	90479bd60318a5d333be231f32c73a5f423a830cb34861c4d045240ce49e246f
work/unified-cache-cosim-r1/shared-l2-latest-adoption-r1/candidate/snapshot/source/work/tilegen-full-r1/driver-pooled-fusednorm-r1/sha256.h	5279	48f2bcb813d93c1fa509cc255e4d1cea2c2a5293ebb1c68e6692f581e62d8bf8
work/unified-cache-cosim-r1/shared-l2-latest-adoption-r1/candidate/snapshot/source/work/tilegen-full-r1/driver-pooled-fusednorm-r1/counters.h	1818	66ccc8347bb262c13493e774ce21a95665ee74c3e7c945e07c04f0f757cbe753
work/unified-cache-cosim-r1/shared-l2-latest-adoption-r1/candidate/snapshot/source/work/tilegen-full-r1/driver-pooled-fusednorm-r1/silu_catalog.h	3405	27b7e5856218b005d2cca2434704b912e503452f677aabbf497d011a9c555da1
work/unified-cache-cosim-r1/shared-l2-latest-adoption-r1/candidate/snapshot/source/work/tilegen-full-r1/driver-pooled-fusednorm-r1/a67_catalog.h	4321	dd0bdbeef224d65b2924a195a2bfebfdf2bbd24eee1169b53c6b945923c8dfc1
work/unified-cache-cosim-r1/shared-l2-latest-adoption-r1/candidate/snapshot/source/work/tilegen-full-r1/driver-pooled-fusednorm-r1/silu_admission.h	6310	6477bc58d46e330cd41eedc2d3811d826d9e4e45aad6d728721b128f3d349562
work/unified-cache-cosim-r1/shared-l2-latest-adoption-r1/candidate/snapshot/source/work/tilegen-full-r1/driver-pooled-fusednorm-r1/native_memory_program.h	14081	9fef1c4ca114f83202b3b71eeff11ff4f2a44224bd0f78ea5460b509998cbeb4
work/unified-cache-cosim-r1/shared-l2-latest-adoption-r1/candidate/snapshot/source/work/tilegen-full-r1/driver-pooled-fusednorm-r1/register_program.h	10575	2feb2bfd5b30865a2d1de9e0945be187a4ce166013e41308e12ec03592569b05
work/unified-cache-cosim-r1/shared-l2-latest-adoption-r1/candidate/snapshot/source/work/tilegen-full-r1/driver-pooled-fusednorm-r1/family_admission.h	5915	d496e773f2ee8e6e141c7049a1f2d1ed8d472583ca3df2e1190f6097bcaf9b59
work/unified-cache-cosim-r1/shared-l2-latest-adoption-r1/candidate/snapshot/source/work/tilegen-full-r1/driver-pooled-fusednorm-r1/semantic_hash.h	745	6c5a1aa7bfd6cd2124d3fb48802c56804b331b5933e0634d5341550c4c6ac35f
work/unified-cache-cosim-r1/shared-l2-latest-adoption-r1/candidate/snapshot/source/work/tilegen-full-r1/driver-pooled-fusednorm-r1/streaming.cpp	31061	484c2d959af4fa65edae0496db6df2a0d43183a9b046c0e47c224b03d1475404
work/unified-cache-cosim-r1/shared-l2-latest-adoption-r1/candidate/snapshot/source/work/tilegen-full-r1/driver-pooled-fusednorm-r1/range_plan.h	2712	dcd5e11890c4b135a6fd0976f875c0b940cfb6898d1e72c20eb6bd1e2ef69350
work/unified-cache-cosim-r1/shared-l2-latest-adoption-r1/candidate/snapshot/source/work/tilegen-full-r1/driver-pooled-fusednorm-r1/fused_admission.h	6448	6831c8ac2b120d8464054b9fd71bba41042a7acd6334d24c6d7b56d8cd56833e
work/unified-cache-cosim-r1/shared-l2-latest-adoption-r1/candidate/snapshot/source/work/tilegen-full-r1/driver-pooled-fusednorm-r1/a67_qualified.h	1908	b001efa03d6b39ed552318741cfeaaf16067c368b9a405faaf7e83a5a9e2da43
work/unified-cache-cosim-r1/shared-l2-latest-adoption-r1/candidate/snapshot/source/work/tilegen-full-r1/driver-pooled-fusednorm-r1/linear31_admission.h	5840	5d5271d35caf3aa6d0fe702ca7c3706a6d6dbc1f32008aa232f67b89684d958f
work/unified-cache-cosim-r1/shared-l2-latest-adoption-r1/candidate/snapshot/source/work/tilegen-full-r1/driver-pooled-fusednorm-r1/norm_admission.h	5243	5f00d0b671064b2dc36867b8c5d1a19a106e34e8d0eb888cb64a92d8dd690dd2
work/unified-cache-cosim-r1/shared-l2-latest-adoption-r1/candidate/snapshot/source/work/tilegen-full-r1/driver-pooled-fusednorm-r1/norm_model_sources.h	75792	a2decb7eee381275a46808c6407ef8931003264694595bf15f10b66fce43944b
work/unified-cache-cosim-r1/shared-l2-latest-adoption-r1/candidate/snapshot/source/work/tilegen-full-r1/driver-pooled-fusednorm-r1/l2_event_audit.h	2062	72860c4d4d1575e04168fce8dd226ec5c0167769b12738e91941aff063e18f99
work/unified-cache-cosim-r1/shared-l2-latest-adoption-r1/candidate/snapshot/source/work/tilegen-full-r1/driver-pooled-fusednorm-r1/fused_model_sources.h	143178	a3405bc12986a6ab5ee80883cdd1f2d8d3750e1327f04fa27a341e3bb5218382
work/unified-cache-cosim-r1/shared-l2-latest-adoption-r1/candidate/snapshot/source/work/tilegen-full-r1/driver-pooled-fusednorm-r1/builder.h	6604	06df72e65713545eb413385da77bcc71842ae0c3d03acf4eeee8e9034ad08631
work/unified-cache-cosim-r1/shared-l2-latest-adoption-r1/candidate/snapshot/source/work/tilegen-full-r1/driver-gemm-p28-r2/streaming.cpp	22742	27f97defc3128e37514192916a82e6c8538513e952d32fd80093d3e1791c068d
work/unified-cache-cosim-r1/shared-l2-latest-adoption-r1/candidate/snapshot/source/work/tilegen-full-r1/driver-gemm-p28-r2/statistics.h	1284	7644b93e31cf264ef466848f97d3f92882f3072186a3dd4b19a97b7e77bd9c2e
work/unified-cache-cosim-r1/shared-l2-latest-adoption-r1/candidate/snapshot/source/work/tilegen-full-r1/canonical-full-runtime-r4/legacy_prepared.h	3823	3a6e131280fa3a67b04f003583e4218634b74f9449db6f4c83b844cd96d73c2d
work/unified-cache-cosim-r1/shared-l2-latest-adoption-r1/candidate/snapshot/source/work/tilegen-full-r1/canonical-full-runtime-r4/helper_class_gate.h	6617	833c2aa7aa582445f1c2e945da43eec712dbf0d6cc38078014f82ec63c4c0d9e
work/unified-cache-cosim-r1/shared-l2-latest-adoption-r1/candidate/snapshot/source/work/tilegen-full-r1/canonical-full-runtime-r4/model_dispatch.h	17456	86ec0c1b4d2c6cf50cbd6a4e83acfa6c0be7ebe20e06e3f290acedadf43ac5d4
work/unified-cache-cosim-r1/shared-l2-latest-adoption-r1/candidate/snapshot/source/work/tilegen-full-r1/canonical-full-runtime-r4/attention_support.h	5330	b2a1a1063da9462480c405eea1fc8b5f3e7cd91f08417d69e77022007b89807e
work/unified-cache-cosim-r1/shared-l2-latest-adoption-r1/candidate/snapshot/source/work/tilegen-full-r1/canonical-full-runtime-r4/streaming.cpp	51435	f2093d117825c5dd37b27caccf4cc68459b038b1695bd7309e9962aa8a0239e6
work/unified-cache-cosim-r1/shared-l2-latest-adoption-r1/candidate/snapshot/source/work/tilegen-full-r1/canonical-full-runtime-r4/frame_bridge.h	4269	0f754902660febdad7e2b9c3eb2167782e6f6cc39f5c40741ca7c2d87e633830
work/unified-cache-cosim-r1/shared-l2-latest-adoption-r1/candidate/snapshot/source/work/tilegen-full-r1/canonical-full-runtime-r4/helper_support.h	15290	4db736b32d88f230e3fa432db99cb16562f9614d9b3e10b660d896a3b50e0488
work/unified-cache-cosim-r1/shared-l2-latest-adoption-r1/candidate/snapshot/source/work/tilegen-full-r1/canonical-full-runtime-r4/sealed_inputs.h	399446	29c41aba4320d9d6e795ee957fb5e5e05609b2697fc355811d558e2d83fc95c9
work/unified-cache-cosim-r1/shared-l2-latest-adoption-r1/candidate/snapshot/source/work/tilegen-full-r1/canonical-norm-driver-r1/model_plan.h	8751	b3e3cbdaaabbbd3bc6b52de64862d1ac0478ab9bc7f6b34e3d588d0209c76a9f
work/unified-cache-cosim-r1/shared-l2-latest-adoption-r1/candidate/snapshot/source/work/tilegen-full-r1/canonical-norm-driver-r1/sealed_inputs.h	4256	68b30498d4f52d812a2a95d9583289dde85f1a762cf7ce8372cc5703f05ad460
work/unified-cache-cosim-r1/shared-l2-latest-adoption-r1/candidate/snapshot/source/work/tilegen-full-r1/canonical-norm-driver-r1/modeled_builder.h	3470	d221da9aa3f2d56004e025d49a92dc262851d3ad68a5f26c05c2cbef0a9d394a
work/unified-cache-cosim-r1/shared-l2-latest-adoption-r1/candidate/snapshot/source/work/tilegen-full-r1/runtime-compressed-frame-r1/compressed_frame.h	5657	2e3fbd8c543ec88040f30f5c8b0614d4163d4329d68eefa1affdd19c64063c8b
work/unified-cache-cosim-r1/shared-l2-latest-adoption-r1/candidate/snapshot/source/work/tilegen-full-r1/canonical-indexput-driver-r2/source_adapter.h	6836	c17521d9cd834362bb3c0e91f8a25dea0769a606c21b05f7a1e3a381c2e3ec3c
work/unified-cache-cosim-r1/shared-l2-latest-adoption-r1/candidate/snapshot/source/work/tilegen-full-r1/canonical-indexput-driver-r2/model_plan.h	7067	480c2febb3f5d2739044b9cf9db93cd2f00e2ad7a508e37f6c7f658f61633a45
work/unified-cache-cosim-r1/shared-l2-latest-adoption-r1/candidate/snapshot/source/work/tilegen-full-r1/canonical-indexput-driver-r2/sealed_inputs.h	10472	96b653f3ce1982c76ee553775b9fe7ac8a3e863f4678cc5555210f42c3907248
work/unified-cache-cosim-r1/shared-l2-latest-adoption-r1/candidate/snapshot/source/work/tilegen-full-r1/canonical-indexput-driver-r2/modeled_builder.h	5145	2ed970e392ba957eaa9919a9aa0eb273f8b096728324eb6ce143533629655c91
work/unified-cache-cosim-r1/shared-l2-latest-adoption-r1/candidate/snapshot/source/work/tilegen-full-r1/canonical-gemv-host-r2/prepared_memory.h	3756	73a6261693253eeea9bcbee1dcd8cabcc72d26a9310cf5b9256b6a8272fffcdc
work/unified-cache-cosim-r1/shared-l2-latest-adoption-r1/candidate/snapshot/source/work/tilegen-full-r1/canonical-gemv-host-r2/typed_binding.h	8407	aed5161b81f17686fefc18fc9b5f37a7aeaeac6fa2ff323c0ae1cf0d875adb50
work/unified-cache-cosim-r1/shared-l2-latest-adoption-r1/candidate/snapshot/source/work/tilegen-full-r1/canonical-gemv-host-r2/modeled_builder.h	3465	858f9bb27e05f344572f38aff80ed7908b72cedea700b48a2e664da3a9e9e923
work/unified-cache-cosim-r1/shared-l2-latest-adoption-r1/candidate/snapshot/source/work/tilegen-full-r1/canonical-gemv-host-r2/prepared_address.h	1803	f0c27981159978e6b492c2614649867742a557b683f510d878c8aad651aff1ca
work/unified-cache-cosim-r1/shared-l2-latest-adoption-r1/candidate/snapshot/source/work/tilegen-full-r1/canonical-fusednorm-driver-r1/model_plan.h	8776	9e3ca30e1cf20ad3811c33d17967dbcbfb47392d3e10a773646960504129eb9f
work/unified-cache-cosim-r1/shared-l2-latest-adoption-r1/candidate/snapshot/source/work/tilegen-full-r1/canonical-fusednorm-driver-r1/sealed_inputs.h	5235	20009af6159f671be927c80e36205d34ab9ad06e18742afdce0854c3af0d1288
work/unified-cache-cosim-r1/shared-l2-latest-adoption-r1/candidate/snapshot/source/work/tilegen-full-r1/canonical-fusednorm-driver-r1/modeled_builder.h	3471	00cdeb37c566ea1264b91b42dd482ebe552e2ece96955488a182202302a1057f
work/unified-cache-cosim-r1/shared-l2-latest-adoption-r1/candidate/snapshot/source/work/tilegen-full-r1/canonical-rotary-driver-r1/model_plan.h	7449	ef1940f2a0159ae1a44a618160d0ab125fdaa451dd15317bdae8b5e3419d3ab5
work/unified-cache-cosim-r1/shared-l2-latest-adoption-r1/candidate/snapshot/source/work/tilegen-full-r1/canonical-rotary-driver-r1/sealed_inputs.h	4590	25d6fe3b2f738c538a1cf7888c750301877165e312e27714669598e9bdedd09b
work/unified-cache-cosim-r1/shared-l2-latest-adoption-r1/candidate/snapshot/source/work/tilegen-full-r1/canonical-rotary-driver-r1/modeled_builder.h	3458	0a295d6e02bf896b53f5f0b1f6c458864165689c79c2410e19081c62b9609bc7
work/unified-cache-cosim-r1/shared-l2-latest-adoption-r1/candidate/snapshot/source/work/tilegen-full-r1/canonical-prefillcopy-driver-r1/source_adapter.h	5794	6e8ff0aaf4d78f5d1ca26d88e008bf7e9123ec1640bead2a2079547934ebf5ed
work/unified-cache-cosim-r1/shared-l2-latest-adoption-r1/candidate/snapshot/source/work/tilegen-full-r1/canonical-prefillcopy-driver-r1/model_plan.h	6632	18b48de275b3e4cdb1d96af65bcda567ec653f77f9b47a4c2c133148713571bd
work/unified-cache-cosim-r1/shared-l2-latest-adoption-r1/candidate/snapshot/source/work/tilegen-full-r1/canonical-prefillcopy-driver-r1/sealed_inputs.h	4529	17dce883a3b6534f4db728c47e77a17ef9cc83ea1649fb4d82271dfa0a03b536
work/unified-cache-cosim-r1/shared-l2-latest-adoption-r1/candidate/snapshot/source/work/tilegen-full-r1/canonical-prefillcopy-driver-r1/modeled_builder.h	4917	617a8ecca7ee7070efc46584c36f140a4048ed5c90943b6071e6f6011d554b04
work/unified-cache-cosim-r1/shared-l2-latest-adoption-r1/candidate/snapshot/source/work/tilegen-full-r1/driver-attention-r1/phase_seals.h	13127	905fe49041bfa70df4112d2330f024cb02d96034ae8314331db9732e1866b1b6
work/unified-cache-cosim-r1/shared-l2-latest-adoption-r1/candidate/snapshot/source/work/tilegen-full-r1/driver-attention-r1/model.h	12503	fd4548442cdd5ef9f55f6f054990961ae7e689f97e9f0d612a6ae612dfc4cb1c
work/unified-cache-cosim-r1/shared-l2-latest-adoption-r1/candidate/snapshot/source/work/tilegen-full-r1/canonical-mixed643-driver-r1/p28_support.h	3089	483e31097b7f78ccfdbd82bffe94c2cec672af0bc166776da88d764e8203f208
work/unified-cache-cosim-r1/shared-l2-latest-adoption-r1/candidate/snapshot/source/work/tilegen-full-r1/canonical-mixed643-driver-r1/index_adapter_support.h	2106	dbf13ecd90acfbca659583d5377dfdb6b6926a59b794d1b33f1848ea9f2f1c33
work/unified-cache-cosim-r1/shared-l2-latest-adoption-r1/candidate/snapshot/source/work/tilegen-full-r1/canonical-mixed643-driver-r1/copy_adapter_support.h	2113	72f2797010f246953e7b028abb9d204a8211a868fdd35205a9937762769591ae
work/unified-cache-cosim-r1/shared-l2-latest-adoption-r1/candidate/snapshot/source/work/tilegen-full-r1/canonical-mixed643-driver-r1/mixed_seals.h	2941	9638560e4f24135066a0f4b5de74b55e5af329b6dcf8d878b3d262ab0c96850d
work/unified-cache-cosim-r1/shared-l2-latest-adoption-r1/candidate/snapshot/source/work/tilegen-full-r1/canonical-mixed643-driver-r1/model_dispatch.h	9435	df1d883df3e36f9aa21d946243c267e30aa917c737ebc6e0ae83b56d1d8a5105
work/unified-cache-cosim-r1/shared-l2-latest-adoption-r1/candidate/snapshot/source/work/tilegen-full-r1/canonical-mixed643-driver-r1/rotary_class_support.h	155902	37a538cb2850f96f203c3c6d9d23a24b79095d8ace123cce5836370d4ab29515
work/unified-cache-cosim-r1/shared-l2-latest-adoption-r1/candidate/snapshot/source/work/tilegen-norm-shared-r1/adapter/integration.h	22884	a5fd5bff945110af9d247d790e0ca4d7ab33edb2be675ae3fa03bf6d66c53825
work/unified-cache-cosim-r1/shared-l2-latest-adoption-r1/candidate/snapshot/source/work/tilegen-norm-shared-r1/adapter/backend.h	23562	051de2ad41dd151115df94e466ff483c8ffec59b9b522f84c409ae1d1ef2da3e
work/unified-cache-cosim-r1/shared-l2-latest-adoption-r1/candidate/snapshot/source/work/tilegen-prefill-compute-native-r1/prefill_setup.h	10753	d5db90b38ab00f27b43fcc21a026f1187f9f4b5aeef7b40fdc9c3bcb9fa915db
work/unified-cache-cosim-r1/shared-l2-latest-adoption-r1/candidate/snapshot/source/work/tilegen-prefill-compute-native-r1/pref_support/selector.h	5950	e83f0a48303026afbbea44d24d0c39b96ad736d3b5edb3b41ce8eb64956f801b
work/unified-cache-cosim-r1/shared-l2-latest-adoption-r1/candidate/snapshot/source/work/tilegen-prefill-compute-native-r1/pref_support/engine.h	18612	230ad3fa9cbc5a3aa587ebf68cf41abb0dc5b81cbccd95748e7092ff939bc216
work/unified-cache-cosim-r1/shared-l2-latest-adoption-r1/candidate/snapshot/source/work/tilegen-prefill-compute-native-r1/pref_support/compiled_program.h	5155	c8906e5cc4a65cf3366ccc6366c3712a75f0f43530e5946283e317e1e61e3928
work/unified-cache-cosim-r1/shared-l2-latest-adoption-r1/candidate/snapshot/source/work/tilegen-tiny-rotary-r1/rotary_binding.h	9881	a316f4e594a8c4e305995ea4b96b5712ee3ee6e21f18befd587df8c64ae560d3
work/unified-cache-cosim-r1/shared-l2-latest-adoption-r1/candidate/snapshot/source/work/tilegen-hybrid-cache-r1/progress_summary.h	2072	acb9b7f7f57e4c8eef3a596d7b83875153b3c1c80c77346c1bb97a0aef2b3ce0
work/unified-cache-cosim-r1/shared-l2-latest-adoption-r1/candidate/snapshot/source/work/tilegen-hybrid-cache-r1/prefill_binding.h	21248	ded832585cdd20155f24be39eaf5f3a584c2dc2aecf1f63fa3b54014595ce650
work/unified-cache-cosim-r1/shared-l2-latest-adoption-r1/candidate/snapshot/source/work/tilegen-hybrid-cache-r1/tiny_context.h	21490	60aaf8390d0b99f8742fc2d0325c88c1afa4084e9c182c522b0c4341ab6bf6c1
work/unified-cache-cosim-r1/shared-l2-latest-adoption-r1/candidate/snapshot/source/work/tilegen-hybrid-cache-r1/bindings.h	10262	eaf18045a2e1fc98b57c7189f16d97317b0844653f810c12f3d9bcc542218c6b
work/unified-cache-cosim-r1/shared-l2-latest-adoption-r1/candidate/snapshot/source/work/tilegen-hbf-drain-native-r1/native_backend.h	26188	c38dd92110316b10d701203caf61ec6c7d1fc08334d47ab632365b0256935d27
work/unified-cache-cosim-r1/shared-l2-latest-adoption-r1/candidate/snapshot/source/work/tilegen-tiny-full-r1/reporting.h	4485	d8b6c7613fd4da02cf99b8873574edb7e75edbb664d729388ada46661912ef96
work/unified-cache-cosim-r1/shared-l2-latest-adoption-r1/candidate/snapshot/source/work/tilegen-tiny-full-r1/prefill_seals.h	1980	d1f50413e8d1e6efb77045da946471a1272ab67b2b13b4313ba6a16233a25fe6
work/unified-cache-cosim-r1/shared-l2-latest-adoption-r1/candidate/snapshot/source/work/tilegen-tiny-full-r1/source.h	1878	6f9e19a86707038ce3ae9146f785c670bb121b20227cf3f4c5367c28ef3ffc1b
work/unified-cache-cosim-r1/shared-l2-latest-adoption-r1/candidate/snapshot/source/work/tilegen-tiny-full-r1/import.h	6667	08deb8be5e3b673ac0f6ea141596aa9f84aa6d1fda4139b55bb9895416048301
work/unified-cache-cosim-r1/shared-l2-latest-adoption-r1/candidate/snapshot/source/work/tilegen-tiny-full-r1/prefill_support.h	175	f9aa47f59a9359ab7ed7823b5d377f20b394b4b5f4b8b014e964294d99fd2700
work/unified-cache-cosim-r1/shared-l2-latest-adoption-r1/candidate/snapshot/source/work/tilegen-packet-integration-r1/source_support.h	185	21d7858b1857b371a14c041da04f20d0dd78ebd85283a941fbb769cdd1577f10
work/unified-cache-cosim-r1/shared-l2-latest-adoption-r1/candidate/snapshot/source/work/tilegen-packet-integration-r1/binding.h	7173	94b9b048bf5e461bbde052879162690d4fcc38b9e879d22e806ce4c4bfb29580
work/unified-cache-cosim-r1/shared-l2-latest-adoption-r1/candidate/snapshot/source/work/tilegen-memory-phase-runtime-r1/phase_plan.h	11158	772dc174beb5fa2fa1b285219647b8e401b3f7e3442ba4c4b43dac45aae48058
work/unified-cache-cosim-r1/shared-l2-latest-adoption-r1/candidate/snapshot/source/work/tilegen-tiny-basic-r1/gemv_binding.h	7282	89bf8767d1faad7dcefc372602426afede68d44be4baf4e6869e198708aed6c2
work/unified-cache-cosim-r1/shared-l2-latest-adoption-r1/candidate/snapshot/source/work/tilegen-tiny-basic-r1/silu_binding.h	8761	bf6cb9ea4c26796a136cdf149f8d607d220d84b65608e5cf67db9a7df98e0c72
work/unified-cache-cosim-r1/shared-l2-latest-adoption-r1/candidate/snapshot/source/work/tilegen-hybrid-full-r1/fine_context.h	6464	a1ac94ed36f932d1b34e07bb13b823733cd98e42df68977a22e8aa8de7dad2b4
work/unified-cache-cosim-r1/shared-l2-latest-adoption-r1/candidate/snapshot/source/work/tilegen-hybrid-full-r1/options.h	2090	5d45e185c89a0509fd543e5000ede895c8bd72bbe30e82e0c67a1e4bdaf2db50
work/unified-cache-cosim-r1/shared-l2-latest-adoption-r1/candidate/snapshot/source/work/tilegen-evaluation-r1/driver/backend_reporting.h	8380	9432f90a4ba44dd212d4aaebd9e70f7ebddedbe2733f62f3bb775561d368e092
work/unified-cache-cosim-r1/shared-l2-latest-adoption-r1/candidate/snapshot/source/work/tilegen-memory-epoch-native-r1/ada_source.h	13907	5710aa9d3729a8e39a17019d8887e8eb1fb69d03369d43d8c58a770a46b2d488
work/unified-cache-cosim-r1/shared-l2-latest-adoption-r1/candidate/snapshot/source/work/tilegen-memory-epoch-native-r1/port.h	30379	fb191a41ba0d98f00e6d89a3ea1dc6d7400b0964def58cbdc48ace43f5811d4e
work/gddr6-support/coupled_norm_gddr6/norm.cuh	13430	a4c010e8aa1acbeeb7ea1f09a4ddf53d89facc1a144e99b5242ab8a40d8923c3
work/tilegen-full-r1/native-workflow-r4.json	7808258	b08c2a4204baf960076ca021c6feab6944ba6a02afb090d042be8a7a5f532bf8
work/tilegen-full-r1/compute-prefillcopy-native-candidate-r1/attempt-1/epoch-1-launch-30.json	984257	2ab6a6ca20aa99e27389823226e08daf8c045e3d876e407134ed535a68ec0805
work/tilegen-full-r1/canonical-norm-model-r1/plan.json	51826	f7ab9cfc7eccc258ae6b6678d2716ebd67adf763bf338cbdd68c648d30450781
work/tilegen-full-r1/canonical-norm-model-r1/manifest.json	1908	e9d5d71de705f303658ddc11178074c9ba19f4ea232f0e141bf86bcda44567b1
work/tilegen-full-r1/canonical-norm-model-r1/build_plan.py	4359	d93f5d4fc62d84df9ca4d622b573d3d412433549ede3fab209f5014e5e77d740
work/tilegen-full-r1/canonical-norm-model-r1/Decode1-template.json	11099	e07ea070c51b81eab01da220005acd14c119bd4b376b2c46c6c21ff371795d94
work/tilegen-full-r1/canonical-norm-model-r1/README.md	494	8d8f08a16eaf91e234fdda4910aae141f77914cb1a1bfea6ebb7d252345114bc
work/tilegen-full-r1/canonical-norm-model-r1/validation.json	852	832091f18b8a3e592f47995caa588de58b09edc8e1f67224dc8f7799c1ae7f3b
work/tilegen-full-r1/canonical-norm-model-r1/model.py	2938	e6f7b55d56705f988ec75d2056bcc69703b1f43742d200477c48669631a1b4e0
work/tilegen-full-r1/canonical-norm-model-r1/Prefill-template.json	11101	cca7c32bcbaa3dc0b28e9253b1f5f48b8bf15c0e1cfc2082b2c045d9212817ef
work/tilegen-full-r1/canonical-helper-basic-model-r1/build-receipt.json	964	a8155166497f10240f01609ca1caac438bcfacc841bb35d2e991b6af44700460
work/tilegen-full-r1/canonical-helper-basic-model-r1/epoch-1-launch-1-template.json	27786	be4699dd0ebdb767c6d5bd0b49bd9922eafa01cb80fc17d89a97e890573f9380
work/tilegen-full-r1/canonical-helper-basic-model-r1/plan.json	30962	a2121c923313e6104a92aa13b191a0138a78a422eb9f2dc7e03e6c840e5e0308
work/tilegen-full-r1/canonical-helper-basic-model-r1/epoch-1-launch-2-template.json	18868	33d5054ec56678f459cf4db7c3c5417f438c6eb3f69a106cfae423ae1dc017ab
work/tilegen-full-r1/canonical-helper-basic-model-r1/test_model.py	2797	d74feb829d735382aeeee8ca05051067772481a9a9d57119391a95af59cdbe6d
work/tilegen-full-r1/canonical-helper-basic-model-r1/manifest.json	4681	c14870542c6cb5ab437a42f480780cecb79820a55de69b7993ada808e0e84233
work/tilegen-full-r1/canonical-helper-basic-model-r1/build_plan.py	7215	1e8a3f5ded1cf1e5a950373481b79eb36e5bacbbc83a91e6ec6f9b5ea9ee069a
work/tilegen-full-r1/canonical-helper-basic-model-r1/README.md	2210	f1105cf2aea487e154d4e4712a61f42598b0106fc81fb44f7216a41b36ece43d
work/tilegen-full-r1/canonical-helper-basic-model-r1/validation.json	145	06a2adc99bb16d0fa2d30cae7b2cbd2f157db512df2767233ed42ab75ee3f9f4
work/tilegen-full-r1/canonical-helper-basic-model-r1/model.py	6677	fc06dd2c2f5c781cda7b9ea23f77feccbc0d3601a77ff98a7e2a3fb89dcb3e54
work/tilegen-full-r1/canonical-helper-basic-model-r1/epoch-1-launch-0-template.json	3363	5ed4d2c3206469daec92521535cd5156de2f6c308f4acb8117d7c80f20ed3e49
work/tilegen-full-r1/canonical-helper-basic-model-r1/preparation-attempt-2/failure.json	149	90f3d9c1675422c28db58d94870d99c572f7bd00195153f87365a89f4c315af7
work/tilegen-full-r1/canonical-helper-basic-model-r1/preparation-attempt-2/model.py	6673	4b73887a2f44da190bd08bde82676488ab3186d2848dd8a5ff877b7a44bb759f
work/tilegen-full-r1/canonical-helper-basic-model-r1/preparation-attempt-1/build_plan.py	7215	1e8a3f5ded1cf1e5a950373481b79eb36e5bacbbc83a91e6ec6f9b5ea9ee069a
work/tilegen-full-r1/canonical-helper-basic-model-r1/preparation-attempt-1/failure.json	308	1cf3355c5b809a35d5008493afa5ea96422b395375dc6eb058786d82be034a04
work/tilegen-full-r1/canonical-helper-basic-model-r1/preparation-attempt-1/model.py	6675	e978fdabfb7a8a085d7d637572a3e5c729bac28cd1be118484b0f68813110944
work/tilegen-full-r1/core-native-copy-r2/manifest.json	11772	2f7b74211476674ac687d9a65bdfd10593c7c35806510eca15fa7e7b224b4789
work/tilegen-full-r1/core-native-copy-r2/include/p32_observation.h	6898	4bbe1d4a05413bf3b1d126046a4ec9a204c537a6ef7d302e56ecfdc8bc9d265b
work/tilegen-full-r1/core-native-copy-r2/include/memory.h	91998	01b90d38f6d2f2dd200fa249c54c8fcef96223538a4d23be4030f4bfc9954057
work/tilegen-full-r1/captured-allargs-indexput-prefill-r1/observer/process-1953055-858172715/launch-arguments.jsonl	2372550	8516a87d1d94c527d09ef4eec76843a23cfc392dfef6e3bb848520fb916f4a0d
work/tilegen-full-r1/captured-allargs-indexput-prefill-r1/observer/process-1953055-858172715/launch-journal.jsonl	10439068	8eb9edeb296bb8200462fba165b7d3b66536a19c63c4ebc75d2bdc0d4e2e9fe5
work/tilegen-full-r1/captured-allargs-indexput-prefill-r1/artifacts/module_calls.json	2076405	4dc86fc6ae2079f2f6cbf1e3455893f2effccf4d66f07ca89af790a23165f655
work/tilegen-full-r1/captured-allargs-indexput-prefill-r1/artifacts/Prefill.json	6151	25208cc0a33f50e249d379912c95fe0f6a8dcc14dadbe5955c3d193b24562adc
work/tilegen-full-r1/captured-allargs-indexput-prefill-r1/artifacts/manifest.json	166772	80c0ecb6677da1eb61c64db6c9f877e8bd924e1afb195639c3cccc0d28d2c9c5
work/tilegen-full-r1/captured-allargs-indexput-prefill-r1/artifacts/tensor_roots.json	230092	75424fb2e5ca13411160f0f481736a9320d43489d8ce8d5a1befcddfb3930497
work/tilegen-full-r1/captured-allargs-indexput-prefill-r1/postprocess/programs/epoch-1-launch-33.json	2017338	4aaa60e0f687fff576f3c7feb88f8f808eee7a0a9ef7ca06b58027d94a13ede3
work/tilegen-full-r1/captured-allargs-indexput-prefill-r1/postprocess/programs/epoch-1-launch-32.json	2016434	b024627920fda9c62cefb1e1de712bc936971be551e06c3e6344533e917600f4
work/tilegen-full-r1/driver-prefill-gemm-next-r1/prepare.py	8212	e5cd2c9a90529b90d3786de0260887aa70f5179cbf7145f7f69a459a87c024a9
work/tilegen-full-r1/driver-prefill-gemm-next-r1/manifest.json	21391	e10bc039a797abf2e46964b8b00bc43a3889f88c97efb63ce60161b4d6adec4b
work/tilegen-full-r1/driver-prefill-gemm-next-r1/host-budget-r2.json	7722	2b8b91283da5c35b03fcb87f9ab3d6866202f24496183d024b495b0f16e35b0a
work/tilegen-full-r1/driver-prefill-gemm-next-r1/streaming.cpp	24298	f23887eb33b74d82e2dde4301704103f467ad3a84231ab7699b086b0ff4a73b8
work/tilegen-full-r1/driver-prefill-gemm-next-r1/role_profiles.h	840	677cc879b0b2d8529f8597bc451ec0ae8ebce75e6f14a1890d87b7bf493eeb9e
work/tilegen-full-r1/driver-prefill-gemm-next-r1/summary.json	4856	8050f764cae482b2e0ad3b3ab541d96d747df821ca83a01c3688d071d307aeb6
work/tilegen-full-r1/driver-prefill-gemm-next-r1/budget/o.json	4031	c4ca1b09912a3c86772c61defa0a3e057b6c77e7e854575cfac0f91508edc5ca
work/tilegen-full-r1/driver-prefill-gemm-next-r1/budget/down.json	4052	ca0b63c5107d36adc2d0ce1e95e6e607e4054a6bcff1f409e4c8ea457de454e2
work/tilegen-full-r1/driver-prefill-gemm-next-r1/budget/gate.json	4043	ea463ef7fcc627cdfc7ca48065861808f975e4ea7d40c47de91a5d414a3ee08a
work/tilegen-full-r1/captured-allargs-gemm-p28-r3/observer/process-1995499-859011990/launch-arguments.jsonl	2372422	ec6809757da629cde3c420a5ec66dd4df75ff1dce785f71eecefeabc05419965
work/tilegen-full-r1/captured-allargs-gemm-p28-r3/observer/process-1995499-859011990/launch-journal.jsonl	10438812	7d5cac977dad3922b461995bbced05a28a69f95ba13c52cf44ba58b71cca6921
work/tilegen-full-r1/captured-allargs-gemm-p28-r3/observer/process-1995499-859011990/allocation-journal.jsonl	237351	51254581df3abaf2606ce20b80a366f4edb289ea0690d7ee642066b786f70833
work/tilegen-full-r1/captured-allargs-gemm-p28-r3/artifacts/module_calls.json	2076405	bfb86289617907a4693c86785a1231b0ebef83c45b43b14f10fc2ff19c62bc08
work/tilegen-full-r1/captured-allargs-gemm-p28-r3/artifacts/manifest.json	166772	a18a90ae56848874e9a6ebe5595f28726c6f72e97dd994c1686fe5350b2f7a01
work/tilegen-full-r1/captured-allargs-gemm-p28-r3/artifacts/tensor_roots.json	230092	ea31e90e4805063d56a3905103d8a95a2ba9c2eacb81a05b646fd58a9b7959e4
work/tilegen-full-r1/captured-allargs-gemm-p28-r3/postprocess/witnesses/epoch-1-launch-28.json	3851861	ea44e10e4994bb01c7fc27aa1401b1c709f53da8acd9d2f58467f87d2e13a3f0
work/tilegen-full-r1/captured-allargs-gemm-p28-r3/postprocess/programs/epoch-1-launch-28.json	1793629	be96d0ad132442fd7f236f1a600105554d63b5084d65afe3d9761ae36b97082b
work/tilegen-full-r1/compute-helper-scan-observed-r1/compact.py	7138	085f87a178593d27ed9ef1810294bc6ba0352802d01ddbfc79acd8ffd315ca0f
work/tilegen-full-r1/compute-helper-scan-observed-r1/manifest.json	2952	d4f8ade38fab9b2be13f073c8622913cfd73e23c3a91ac6c76f86ffe5032a509
work/tilegen-full-r1/compute-helper-scan-observed-r1/derive.py	7176	b30c2dd11f04208d4d7d88b7cc060aecb00042fe48039af8e662b495f0e51111
work/tilegen-full-r1/compute-helper-scan-observed-r1/domains.py	6358	06e51da0ac4e87a9eaa827e75909ce5fa7541f2cccdaec1f4a7243f8a6b27310
work/tilegen-full-r1/compute-helper-scan-observed-r1/README.md	1995	08b702692d273b21cfc781867159190fb6fd991c8bb0562ff7a0c3d0ad3e0748
work/tilegen-full-r1/compute-helper-scan-observed-r1/parent-pins.json	2608	31ed0b915b8dea97ffc07b634171a9611b54e567b3b3d00c3b651842579759e7
work/tilegen-full-r1/compute-helper-scan-observed-r1/collector-pins.json	4627	4910100c28ec4dda93bc3baba98d2237185654dc6a9dd2b84116679158f87eab
work/tilegen-full-r1/compute-helper-scan-observed-r1/revision.diff	30004	cf16d490de121ea1f093ac8811cedae97b9eb244fd15120398909d2afebc63a5
work/tilegen-full-r1/compute-helper-scan-observed-r1/source-proof.json	883	e08b79e8e03d7db2c135383f0ac4cb7aa8f1668d5a319827e9e645099af1fb94
work/tilegen-full-r1/cs2r-srz-probe-r1/fetch_gpu_result.py	4445	78ab1e89b8df4961d71408cd1e38c5543b8c321620250ee6ba80a5b3d04cb9d0
work/tilegen-full-r1/cs2r-srz-probe-r1/probe-v2.cu	1130	051fabac1b4b4f027dda10a828ea553656f6dc6d8aab6cde6c53d435093fbc65
work/tilegen-full-r1/cs2r-srz-probe-r1/gpu-contract.json	2151	c2c5f261af03b36074f68e14e7d63b169e40045d3414c15012dc6c723c55fc3c
work/tilegen-full-r1/cs2r-srz-probe-r1/static-audit.json	7978	947e9f81d27494d31d7122ff93c0f3b2cf0e4ea95fee157cf47cdfd3c18ee168
work/tilegen-full-r1/cs2r-srz-probe-r1/audit_sass.py	6668	da4d66cf66b5b2651a56bb8aa2ff145bdbb907f0255bd5106915f89e79720298
work/tilegen-full-r1/cs2r-srz-probe-r1/build-r2/probe.ptx	1289	f87e6b60ea72331b790a898975f94c0618fbd6332891b28e33a6c5221bb5fec7
work/tilegen-full-r1/cs2r-srz-probe-r1/build-r2/receipt.json	4434	a9cbf416e2a0aa0f9bba15a3db6b220663dc31462d9e188fc7ed01ac77788825
work/tilegen-full-r1/cs2r-srz-probe-r1/build-r2/probe.sass	10118	2c5af1a6e25e445db40f125e4c0b2d4f18dfe80f73e849cbfed8c2c6eeb92904
work/tilegen-full-r1/cs2r-srz-probe-r1/gpu-exact-form-r1/stdout.log	70	1441e1c6e0edd4e44622cd10e4cd882a890464fdc716ba9a2b4ebb3196399fa7
work/tilegen-full-r1/cs2r-srz-probe-r1/gpu-exact-form-r1/independent-review.json	4149	e21b3bb43be8eb94b17a91cdafcbc7f24d1b793d07e051ba43798f42520bcd65
work/tilegen-full-r1/cs2r-srz-probe-r1/gpu-exact-form-r1/result.json	2021	40a55f6d4898f7b8efae073036d83548ee62eee27afd12c005e67bc9785a3da1
work/tilegen-full-r1/cs2r-srz-probe-r1/gpu-exact-form-r1/controller.json	2623	1c230f14e34e75e02a862ff4e59aac7e204a4c846c89ef167250a2c8979095ce
work/tilegen-full-r1/cs2r-srz-probe-r1/gpu-exact-form-r1/stderr.log	0	e3b0c44298fc1c149afbf4c8996fb92427ae41e4649b934ca495991b7852b855
work/tilegen-full-r1/audit/native-allargs-norm-r1/review.py	14008	795dc61f07664d746eadebd93d3b06d57b473e6f86cbb395f22682b772e7346b
work/tilegen-full-r1/audit/native-allargs-norm-r1/argument-bindings.json	1479824	f3c55abd1a5c30238cc5d87df613ce7e25b945ec8a09788c512c341efea0cdab
work/tilegen-full-r1/audit/native-allargs-norm-r1/trust-receipt.json	62818	da453d775ee3773ce082485a2cc1a88d5f76bdfcdfbb96bf270700e8f34dcb95
work/tilegen-full-r1/audit/approved-cpu-probes-r1/summarize_r2.py	8209	5e5fcebfc3f15071d2ce888e0f7fcf0954b5cddfd06e0e090b99f5b659b19a09
work/tilegen-full-r1/audit/approved-cpu-probes-r1/launch-slot-analysis.json	29899	3e43525c740caad1b0ce9ad46e2affff181907132a2e3278c3e895e8dfdaba20
work/tilegen-full-r1/audit/approved-cpu-probes-r1/launch-constants-fetched-r2/probe.ptx	2116	dc48df6e67a06ec76a80cd71a56ec3a16ce61062224c60502bc0bf71e78aba19
work/tilegen-full-r1/audit/approved-cpu-probes-r1/launch-constants-fetched-r2/receipt.json	15413	c9a078ef61323a5b93dcd54710dddbfb035d717045adf1fc94b6e4f33707665f
work/tilegen-full-r1/audit/approved-cpu-probes-r1/launch-constants-fetched-r2/probe.sass	20315	8c468c9e68ef421b11f726ed7276f97f061e5a40f960cf44d7e0b301aef03a55
work/tilegen-full-r1/audit/approved-cpu-probes-r1/launch-constants-fetched-r2/probe.cfg	3532	a8cc7bf9addbef6a530297f51ba096877503f2efd4ca0510e9caec4deca5538b
work/tilegen-full-r1/audit/approved-cpu-probes-r1/launch-constants-fetched-r2/probe.liveness	49822	de23f265a978108c3d27e649a0cbeb24a12824ccec705b35342ecce87572d95d
work/tilegen-full-r1/audit/gemm-p28-native-observation-r3/trust-receipt.json	2044	645ebba737322c2b6014f45a25e57cce182a87c9a448da1cf8d5c61f99a29377
work/tilegen-full-r1/audit/gemm-p28-native-observation-r3/review.json	55168	4936b1a6a54fc885b9c64d03ab6bacce80dc29a2bcefa8a563427e8b10d1519e
work/tilegen-full-r1/audit/norm-i2fp-semantic-r1/review.py	9908	2f851a8410efd4350555dfa388a6460fc112c8d477c39d3a4d22604f8aa49afd
work/tilegen-full-r1/audit/norm-i2fp-semantic-r1/review.json	11006	e1047a30c17f80f084c080762eb79cb13daba56947e99b0e23b992ddc7d20d89
work/tilegen-full-r1/audit/rotary-fullgrid-class-r1/manifest.json	1207	bfded151107793e8a0549a3bfaf1100e5c822b0833e410c39b0697cf9e9090fe
work/tilegen-full-r1/audit/rotary-fullgrid-class-r1/review.md	7633	9148ae53fd1d95e89805299fd33fb50f83d46a68ee6ab261afee6309b51c2c87
work/tilegen-full-r1/audit/rotary-fullgrid-class-r1/validate.py	14166	b20cdb289d4c28f71b104ded110c603864462fac197dcdd4658de2a3a507e977
work/tilegen-full-r1/audit/rotary-fullgrid-class-r1/review.json	217053	fa0d8f60bd348ca15259f2840356cbafe02558e947987e80cb1ec0b09ea97ab6
work/tilegen-full-r1/audit/rotary-fullgrid-class-r1/rules.py	4020	3683418599db45bc50ffb33ac74575aec2208df86865c24a3fbd5fdf15e01657
work/tilegen-full-r1/audit/fused-ulop3-cpu-r1/fetched-r1/probe.ptx	2671	5c0acc6a7f49a1fc9c3bcda47f35b13d329a0e4815cca6b539239fb66ff48229
work/tilegen-full-r1/audit/fused-ulop3-cpu-r1/fetched-r1/receipt.json	15244	2c0408d8774bd743c38fb7cee886b413b25cde2ab10b227d413b19a8db78e007
work/tilegen-full-r1/audit/fused-ulop3-cpu-r1/fetched-r1/probe.sass	43113	9d10623cd521d0420391748170802591cba18b8caac8091a044e694a51e40029
work/tilegen-full-r1/audit/fused-ulop3-cpu-r1/fetched-r1/probe.cfg	8783	c6a8c4dc20da92a4dc6753a41ae912fcd2723113bbd40d09449ce999a9276fb1
work/tilegen-full-r1/audit/fused-ulop3-cpu-r1/fetched-r1/probe.liveness	79235	d0b6e916cde6b64b8a3379615d45633bf57896106c45e31dc6843eeabda2c9ee
work/tilegen-full-r1/audit/prefillcopy-scratch-bindings-r1/review.py	6379	b1cf2e3b62f86c48a7ff9519ecce76882012f6da0ffde884614d949f18c82c3f
work/tilegen-full-r1/audit/prefillcopy-scratch-bindings-r1/review.json	134004	6fa94cef1f871a467bb8c28a1e13711e773d8fbda6590243c0d49d83c7bf016a
work/tilegen-full-r1/audit/silu-target-transfer-r1/validate_transfer.py	23826	0b25619d65776f435bd8a26a2790ca7f1d75d60d2cf5c990d35f35d4be0cd0e9
work/tilegen-full-r1/audit/silu-target-transfer-r1/review.json	210588	a06a91ef72d0e184c16e1c585484f10d618686ccb6732199269f2475f6a46f2b
work/tilegen-full-r1/audit/remaining-compute-coverage-r1/coverage.json	295059	af69bce76ca31865f88b83d84163cb3a15e99eb5dd3faa96d6b5892c07312d8b
work/tilegen-full-r1/audit/prefill-gemm-native-observation-r1/actual-og-r1/epoch-1-launch-34-trust.json	2381	3ba356e7fd22798c92c7ce80f618e04b74846f4f0324ffbdd4af332f31322118
work/tilegen-full-r1/audit/prefill-gemm-native-observation-r1/actual-og-r1/epoch-1-launch-34-review.json	48167	6901c59727566687c9c1e700bf864a292239b1fbf432bde5aee6fe205aa8bfd5
work/tilegen-full-r1/audit/prefill-gemm-native-observation-r1/actual-og-r1/epoch-1-launch-36-trust.json	2381	861ef941ac328555ca77b3166ecd9ba650c3be02831ca503daed62efaa3215e7
work/tilegen-full-r1/audit/prefill-gemm-native-observation-r1/actual-og-r1/epoch-1-launch-36-review.json	49322	064a5f41ebfc3018f9fab021cd812665dd28b4cf49afc51c0f4a353cd008e904
work/tilegen-full-r1/audit/prefill-gemm-native-observation-r1/actual-down-r1/epoch-1-launch-38-review.json	49157	ca77ebbc619db1dcc707bc2331e7fbcd8cf7b7eadcd4006707a48fbc14ea9ff7
work/tilegen-full-r1/audit/prefill-gemm-native-observation-r1/actual-down-r1/epoch-1-launch-38-trust.json	2391	b6d08437fcebbd1d35529cb17afad8620811ab58365633129b5ec577dff8b526
work/tilegen-full-r1/audit/prefill-gemm-canonical-bindings-r1/review.py	6612	daf8a17279fa2e4b8e58f5e928d43efb96fcb2452e0787f86332812376043133
work/tilegen-full-r1/audit/prefill-gemm-canonical-bindings-r1/review.json	730966	08e3cf54f53c3d6a28a5e83c9411c0f7bc4332cfb7a7271979ec469ec87a7633
work/tilegen-full-r1/audit/silu-dataflow-r1/audit-before-independent-review.py	7938	77b45e1b768184fb0c2ccf4b7dae7ad65234ba67d681d2e4e6ae4ea1e4f7f45f
work/tilegen-full-r1/audit/silu-dataflow-r1/independent-review.json	31943	2a8dfedf172af925f1cf5b147a4f8d3019d817d9b39858ea959b0adc81772ed4
work/tilegen-full-r1/audit/silu-dataflow-r1/audit.py	9758	44da611f08041fdc07830a3e3dcde0a34e2d25267aad334f82d31867bf88407f
work/tilegen-full-r1/audit/silu-dataflow-r1/review-before-independent-review.json	19058	2f3c744e59f7f881235f8e7bb7c9b6146068d74b7d2f71ceec4bc1b5f9e96199
work/tilegen-full-r1/audit/silu-dataflow-r1/independent_review.py	11131	4d315f18463560abbf94c7b6235b76f9b1dc0b1c7b77339dc2d1cc32aa89d30c
work/tilegen-full-r1/audit/silu-dataflow-r1/review.json	19313	9159fa5f69d3aaa5f93b39f9e7adb42b27c4012dd3d9ed7d08d6330a375360fe
work/tilegen-full-r1/audit/attention96-scope-r1/scope.json	1347303	8b26191c0df69896a469721c86808580d2419d05a1d1622c453b99f563e62d80
work/tilegen-full-r1/audit/norm-driver-contract-r1/review.json	9666	b100bc8fff754226ca4f029394aa7e601a47ff2d8b07b8010f68e882686e5fa6
work/tilegen-full-r1/audit/helper-cast-index-b-index-role-r1/review.json	40934	17bb853b95f65f8d4e7a88f9beeb2fedb8ab81ba93ccf2dff87557cd079657c9
work/tilegen-full-r1/audit/shared-ordering-r1/audit.py	9017	e03d0f5e27645739cfd4e0f64ebd246d7f549a095a60b25c9f1aba04dafd554b
work/tilegen-full-r1/audit/helper-cast-index-b-native-observation-r2/actual-cast-b-r2/observations/batch-review.json	3651	dc00fb6816d3e9cfb33ef751af5e61b7b938ad08382eebe248a4c5632dfe5c1d
work/tilegen-full-r1/audit/helper-cast-index-b-native-observation-r2/actual-cast-b-r2/observations/epoch-3-launch-363-review.json	75218	715d1a61981cad6289dc4807f06108c37e65cf237e7d7c5abb0c5cdb4144940b
work/tilegen-full-r1/audit/helper-cast-index-b-native-observation-r2/actual-cast-b-r2/observations/epoch-3-launch-2-review.json	69896	ce631646173fae41658ef8cf63432beb6c6a5337871d95e681b122b78997ec4f
work/tilegen-full-r1/audit/helper-cast-index-b-native-observation-r2/actual-cast-b-r2/observations/epoch-3-launch-363-trust.json	2597	4e24b7f0430f4b9b220a8c64e05f7d5a4d338e7abf058ae6bbf286022649b8b6
work/tilegen-full-r1/audit/helper-cast-index-b-native-observation-r2/actual-cast-b-r2/observations/epoch-1-launch-406-review.json	73382	33cfee43b2de529bad9cb7859a117217b3ec20c9ed1053884d83ec8bf9299fad
work/tilegen-full-r1/audit/helper-cast-index-b-native-observation-r2/actual-cast-b-r2/observations/epoch-2-launch-363-trust.json	2596	b6fa74ecd9971df41fb68d7391d9063233c8d610c20e488051c9487aaf6c3c78
work/tilegen-full-r1/audit/helper-cast-index-b-native-observation-r2/actual-cast-b-r2/observations/epoch-2-launch-8-review.json	74324	6db5545caebaffafce5bcc569c5e5744a7fc25f25c5296143f542ac490745076
work/tilegen-full-r1/audit/helper-cast-index-b-native-observation-r2/actual-cast-b-r2/observations/epoch-1-launch-14-review.json	75279	d5e4f41f80863da16a81c14fdf56d8207f36197afe495b08c0bde5b927f3cbec
work/tilegen-full-r1/audit/helper-cast-index-b-native-observation-r2/actual-cast-b-r2/observations/epoch-3-launch-8-trust.json	2584	de529c7d8f4da52c1b5737b9010c469b252175ba6ffbd8393340e5fb69a5fb1a
work/tilegen-full-r1/audit/helper-cast-index-b-native-observation-r2/actual-cast-b-r2/observations/epoch-2-launch-8-trust.json	2584	aa0af85539532063df2452610e145a13e174956b14644dbcd7381fe3a0ed9e7e
work/tilegen-full-r1/audit/helper-cast-index-b-native-observation-r2/actual-cast-b-r2/observations/epoch-1-launch-406-trust.json	2596	07c036579294284f18960674c3b96d9b6c75e63fcd3f4e1e99c5c8f4085ffa1b
work/tilegen-full-r1/audit/helper-cast-index-b-native-observation-r2/actual-cast-b-r2/observations/epoch-2-launch-363-review.json	73382	b46047cf1c710e7c901ae69ba3cd0040130ad4656ebec6e73a392da813f8a869
work/tilegen-full-r1/audit/helper-cast-index-b-native-observation-r2/actual-cast-b-r2/observations/epoch-3-launch-8-review.json	74324	f8af1982cfd0137694fdce3fa12575eaeac8c5e70cc6c5ca76a66083eecaa245
work/tilegen-full-r1/audit/helper-cast-index-b-native-observation-r2/actual-cast-b-r2/observations/epoch-1-launch-404-trust.json	2594	dc6d30f8ba5fc2f816641078c8343e1171d8dcf704b92a8ee8546d0e96ebf3f4
work/tilegen-full-r1/audit/helper-cast-index-b-native-observation-r2/actual-cast-b-r2/observations/epoch-1-launch-404-review.json	77206	90e09a8c027889a68e3059676be93c314c7915f7a190c39481b76b89d990a4cd
work/tilegen-full-r1/audit/helper-cast-index-b-native-observation-r2/actual-cast-b-r2/observations/epoch-1-launch-14-trust.json	2590	a774e85ed9d01721cd6214b3a7e0273c1ef76d15d07ae970a0ae63aeb1513c45
work/tilegen-full-r1/audit/helper-cast-index-b-native-observation-r2/actual-cast-b-r2/observations/epoch-2-launch-2-trust.json	2568	14ada7b648960d1207e4902a4e818d10e9a53d701782f5801824f6c7d4b66cd2
work/tilegen-full-r1/audit/helper-cast-index-b-native-observation-r2/actual-cast-b-r2/observations/epoch-2-launch-2-review.json	69896	02eda7bbdaf3e6cb20224c0e501e739d26bab1a56d829dcf0f5f3ff42539f289
work/tilegen-full-r1/audit/helper-cast-index-b-native-observation-r2/actual-cast-b-r2/observations/epoch-3-launch-2-trust.json	2568	166337b3c97361058eeb312b344d7f8a158793fe8f08285bee72f73cfc921ba0
work/tilegen-full-r1/audit/indexput-readiness-r1/historical-memory.json	7214	e8f1c2272a214a83ee0489f4c9fd8532310d50236aaa40946a96cc932f1f68b4
work/tilegen-full-r1/audit/indexput-readiness-r1/review.py	24438	7a84eead39bb75d1a6579dffbbce1f23bdc20333ef2e733ca942834ba80abf71
work/tilegen-full-r1/audit/indexput-readiness-r1/manifest.json	10673	60cca023d7471abd039677c4fb1e200e176510b891555bb12b2edaf1a3ee6eed
work/tilegen-full-r1/audit/indexput-readiness-r1/capture-plan.json	8847	4f0b7a6e7fab798a4696f195d0512a7cf060096357065110c9f3427a1beff06b
work/tilegen-full-r1/audit/indexput-readiness-r1/README.md	6769	8760d6eda0ec64ad7887e1626e44ea9b4cf3bbc8c9404f87e7767e0e41bd7fa4
work/tilegen-full-r1/audit/indexput-readiness-r1/static-inventory.json	53384	866470126c749d5207713197895c4e280c156cbbae643408256fa7a18b985abc
work/tilegen-full-r1/audit/indexput-readiness-r1/review.json	12070	cd28860d094f4d8194f2af3ed0dab2ec1afe490291d9e3b900dd0872889f7deb
work/tilegen-full-r1/audit/indexput-readiness-r1/bindings.json	529240	bf7dfc1d8b9f4570c6a59d6c1c21257a5bb063810abef24a519826ebba6d4e6b
work/tilegen-full-r1/audit/norm-canonical-bindings-r1/review.py	21093	bc940ced504c104936d13eebd6b7563d5e64f1aed440e79bdeb685cf03b7504d
work/tilegen-full-r1/audit/norm-canonical-bindings-r1/bindings.json	79563	6bba8191ce6280e311e30a334822dfaf8957898f806f94b480424f6e9ad115b1
work/tilegen-full-r1/audit/helper-cast-index-native-observation-r1/actual-cast-r1/batch-review.json	3821	c37e1ef495ad752fd964defcf4787b17cce2d43e82ad5c06980df87db9ac22ac
work/tilegen-full-r1/audit/helper-cast-index-native-observation-r1/actual-cast-r1/epoch-1-launch-400-trust.json	2413	ad4644e07a75ab57fe086ec490c215a7035d3cd644ecb20fd2b91070288a44fa
work/tilegen-full-r1/audit/helper-cast-index-native-observation-r1/actual-cast-r1/epoch-2-launch-6-review.json	68134	3f6b0be26b78f23e442341cde05bec6146bb9fcc48de86ffa634ef3c6248e980
work/tilegen-full-r1/audit/helper-cast-index-native-observation-r1/actual-cast-r1/epoch-3-launch-6-trust.json	2403	ea40de7ee8351d70b9ce66cf48cc76feea7a852bcc6c4f1149ffc19449ef1595
work/tilegen-full-r1/audit/helper-cast-index-native-observation-r1/actual-cast-r1/epoch-1-launch-8-review.json	68132	8746f13a70994067f9e5ea1e792b6a46c55de0b9b38edcd4bd9170841b4b3c30
work/tilegen-full-r1/audit/helper-cast-index-native-observation-r1/actual-cast-r1/epoch-3-launch-1-trust.json	2403	cd9b0614adf72ea577d07850d7e97ae5e186e55d96ca3816d845b346f7479830
work/tilegen-full-r1/audit/helper-cast-index-native-observation-r1/actual-cast-r1/epoch-1-launch-3-review.json	68177	81583e4e3fb21c022cc02a070ab5646fb3b85c9c9230e267c282f8e595188b8a
work/tilegen-full-r1/audit/helper-cast-index-native-observation-r1/actual-cast-r1/epoch-1-launch-13-trust.json	2407	8f76882aae5095c8dd53d144615aa5605e369982fc07aa3c7692bfac85860f82
work/tilegen-full-r1/audit/helper-cast-index-native-observation-r1/actual-cast-r1/epoch-2-launch-1-trust.json	2403	1b29b745cd14fe4fbc5beb5fa8d9a9ef72269f1b5f6a34375818dfbc5da556db
work/tilegen-full-r1/audit/helper-cast-index-native-observation-r1/actual-cast-r1/epoch-1-launch-13-review.json	68141	0c0542bfb7a11b420ab7b8c19e762d2a3047a1f8fcb868997920645e70bc48a0
work/tilegen-full-r1/audit/helper-cast-index-native-observation-r1/actual-cast-r1/epoch-1-launch-3-trust.json	2401	0fbb4cd0d64fc8ed3d4c5d50bf0528a00b0bfa75ae984f7cdc0d4202ca8926ac
work/tilegen-full-r1/audit/helper-cast-index-native-observation-r1/actual-cast-r1/epoch-1-launch-5-trust.json	2401	06834db3630770c131cf1da85886fb2ba058215e38ebc002f7e1733192a4ac1c
work/tilegen-full-r1/audit/helper-cast-index-native-observation-r1/actual-cast-r1/epoch-1-launch-10-trust.json	2408	61a964ee73ab4a313df212f39fbd91ee7c1559d11d2aa2303c937e5b4cda3ac7
work/tilegen-full-r1/audit/helper-cast-index-native-observation-r1/actual-cast-r1/epoch-2-launch-1-review.json	68134	5f8bf775137fa569474192a03d497d6c787ccc096230f232db7cdd1c6c7975eb
work/tilegen-full-r1/audit/helper-cast-index-native-observation-r1/actual-cast-r1/epoch-3-launch-6-review.json	69030	d5c5ef90974b79ae973ba2ac9ed2f28489faddfe3075ddb3827717deea210956
work/tilegen-full-r1/audit/helper-cast-index-native-observation-r1/actual-cast-r1/epoch-2-launch-6-trust.json	2403	7c83b1d0a978fb790d89a4d7fe9d90faca071f5b55ce5e9c0b631eacc77a2927
work/tilegen-full-r1/audit/helper-cast-index-native-observation-r1/actual-cast-r1/epoch-1-launch-5-review.json	68177	98078dd7e6f05cca10e759ef3c7ea3f422187bd6907d74e54184c3998b60aed8
work/tilegen-full-r1/audit/helper-cast-index-native-observation-r1/actual-cast-r1/epoch-1-launch-400-review.json	68189	deb4ae6aa10b13ae0d42158368aaa0f7180141ac2e311e8cb7b72ef30efa1bb3
work/tilegen-full-r1/audit/helper-cast-index-native-observation-r1/actual-cast-r1/epoch-1-launch-10-review.json	69345	30c591b2d9b96eeace0d5771541a03eeae0693a16aecdbef46557153d8f1c7db
work/tilegen-full-r1/audit/helper-cast-index-native-observation-r1/actual-cast-r1/epoch-3-launch-1-review.json	68134	8663e7e14db2367687360cccd18567f125faca4a478b6a51772cb0e6634d2d62
work/tilegen-full-r1/audit/helper-cast-index-native-observation-r1/actual-cast-r1/epoch-1-launch-8-trust.json	2401	dad00c5fd3ba5a880b7958649440842c42c0eee5367fe0e109dcd5015463d125
work/tilegen-full-r1/audit/helper-state-index-native-observation-r1/actual-state-r1/batch-review.json	4861	764177f7d96fc2ef28361e7def445dcd3b14cf31bfca035f19ebbcdb90262c1b
work/tilegen-full-r1/audit/helper-state-index-native-observation-r1/actual-state-r1/epoch-3-launch-4-trust.json	2408	a0ea6a2c4fc5cdcb9ad353ccada1e0020a98efbb775fc79abce86b63f97e421f
work/tilegen-full-r1/audit/helper-state-index-native-observation-r1/actual-state-r1/epoch-1-launch-6-review.json	69867	7efa7cec370ea2173281b57c8dbe6b02e499590c8344f53e010829a8699e9256
work/tilegen-full-r1/audit/helper-state-index-native-observation-r1/actual-state-r1/epoch-2-launch-0-trust.json	2409	c4d13a25411f097a2abff62faca54e65755c180155d78a77bd96d54ef7611644
work/tilegen-full-r1/audit/helper-state-index-native-observation-r1/actual-state-r1/epoch-1-launch-11-trust.json	2412	d8c325e0b59183e43e4edac22e7e6c06952aa611e24a0abc8e287c93edb31c03
work/tilegen-full-r1/audit/helper-state-index-native-observation-r1/actual-state-r1/epoch-3-launch-0-review.json	70321	5ce228af441f56d3c4c9a5b6e6cf9de7e43dc6fd68b5e1cb813eae9dbcac5eeb
work/tilegen-full-r1/audit/helper-state-index-native-observation-r1/actual-state-r1/epoch-2-launch-7-trust.json	2409	8994b8821ccb4c898ef8eae9e24e4c6919f8fb2f178d0e6bc21f3f4306a4bd46
work/tilegen-full-r1/audit/helper-state-index-native-observation-r1/actual-state-r1/epoch-2-launch-7-review.json	70763	8a636072e38c636e46140c7708932fa1cda78dac51a988a0dc65fccd53924dbc
work/tilegen-full-r1/audit/helper-state-index-native-observation-r1/actual-state-r1/epoch-1-launch-9-trust.json	2406	cfb5c42ef47062d40d1b81ac2c79bb3d939d36c0eaca4b38e615e529c4adc279
work/tilegen-full-r1/audit/helper-state-index-native-observation-r1/actual-state-r1/epoch-1-launch-401-review.json	69879	6469daf947470c883982efd52552471ed6c08b53dc1b94bba09b514494eae8ea
work/tilegen-full-r1/audit/helper-state-index-native-observation-r1/actual-state-r1/epoch-1-launch-9-review.json	69985	5c6f534d8d503f4150d922771b0927409adf089a11fcc8cd89bda5d83589d8bf
work/tilegen-full-r1/audit/helper-state-index-native-observation-r1/actual-state-r1/epoch-3-launch-0-trust.json	2409	2c5e27bd75512d209cfed6ced78e7027d453d8e7892ae1ef9f9f93e2d9900591
work/tilegen-full-r1/audit/helper-state-index-native-observation-r1/actual-state-r1/epoch-3-launch-4-review.json	69869	c687f8840269524d583ead543d3dac1b9978202a7af1dd6502129387ac12c237
work/tilegen-full-r1/audit/helper-state-index-native-observation-r1/actual-state-r1/epoch-3-launch-3-review.json	68568	6f34d81487ea8aaf06c3e096012a66f50dd0e80208b80091eebf3e5aab712cbc
work/tilegen-full-r1/audit/helper-state-index-native-observation-r1/actual-state-r1/epoch-2-launch-3-trust.json	2408	cf83c2566cf54a0361d89cdbd01018cf6b900257c717d9cb828e080ad0977674
work/tilegen-full-r1/audit/helper-state-index-native-observation-r1/actual-state-r1/epoch-3-launch-7-trust.json	2409	09371d088d4a265394f241a7ec319135be0a9af5c0a1f6bfc107d0fa1abdfb9a
work/tilegen-full-r1/audit/helper-state-index-native-observation-r1/actual-state-r1/epoch-3-launch-7-review.json	71659	ef90cfab532f554eb1bf9d53a36c56774741910be154443a53886623c5a24198
work/tilegen-full-r1/audit/helper-state-index-native-observation-r1/actual-state-r1/epoch-2-launch-0-review.json	70321	ab69d8c059cda97212f4fa26f1bacce05412f6e138035fe4dfddc79f43b49b1d
work/tilegen-full-r1/audit/helper-state-index-native-observation-r1/actual-state-r1/epoch-2-launch-4-review.json	69869	b849d89243efb0e894eee588b76c0f721234c5dcf3950280c942a8fe3d02028d
work/tilegen-full-r1/audit/helper-state-index-native-observation-r1/actual-state-r1/epoch-1-launch-403-review.json	70331	08766bec1084ea3084fd85faa5032ec54a1dfb134b752d2ffd97a93f3b6e7038
work/tilegen-full-r1/audit/helper-state-index-native-observation-r1/actual-state-r1/epoch-1-launch-6-trust.json	2406	2d7a8296f9e681b8b141d009536fd748e3f4c5fe0fff8d3569a2ef060fa58eeb
work/tilegen-full-r1/audit/helper-state-index-native-observation-r1/actual-state-r1/epoch-1-launch-11-review.json	69876	35404fb1fe834cd46851b1372c81d4f8cfced485db6c0534eb7299726ef79a4a
work/tilegen-full-r1/audit/helper-state-index-native-observation-r1/actual-state-r1/epoch-1-launch-403-trust.json	2419	96ad411247707f3f3fb4a082d42d81ec0eb2dba6f0e7acd8b5090a2c82b3a672
work/tilegen-full-r1/audit/helper-state-index-native-observation-r1/actual-state-r1/epoch-2-launch-3-review.json	68568	d3c4731b5bb044eb4cf4c64eb967c2176417e862c34064b2794cf854bf432ed3
work/tilegen-full-r1/audit/helper-state-index-native-observation-r1/actual-state-r1/epoch-3-launch-3-trust.json	2408	43241898d20c19d9a16ba7cf98130006817cd8cdceaf08aa0c6306e4a7981c2a
work/tilegen-full-r1/audit/helper-state-index-native-observation-r1/actual-state-r1/epoch-1-launch-401-trust.json	2418	d13fa9799ae09a8454183aacddf056dd4f6e897350133a4c08da714b4554c4de
work/tilegen-full-r1/audit/helper-state-index-native-observation-r1/actual-state-r1/epoch-2-launch-4-trust.json	2408	8798231eca378a6f31d6f45c4acfb2f4deef41a8423ca090ef24d0308c2ebff6
work/tilegen-full-r1/audit/helper-reduce-argmax-native-observation-r3/actual-reduce-r2/observations/epoch-1-launch-4-trust.json	2439	5cbf4bacf220af2a9f1ea8df3495c3ab75d4d2f38c99e1cf63dc668f93f72cd1
work/tilegen-full-r1/audit/helper-reduce-argmax-native-observation-r3/actual-reduce-r2/observations/batch-review.json	1881	a6de7d5310c58cf3e91a3b73d37956122d79b76bbd44c231057f9e16c382001d
work/tilegen-full-r1/audit/helper-reduce-argmax-native-observation-r3/actual-reduce-r2/observations/epoch-3-launch-364-trust.json	2454	1e410c89ba8850e66225cef8b7c0557f2e0b552bc0f9d3e5c304a7d076c43dc2
work/tilegen-full-r1/audit/helper-reduce-argmax-native-observation-r3/actual-reduce-r2/observations/epoch-1-launch-4-review.json	66433	1fbee50483f5269bd9c2593a5572d6444019764577cf0f4e6b072acf0f7df295
work/tilegen-full-r1/audit/helper-reduce-argmax-native-observation-r3/actual-reduce-r2/observations/epoch-2-launch-364-review.json	74849	15daf76dfef3dd6b808366003f9442a55fbb7a9dd499301cb4bfb4a2309d9240
work/tilegen-full-r1/audit/helper-reduce-argmax-native-observation-r3/actual-reduce-r2/observations/epoch-1-launch-407-review.json	74849	aa410ef62bac23c27419054d84639f768dd4a761da06ead5f770ff2939dc514d
work/tilegen-full-r1/audit/helper-reduce-argmax-native-observation-r3/actual-reduce-r2/observations/epoch-1-launch-407-trust.json	2453	91f83efe93343617c861eaedbe62a60a2bfd9c027de4a6f68d827bef850c2451
work/tilegen-full-r1/audit/helper-reduce-argmax-native-observation-r3/actual-reduce-r2/observations/epoch-3-launch-364-review.json	77149	58b6e35d369365969632997281d0104c502dec9785eede55a1c335e3a9738f5c
work/tilegen-full-r1/audit/helper-reduce-argmax-native-observation-r3/actual-reduce-r2/observations/epoch-2-launch-364-trust.json	2453	9fa94d10651a1580573341aa6979220c9421aff1f6199936086ac4a8b14239f4
work/tilegen-full-r1/audit/helper-basic-native-observation-r3/actual-basic-r1/epoch-1-launch-0-trust.json	2377	20545809bb77344ce94db63e57ca930b0a2e5e071f4e8ca50cdbc420d972e401
work/tilegen-full-r1/audit/helper-basic-native-observation-r3/actual-basic-r1/epoch-1-launch-1-trust.json	2378	e2b418ad9eafbd64712caf54c1dc52c929094a1e11b08de8120319e1ddfe0f6c
work/tilegen-full-r1/audit/helper-basic-native-observation-r3/actual-basic-r1/epoch-1-launch-2-trust.json	2377	55ddeb333873d3b98d74b43b2c8f09dc707d8986d51b15eb236e776b26ff9ca7
work/tilegen-full-r1/audit/helper-cast-index-b-embedding-input-r1/summary.json	23927	5fcd1f1887286c32e4c15045d2e50f3c82d7412ccf17f8d84175de71e7c4c76c
work/tilegen-full-r1/audit/attention96-canonical-bindings-r1/plan.json	1261205	2c8ab6468e5afbe230f373f60f688807fff1c0aa674245acba0b207bd2778aee
work/tilegen-full-r1/audit/norm-control-flow-r1/review.json	145269	10a6cb4ae775a2289508a40386f2a96c2d569f944bd14d1b0e1c887e7c8f6319
work/tilegen-full-r1/audit/helper-scan-native-observation-r2/manifest.json	8530	ea98ffb6045f37d71b2de86c080c87c1283b1b3b782aec82dc43dfdfbde9cfa3
work/tilegen-full-r1/audit/helper-scan-native-observation-r2/actual-scan-r1/observations/batch-review.json	2169	812104d19260567960dd3d656eb25c30200cc2d5bdb3fdccebbcfd8d9e23a12c
work/tilegen-full-r1/audit/helper-scan-native-observation-r2/actual-scan-r1/observations/epoch-1-launch-7-trust.json	2389	27a13c8e35ffa8e4a23eceec20c573baec5743035256bf26bf8d880fdb2d976f
work/tilegen-full-r1/audit/helper-scan-native-observation-r2/actual-scan-r1/observations/epoch-2-launch-5-review.json	63659	a1da0bcd5a601878585528ea3917674573a6cfe4625a512041417104c43033ae
work/tilegen-full-r1/audit/helper-scan-native-observation-r2/actual-scan-r1/observations/epoch-1-launch-12-review.json	63666	fe975d0813120aa33957dff30ced7fbc956ec2679c76a10a1038d813980edd07
work/tilegen-full-r1/audit/helper-scan-native-observation-r2/actual-scan-r1/observations/epoch-1-launch-402-review.json	63669	808139a90beca239dbeb15849f283eb8eb37b5860fa6068202cfbca3764a2a35
work/tilegen-full-r1/audit/helper-scan-native-observation-r2/actual-scan-r1/observations/epoch-1-launch-402-trust.json	2401	90bafbd8c5c3f425b9ee22570bbf36decb0445b4e30ce239ded2ede67b247cf4
work/tilegen-full-r1/audit/helper-scan-native-observation-r2/actual-scan-r1/observations/epoch-3-launch-5-review.json	64559	a0bcbebd9a26fc8c625d3ca8ae3e27fae95260c045d27ad6875b7c8340004d52
work/tilegen-full-r1/audit/helper-scan-native-observation-r2/actual-scan-r1/observations/epoch-1-launch-7-review.json	63657	ed3c7f01270e23b1ed6483a007b1c6e4be469da28aa4b3832293c14dec5b2bb6
work/tilegen-full-r1/audit/helper-scan-native-observation-r2/actual-scan-r1/observations/epoch-1-launch-12-trust.json	2395	24c69f56b0d4103bf33894cb278b37f8a30fe16f13f9637a18540217f8132915
work/tilegen-full-r1/audit/helper-scan-native-observation-r2/actual-scan-r1/observations/epoch-3-launch-5-trust.json	2391	7d2b382b22b14216f39301aff810d894718bc14cdda4660e67cd7a814c109cba
work/tilegen-full-r1/audit/helper-scan-native-observation-r2/actual-scan-r1/observations/epoch-2-launch-5-trust.json	2391	94e3bcb98c0616bc9082d71dcc8bd0e022e3e22dcd5a7dd3bb0d98227cd224fc
work/tilegen-full-r1/captured-allargs-helper-cast-index-r1/observer/process-2043764-859941813/launch-arguments.jsonl	2372422	5902dbd425a41cec3c18f51137af71e4ead6e1a316a24260b95c34797a12d881
work/tilegen-full-r1/captured-allargs-helper-cast-index-r1/observer/process-2043764-859941813/launch-journal.jsonl	10445934	9993ce4b5df329ce14453d86d7252943c494809739ee3eb0b7ff04c50f65567b
work/tilegen-full-r1/captured-allargs-helper-cast-index-r1/observer/process-2043764-859941813/allocation-journal.jsonl	237673	b1de04fb66875d145b5bb3b655945af80924af93c373ab8abdd70365350e91ec
work/tilegen-full-r1/captured-allargs-helper-cast-index-r1/postprocess/witnesses/epoch-3-launch-6.json	798528	c25e503ff1d58e9c895c018645c1e107dd4ef337823009ef9d75790819c51d72
work/tilegen-full-r1/captured-allargs-helper-cast-index-r1/postprocess/witnesses/epoch-1-launch-8.json	798526	a968b619e2f9f16777fce98d569522e0ef3036a7115ebbfc5b9e68e79a3439a9
work/tilegen-full-r1/captured-allargs-helper-cast-index-r1/postprocess/witnesses/epoch-1-launch-10.json	1270534	15c58431f7e80851aa526625cad4cd7da2dd66d45724e78bc79071081795a2fa
work/tilegen-full-r1/captured-allargs-helper-cast-index-r1/postprocess/witnesses/epoch-1-launch-13.json	798533	1f30452d4c963a6e7c80f067dbeecfbda5ba653bfa5bdf41514d6b6508661d91
work/tilegen-full-r1/captured-allargs-helper-cast-index-r1/postprocess/witnesses/epoch-1-launch-400.json	808283	196b8779f3f1b37ec1317c152b13ec75647cbd7d4ab7bac78fdf946a1ca72179
work/tilegen-full-r1/captured-allargs-helper-cast-index-r1/postprocess/witnesses/epoch-1-launch-5.json	808263	e582b3b6385d766826324101ec28c02eb6122d4bad9b7b53f31338052a1ec6b3
work/tilegen-full-r1/captured-allargs-helper-cast-index-r1/postprocess/witnesses/epoch-2-launch-6.json	798528	ab814bacf4cac0a63c2937e48d1014f828344dd3f48a19d698f14a7e0e919a06
work/tilegen-full-r1/captured-allargs-helper-cast-index-r1/postprocess/witnesses/epoch-2-launch-1.json	798527	10819e258fede9a19c1429e8c613e9d342ca650eed140b60a1996cfdb897aa86
work/tilegen-full-r1/captured-allargs-helper-cast-index-r1/postprocess/witnesses/epoch-3-launch-1.json	798527	ad414a245fde94b7d3a19fdcc70d8b8c1a11ad741056ec6e1706ee4056e9cd54
work/tilegen-full-r1/captured-allargs-helper-cast-index-r1/postprocess/witnesses/epoch-1-launch-3.json	808272	a1f8ac11eecef210c6e41c7379fc975e537207c84fb9e9f25d14acb336a6d8ca
work/tilegen-full-r1/captured-allargs-helper-cast-index-r1/postprocess/programs/epoch-3-launch-6.json	8673	4775d7fda774173e76604c79684b629ea581db0bb211f0cd8067b05919b9bd4a
work/tilegen-full-r1/captured-allargs-helper-cast-index-r1/postprocess/programs/epoch-1-launch-8.json	8773	b57e86042f2110f94689ec7718d9cf8c707341d791f4a53c606e8a40911fd4e5
work/tilegen-full-r1/captured-allargs-helper-cast-index-r1/postprocess/programs/epoch-1-launch-10.json	8905	e147b8631086c37cff0058bcfb2dd38e894b493292d40ac440ed1b588cedffe3
work/tilegen-full-r1/captured-allargs-helper-cast-index-r1/postprocess/programs/epoch-1-launch-13.json	8781	0588c052e3d075a742e66501371356550de3af94453cb3ff1794e4e9f7619d0c
work/tilegen-full-r1/captured-allargs-helper-cast-index-r1/postprocess/programs/epoch-1-launch-400.json	9793	7711f856067fcaa8ed011342a29cdd18adcd968eea8c6839128f5eb8022805e3
work/tilegen-full-r1/captured-allargs-helper-cast-index-r1/postprocess/programs/epoch-1-launch-5.json	9103	6137b10a81f69a18cdb88454d44f152def94654bc4087a42a0a77db4d104b833
work/tilegen-full-r1/captured-allargs-helper-cast-index-r1/postprocess/programs/epoch-2-launch-6.json	8673	8530fec897a1dea097a50acb2b1b455563e1dc9128aaebe1db7c5ec0026bfac9
work/tilegen-full-r1/captured-allargs-helper-cast-index-r1/postprocess/programs/epoch-2-launch-1.json	9003	9b0ede0342df790030d26c34815cea56dde830a483981fefd52356ad7d61ba71
work/tilegen-full-r1/captured-allargs-helper-cast-index-r1/postprocess/programs/epoch-3-launch-1.json	9003	7cec2a3bdfe8641fbe1e27c2c86d7c674fdaddd28b6dd38a49490125dac31206
work/tilegen-full-r1/captured-allargs-helper-cast-index-r1/postprocess/programs/epoch-1-launch-3.json	9103	cabc771661d586776601ee3a3a375f91db592390dd204d0c9c9df983dd02ac9b
work/tilegen-full-r1/canonical-workflow-r1/workflow.json	2549618	6a7e13633df9ab09a283c4cb804b7ac71f07a34ae7f6b98e4c26b0b0f877d0c0
work/tilegen-full-r1/canonical-workflow-r1/build_workflow.py	6816	b821f5c27c667539a575edba083c371d902cd620c6aabdc16b8d28f1c339b0f0
work/tilegen-full-r1/canonical-mixed611-driver-r1/manifest.json	13204	de0ac535ed35def2f4b30e7c34fcf14ee9c9731eafb3c00903b2bec0df6afbf5
work/tilegen-full-r1/driver-continuous-silu-r1/register_program.h	9743	74600a18e41be74709e263db7668edaedb87371959bee1873a506f216e5255cc
work/tilegen-full-r1/canonical-full1138-route-r1/manifest.json	2427	ab4258b810993f67b7feb5bc38d20d594a2e22f828b7afbae6aab2d4cfe86c8e
work/tilegen-full-r1/captured-logits-pd1-r1/postprocess/witnesses/epoch-2-launch-362.json	1653636	5af2cda5f1cf1095c023baf498a732b266aad8af1d5c1bbf4312ce25c869f04e
work/tilegen-full-r1/captured-logits-pd1-r1/postprocess/witnesses/epoch-1-launch-405.json	1653624	55802493fefd54c3695bcd362fc5e017ef6f25faac99c26f967f8f33dd5a3428
work/tilegen-full-r1/captured-logits-pd1-r1/postprocess/programs/epoch-2-launch-362.json	1320582	ec4cd44fef754568db7290e7c67568a4f5280ad1483df09aebba70542b9e1ff7
work/tilegen-full-r1/captured-logits-pd1-r1/postprocess/programs/epoch-1-launch-405.json	1521719	92c8fc7077b47a96619ab046566739658df83872cbdf1aa38298aad60ef31f41
work/tilegen-full-r1/canonical-helper-scan-model-r1/build_model.py	6611	890a8bb715f5cab4ef46ea2d60a4489b066f782da5822fbb45c07e0d8eded32d
work/tilegen-full-r1/canonical-helper-scan-model-r1/plan.json	138807	56de344d1031531a9b4ef4d61052f98c6d5bd6976fcc0af20bb5782eaa02cf0c
work/tilegen-full-r1/canonical-helper-scan-model-r1/manifest.json	44454	d065608a93ef07e9caaef075f40c955e28f95e74d14f945db85e2d341dc9dd2a
work/tilegen-full-r1/canonical-helper-scan-model-r1/README.md	2945	3e5d51a780645acd4cf61edfe9ac464077a92e9445c876701ea9de447a1f9b39
work/tilegen-full-r1/canonical-helper-scan-model-r1/model-authority.json	980	edf53c94d0cfe00fe9287f7fa3d3bec8b479d6c32528c39a3cd8f0dd60ef1a79
work/tilegen-full-r1/canonical-helper-scan-model-r1/model.py	9559	832ee2f94d1dcf41c596c8f9aae462b7b6ec88c8e3d485a8d9fc76ac6634746c
work/tilegen-full-r1/canonical-helper-scan-model-r1/final-review.json	1819	1bf03b4e6ea24a0287710eb4578f50a23a83fb916c0ab4b0d75038a0d78bca92
work/tilegen-full-r1/canonical-helper-scan-model-r1/tests/test_model.py	4675	511c841b40ba4d784c88c52b4679540c4fcbc6774bfd645b2edd1945af3fda84
work/tilegen-full-r1/canonical-helper-scan-model-r1/tests/validation.json	2405	074597a5579b4d5906c6ff0f61524edebd43c09809c57bdc7bd0568478e5f0d0
work/tilegen-full-r1/captured-allargs-prefillcopy-r1/consumer.json	21254	8848e6c5a57ca55b133ca2679d31bf615bc7eab9dda5c0834506f7781434bd03
work/tilegen-full-r1/captured-allargs-prefillcopy-r1/source-identity.json	52549	7f42d4b0da94ba9d96aca26a1d83fc127fc527d845c379a5c902e79d5ac85a85
work/tilegen-full-r1/captured-allargs-prefillcopy-r1/controller.json	116776	47e0ac3b3f740fb03cd1060e31e4556f5a7569d844efec7adf7c5f283cc0d3e9
work/tilegen-full-r1/captured-allargs-prefillcopy-r1/producer-exit.json	707	f2bfdb91152b35c4c40059a9da78eb9038688bdd3a69e3b71f3f117fcff36f14
work/tilegen-full-r1/captured-allargs-prefillcopy-r1/observer/process-1978166-858452780/finish.json	6653	e9de4c7512aa8b21f8de03b083ecf421bd5bb69ca965ad84adb3cdc24aec7f64
work/tilegen-full-r1/captured-allargs-prefillcopy-r1/observer/process-1978166-858452780/launch-arguments.jsonl	2372422	4ed21a2b646b36eca3feb4b198f6ff3af4a9677956f3a3662491d6423bdab3d6
work/tilegen-full-r1/captured-allargs-prefillcopy-r1/observer/process-1978166-858452780/launch-journal.jsonl	10438812	72acc5fcba2acc21e6835d068b7977bc9b091891106926f283104d257b89d5ad
work/tilegen-full-r1/captured-allargs-prefillcopy-r1/artifacts/module_calls.json	2076405	cb7aaa90de412f29fdd986eb21643ea684438d9ecb470116d3a8b84116976206
work/tilegen-full-r1/captured-allargs-prefillcopy-r1/artifacts/manifest.json	166772	af4bbf1eb90cee1191315340e92bc0ff3b10193e33648c6aa6a3ca331a703c77
work/tilegen-full-r1/captured-allargs-prefillcopy-r1/artifacts/files.sha256.json	843	99f01b52611a2c8fc6b656e0432b2fe7c5f697303659ad54a1578d5420067e34
work/tilegen-full-r1/captured-allargs-prefillcopy-r1/artifacts/tensor_roots.json	230092	e49422df511482406e6c3ae04b18c6347d04f5659e6becf39e9683852150eac4
work/tilegen-full-r1/captured-allargs-prefillcopy-r1/postprocess/receipt.json	24937	77d093526375b278e202c2a45abb3d0a27db850bbee456d4505fc6dc67e0063b
work/tilegen-full-r1/captured-allargs-prefillcopy-r1/postprocess/witnesses/epoch-1-launch-30-qualification.json	16264	2c6bdd6a068fbb5435d79be5af5acb6fe31de0cfdc161d034f3f17c2e6c2dde6
work/tilegen-full-r1/captured-allargs-prefillcopy-r1/postprocess/witnesses/epoch-1-launch-30.json	563358	11997029b4985d994c30066a82ff19ae80dfc45c8ad934bf2bc1bf4c6dd40e70
work/tilegen-full-r1/captured-allargs-prefillcopy-r1/postprocess/programs/epoch-1-launch-30.json	6329332	cbd994993d42f9322f199eb10fc6badf94356df3f7245c4ebc29ca8c9f89b9ee
work/tilegen-full-r1/compute-linear31-shared-r1/epoch-3-launch-28-registers.json	1245699	66a6bbdaa77d2f7aec85737a9de5614e5e1ea137f253b5b6a0a5e6bf1e56e3bc
work/tilegen-full-r1/compute-linear31-shared-r1/program_model.py	17515	9d7f1ee9fffc253821cc24d2f181e27d8f2fb7cd1b38d95c0b79165acd32393a
work/tilegen-full-r1/compute-linear31-shared-r1/epoch-3-launch-30-registers.json	3972695	015915923effbea5827f645e3e9b1a98c4e4c204f6e5823ba09f2a916a4c1c60
work/tilegen-full-r1/compute-linear31-shared-r1/epoch-3-launch-362-registers.json	2326428	010db3aa815abb710ef0f00d99e3f26c41812fad1dcd11d44a7053319eea54e4
work/tilegen-full-r1/compute-linear31-shared-r1/descriptor_contract.py	1051	0491b09ac533d365e3277c794b283a296102bbf3703eade28170ea0016ea2e7c
work/tilegen-full-r1/compute-linear31-shared-r1/epoch-2-launch-362-registers.json	2326442	bc8e6db74342fc6f64538d846565042daf0a3ab744db77e8e3440e21e2509347
work/tilegen-full-r1/compute-linear31-shared-r1/shared_order.py	2874	a6cfb499a8e09147595676f0b9351145029978d48d21f8b855a18d860d97b877
work/tilegen-full-r1/compute-linear31-shared-r1/descriptors.json	9508	3d39635ebabe0d760912525b607e1556474cecdb6876407e0198bb2b4da3af8b
work/tilegen-full-r1/compute-linear31-shared-r1/validate_shared_order.py	3443	a6379fb8f836057ce29f9dad8c50a0a1f86077655251a52cb42f73ee35b8d18c
work/tilegen-full-r1/compute-linear31-shared-r1/validate_program_dag.py	9053	446ffa26a7a481466f9c2dbd8c7e4ddc78daa8809886cb39306bd4894e8cc444
work/tilegen-full-r1/compute-linear31-shared-r1/validate_formula.py	5354	c0af8ae13023e71aa920cd60c94cf4c5459a7a889bca4f7302d19c65c393c02b
work/tilegen-full-r1/compute-linear31-shared-r1/epoch-1-launch-405-registers.json	2326430	2ac32de3545a0ceef086bee674bdcae4c2122856fd79775021439a85f7fcb435
work/tilegen-full-r1/compute-linear31-shared-r1/epoch-2-launch-28-registers.json	1245699	2c8cf714824139c5b5892d810c96e8a194b864d40e0e688f32f50e7e19da2066
work/tilegen-full-r1/compute-linear31-shared-r1/epoch-2-launch-30-registers.json	3972695	c994971a9d8f3992043abce15ed6c07b1dc0aa936d6a9622e7638bd3855335f9
work/tilegen-full-r1/compute-helper-scan-r1/abi_contract.py	2796	58402695144c1918cdb5dfc557fd17d1513aa80713d4fbfe9801583777c2c803
work/tilegen-full-r1/compute-helper-scan-r1/operand_rules.py	3464	ef393f46a6646c30a3885d7a2262cdf04ba6090b958bbef611d0f373fb7bcd2a
work/tilegen-full-r1/compute-helper-scan-r1/manifest.json	39708	d5c2229f4f7a6350d9c14b033d6715894749e8ee1b29fcdaafe9d6c89c1aae3a
work/tilegen-full-r1/compute-helper-scan-r1/lowerer.py	6652	90cc6fb482b7bb44ee9e3c43a9ff58b7d3fcb43125e62e2a04e511489dc776cc
work/tilegen-full-r1/compute-helper-scan-r1/README.md	2809	eb1ac29e66190a528f090eb19e7676f5cfac5195fed70a36a57fb48bfdd9fb70
work/tilegen-full-r1/compute-helper-scan-r1/run_actual.py	3295	e9c98d667e442393ae4e2bbd20f4b73de0662a9862251f4372f0573ca2c18dbe
work/tilegen-full-r1/compute-helper-scan-r1/reuse.py	3670	ea6e5bd864f39b60bcc58d3ffc97a9e9424f26a3247d8fc17b9b77e696056ca0
work/tilegen-full-r1/compute-helper-scan-r1/tests/test_actual.py	3006	7f3dde71a0dbd651fd0d8cddcd230f4aaa04bb0831bb46ea082a9265e9a83d3e
work/tilegen-full-r1/compute-helper-scan-r1/tests/validation.json	24679	3cd735dc66c86c10584e44047ad8c2470ae4380fa9678e37fd9ec8486fbecd28
work/tilegen-full-r1/compute-helper-scan-r1/actual-r1/epoch-1-launch-12.json	7789	d01aff337aed720dbb7a1065e515f684edef6e078fceee995bef310ec2fca645
work/tilegen-full-r1/compute-helper-scan-r1/actual-r1/epoch-1-launch-402.json	7793	6fdc5005b7db467bb623e50a1b83d6edd4abb282d7a6bae996faee0213260795
work/tilegen-full-r1/compute-helper-scan-r1/actual-r1/epoch-3-launch-5.json	7785	3c33105e9658dc263527de94075f4bf4cd23b1e41254c4a467e85e6f5cad80c8
work/tilegen-full-r1/compute-helper-scan-r1/actual-r1/epoch-1-launch-7.json	7785	d430f7701f011c1a3e9f8d102cb33e3dcd144566307880053bf334129cd36400
work/tilegen-full-r1/compute-helper-scan-r1/actual-r1/review.json	2177	ec7712bbaf307e21e9fa864db2e0516ed06455eafba982f8644e52bee0c647f2
work/tilegen-full-r1/compute-helper-scan-r1/actual-r1/epoch-2-launch-5.json	7785	60f433bef922b98e09e64f5718bdf8893072e322d5881d79d5df1b4da888adb2
work/tilegen-full-r1/compute-attention96-observed-r2/static_contract.py	5357	585f463d6e02d8de45bc63c036d7558217b9d0f14e6de7fcd106b702a49b7b4c
work/tilegen-full-r1/compute-attention96-observed-r2/group_ledger.py	4609	12fedba7d74d0f931f62d7459dab90af542a0a4becc7671de9fe6f6145699ade
work/tilegen-full-r1/compute-attention96-observed-r2/operand_rules.py	8689	a1674913b057bd08fa893293585d750ad91183418183636f4123cc14fa8543d6
work/tilegen-full-r1/compute-attention96-observed-r2/dynamic_lowering.py	5237	16f41b39d6fee049eaba4cb83c8ac1508d9b66fe533714ecbcb4e34d2d6778e8
work/tilegen-full-r1/compute-attention96-observed-r2/compact.py	6828	b47a50b782fe9944a7b5b551127b92e7010672c100856184890a9681597b86d2
work/tilegen-full-r1/compute-attention96-observed-r2/observe.py	5984	950ed4ff0a6b7ad1e29f10a383d9c98113259161697a00efa6743bdda83c4b11
work/tilegen-full-r1/compute-attention96-observed-r2/domains.py	4682	3e3f540063a4338f517e9d00edfc172836a6d36ee37106b94de594c9f3601d74
work/tilegen-full-r1/compute-attention96-observed-r2/README.md	2487	15a0a2f0a44794aada2a034d51666fdd5d02c40a1222a2deb532a24373051d40
work/tilegen-full-r1/compute-attention96-observed-r2/contracts.py	4249	6f744502ce664f37315cbfaebe9625cbffe2c1e2f9842f454850505ee9cfbce2
work/tilegen-full-r1/compute-attention96-observed-r2/tail_shared.py	2042	b122a8e471a2e15659c3ca5fc18fc56844b90ddada7445f7244ca83a911a7a76
work/tilegen-full-r1/compute-attention96-observed-r2/run_actual_lowering.py	2886	3de40171efc0d6b8c0f80b28f448ef52bcf3126450aeb2ba98f30ef4f09ac5b8
work/tilegen-full-r1/compute-attention96-observed-r2/fragments.py	2396	00b108277cd05834d8b90a45c79479cc39a6d4e7b92d052836654ce09f631a43
work/tilegen-full-r1/compute-attention96-observed-r2/async_contract.py	11617	ac907b78aadbe8a563c7fdc27f156466424a113a0d6af236627e1d1520ecb9e2
work/tilegen-full-r1/compute-attention96-observed-r2/collector-pins.json	2826	10038ecdccc28c5a52631c201f0dba847c91d8d2500f87803fbbbe97044215b0
work/tilegen-full-r1/compute-attention96-observed-r2/build_model_authority.py	2890	eae9355c937ae1b32640491ef81a40a9f113a508ae75cdfcff4f1e0e38c72858
work/tilegen-full-r1/compute-attention96-observed-r2/revision.diff	9590	f29acf2e6f298dc331154206c02704d5a8168ad85afeb08a29e994211130f8be
work/tilegen-full-r1/compute-attention96-observed-r2/control_flow.py	2419	23aae149c62dd2e7cc31558b7a2a71b7bfe6c4fadc0abfa6f434fc678351ce72
work/tilegen-full-r1/compute-attention96-observed-r2/source-proof.json	1164	1428e34b94bbf4fe2b01d42dd599c1b0e9c5a016f032f811d59d0dfe00a7bb4f
work/tilegen-full-r1/compute-attention96-observed-r2/preparation-manifest.json	10469	41d45b10a9760d71d83ef55b793c706571da584a2b73e3be8fdd6359aac06936
work/tilegen-full-r1/compute-attention96-observed-r2/native_lowerer.py	9951	1105e97ea1f5fa97f6f923f68d73eb274f0da2b0a269ef0a60a1e9cd73258ce6
work/tilegen-full-r1/compute-attention96-observed-r2/observation_ir.py	7387	3d76e52766cfecfc1ca43d7f004ad5342e46f0a6beb26b9bc3aa6e746898a776
work/tilegen-full-r1/compute-attention96-observed-r2/register_ssa.py	2368	3311c82850de9800187f07063d21e1f635bf188e952c1f084b14cd9456aabc4b
work/tilegen-full-r1/compute-attention96-observed-r2/tests/test_tail.py	2152	c4b65259f1bb7a64b56250c8882dc13b0d0d9be77c90f5c7eac82ef7ca2fbc4c
work/tilegen-full-r1/compute-attention96-observed-r2/tests/tail-validation.json	208	eefe29afa546f812eec676d6d939b6e5943119f261ac195ffa852355e66b78c9
work/tilegen-full-r1/compute-attention96-observed-r2/evidence/actual_tail.py	3158	1ec0548be3078cec2ad953863dd95978c30ced904e6b829baa7b18ded3a00ade
work/tilegen-full-r1/compute-attention96-observed-r2/evidence/actual-tail.json	21446	07a86dc0196b1b3c89f3656606b80498c8d0b55cba43d439e561028628505861
work/tilegen-full-r1/captured-allargs-gemm-og-r2/observer/process-2005475-859421149/launch-arguments.jsonl	2372550	4e3ada43a6ebdbed3bcd6918cc8635750d4e60b571196ddbe5b69e6aca839f15
work/tilegen-full-r1/captured-allargs-gemm-og-r2/observer/process-2005475-859421149/launch-journal.jsonl	10446190	a570df181b99772eefb51c393479fef175c5b273edb89ddc00ddd8c7b646cf8a
work/tilegen-full-r1/captured-allargs-gemm-og-r2/observer/process-2005475-859421149/allocation-journal.jsonl	237673	da31d04c4d7036d03efbc8efab9767fc947b6b1ff80c1c49301aa7762f111661
work/tilegen-full-r1/captured-allargs-gemm-og-r2/artifacts/module_calls.json	2076405	d06c1e7d2fb500085e740b2bf0a6b764876557b9e2c99bb6418772bcc2f6054c
work/tilegen-full-r1/captured-allargs-gemm-og-r2/artifacts/manifest.json	166772	4aa14761722bbb5bfe198be7794975f2c35d68875cb41c8ba6abf075ff9857d8
work/tilegen-full-r1/captured-allargs-gemm-og-r2/artifacts/tensor_roots.json	230952	d08fe7a0146e34f9b88a46a3dd05af4dac6e5d208bf6592e5990e29f87daa74a
work/tilegen-full-r1/captured-allargs-gemm-og-r2/postprocess/witnesses/epoch-1-launch-34.json	1729862	0e86f7a6a2d93595537f9c91afeff998d3dfc20f4949bfde72fe2d030b4e33c6
work/tilegen-full-r1/captured-allargs-gemm-og-r2/postprocess/witnesses/epoch-1-launch-36.json	1369246	245d836728fcbef22f0f5b968a9c8f616fce448b187034d07cc6ab98ce8fcb60
work/tilegen-full-r1/captured-allargs-gemm-og-r2/postprocess/programs/epoch-1-launch-34.json	1789940	a6f3f5c01c7869c26bcd4ca350c529b0e6d82bcf4e65a7546b93a16580b10bf2
work/tilegen-full-r1/captured-allargs-gemm-og-r2/postprocess/programs/epoch-1-launch-36.json	1790308	14d215796794c260ed9280b959b35370e72b8b827eac789fb97db601225e5fe5
work/tilegen-full-r1/captured-logits-d2-r1/postprocess/witnesses/epoch-3-launch-362.json	1653623	8e985992765df1fb4ca28ec22a89baddc500657c90bb75c2d3729ba5efded5b6
work/tilegen-full-r1/captured-logits-d2-r1/postprocess/programs/epoch-3-launch-362.json	1320571	ef870fe2f684115cffeafd5afb86a62fcd51f476554635dfe0187b5992bfc403
work/tilegen-full-r1/captured-silu-prefill-r1/consumer.json	2929	1428db5f8430525d697a761c9e1b4b47583eb809b6d949e8c6ed68a96a375d1f
work/tilegen-full-r1/captured-silu-prefill-r1/source-identity.json	46433	343f3f0c87823e9c7b81104c4e544e0b82676705babecce47b2ef7a359f8c5a0
work/tilegen-full-r1/captured-silu-prefill-r1/producer-exit.json	693	e8899ad6c36b6357f30c186aad32ebe5787bab511a09b0d1a45ca6045692fa91
work/tilegen-full-r1/captured-silu-prefill-r1/observer/process-1841590-855021003/finish.json	6536	c6ce670e03a9385b010ce273203f68d32e22c39af87330de706216e74915fde5
work/tilegen-full-r1/captured-silu-prefill-r1/postprocess/witnesses/epoch-1-launch-37.json	2610356	1e6170cc16cb6e99db54dbd8c3b75ba47ebeb567975e5acf7f2a2bb064854a69
work/tilegen-full-r1/captured-silu-prefill-r1/postprocess/witnesses/epoch-1-launch-37-qualification.json	13422	d5c966ec27f21a58d356440358d738598e6e586a3eb99f83cd33d26556a29267
work/tilegen-full-r1/captured-silu-prefill-r1/postprocess/programs/epoch-1-launch-37.json	549927	8d71b0bc7fb1b15b00a278d2ae8f8693bc19086d425c0168fe9d06ce69da4c8c
work/tilegen-full-r1/canonical-silu-driver-r1/manifest.json	7001	694e23a03c0c6d31e5234acb6c23ac80d5e3f1567a9b5e7dc9e6912fe72f8996
work/tilegen-full-r1/canonical-silu-driver-r1/sealed-inputs.json	3996	896309de5ca411331223082d73a239e34df066ddd5f11565bf257c88a83b33ce
work/tilegen-full-r1/captured-native-r4/observer/process-1808281-854151673/static-instructions.jsonl	81174474	373cc7498a87eac467b85029897bee5e7e9b837dc1c4a18e9b194f9bb9c0cf40
work/tilegen-full-r1/captured-native-r4/observer/process-1808281-854151673/functions.jsonl	306341	ecd4bfa7faecc5f2a8d01d0254df81c0dc36dd64e0b6d6e65f12776b47da73ff
work/tilegen-full-r1/captured-native-r4/artifacts/module_calls.json	2076405	3b76e75b10f360796887270b7d340595f9a442af537cc4bb0a86efc3a4724323
work/tilegen-full-r1/captured-native-r4/artifacts/Prefill.json	6152	b918725ffbf7c5de67439e9f079d95714c685b956330f55103ea067eec862c92
work/tilegen-full-r1/captured-native-r4/artifacts/manifest.json	166772	bbf90ad82053747ba14a8454bf66b34ec64021894967991de7a575eacd8e39b2
work/tilegen-full-r1/captured-native-r4/artifacts/Decode1.json	3531	25a6dd1bf728a39a37fa99f1569ca168c2dc5a085c0121d54b7fe6b5777099ec
work/tilegen-full-r1/captured-native-r4/artifacts/Decode2.json	3539	99225e2e1b5a8045f70e1026d38b297495e430872b69f3bc5fcc52f2f00307cf
work/tilegen-full-r1/captured-native-r4/postprocess/programs/epoch-2-launch-362.json	1320434	f891337a1bc776f2015cb77ad9ca18936ebd40a29eef235bbf57a9056947a181
work/tilegen-full-r1/captured-native-r4/postprocess/programs/epoch-1-launch-33.json	2016866	1a2a822341edf5abda09707b727db5483c5ed2be06160ddd8f66c1135a1096df
work/tilegen-full-r1/captured-native-r4/postprocess/programs/epoch-1-launch-15.json	75969	7dc1010deed463ed825bec6666b5823df94dfb60ca7b7795a35a8561076d6477
work/tilegen-full-r1/captured-native-r4/postprocess/programs/epoch-3-launch-20.json	61181	8fa003269bb1a66a6a979b0e2aa8058dc0cec19ab80f9f7c9f01ae141fa9ba59
work/tilegen-full-r1/captured-native-r4/postprocess/programs/epoch-2-launch-21.json	663678	3435117e56719e35e0b54818f9b52e6c4ad687302de2c91b414f63dcacdfc16a
work/tilegen-full-r1/captured-native-r4/postprocess/programs/epoch-3-launch-24.json	73193	bd6bcd8c793dd1fc0ae20f5178f9d08eb49dba1928a9d2afe1fbc84a22339df4
work/tilegen-full-r1/captured-native-r4/postprocess/programs/epoch-3-launch-27.json	61217	c10231a8bf7a9cebab96f0ab14a7610fa3032f80ee96c06805a79d05c2b140b6
work/tilegen-full-r1/captured-native-r4/postprocess/programs/epoch-3-launch-29.json	500245	499436be85faa7fc66d9e578a3bfdbfaaeaa463d59f68e8b295759d3ea225154
work/tilegen-full-r1/captured-native-r4/postprocess/programs/epoch-2-launch-20.json	61181	478be5b9c0ccea7a3f321c628dc234ebd9341fdb74d67e52a6090b1e3f20dfeb
work/tilegen-full-r1/captured-native-r4/postprocess/programs/epoch-3-launch-9.json	50514	435abc7161ae6ec8c0ed97bd90ac740052213bf92b84cdb65ca9d0d654ab3dae
work/tilegen-full-r1/captured-native-r4/postprocess/programs/epoch-2-launch-27.json	61217	97179df7881c56d283f56d3d81abc03d556b979654b9fb23eea8141a100a51dd
work/tilegen-full-r1/captured-native-r4/postprocess/programs/epoch-3-launch-361.json	61042	9382d84f55dff6d85d16255adb0d344a30656a3686f1e83fe50b7eedbb38a4c2
work/tilegen-full-r1/captured-native-r4/postprocess/programs/epoch-1-launch-35.json	86898	e12dbf9d76bd9817759149dbc90da650d63956add6428fef909e5404f44ec0ad
work/tilegen-full-r1/captured-native-r4/postprocess/programs/epoch-2-launch-30.json	2350280	8be116ff19b79bbf6c69dd3c50bd4a9c84b1db66ae76c3d16cdaeaf646cc1f99
work/tilegen-full-r1/captured-native-r4/postprocess/programs/epoch-1-launch-37.json	549135	407534263703cb25866a954b9359186f5d245ec47371ba6221ba351fe063c758
work/tilegen-full-r1/captured-native-r4/postprocess/programs/epoch-2-launch-23.json	72289	17606ff5d28ed6da315a7e710f2fefc4be60bdb9abdd5e1d7831824286411119
work/tilegen-full-r1/captured-native-r4/postprocess/programs/epoch-3-launch-30.json	2350280	692afc50c47e568a1c07da712d259cd0cfc1750394d455faa3f425efe599bab0
work/tilegen-full-r1/captured-native-r4/postprocess/programs/epoch-2-launch-28.json	667337	13ab351a204956a5f62e37440fcb3696319fe6c7bf6cf2a568c3099f6eb9e518
work/tilegen-full-r1/captured-native-r4/postprocess/programs/epoch-3-launch-362.json	1320424	3e3694479f3960790fb78f7a1a42248552bfd10ef392429f9fce2d36ec91a857
work/tilegen-full-r1/captured-native-r4/postprocess/programs/epoch-1-launch-27.json	86862	cf99395f8179ab5f68ecddabbad69a9b038ec62cef3d3eb0c2cf9c7c1ac512d1
work/tilegen-full-r1/captured-native-r4/postprocess/programs/epoch-2-launch-361.json	61040	04d7a12d7ccb2cd5d4c450c6f622cb33b2f8b59c53c0ebf9101f3cb3b706ba53
work/tilegen-full-r1/captured-native-r4/postprocess/programs/epoch-1-launch-405.json	1488803	02204d9b48fe8f21770c8e57b22f3f46c17aaa10573bd809c5b679ca809f0dda
work/tilegen-full-r1/captured-native-r4/postprocess/programs/epoch-2-launch-26.json	663659	cdfce39a93b08c3c2ae7a12a9044c1c0b2813f979cbf16243497bb849e40a3fd
work/tilegen-full-r1/captured-native-r4/postprocess/programs/epoch-3-launch-23.json	72289	9c426d02fbc358de5777d056bb27c899072da56bc661544d9d28f91ec72fbb13
work/tilegen-full-r1/captured-native-r4/postprocess/programs/epoch-1-launch-399.json	86723	9461c59b9846a5447216b6db07c0b0917de33367b1de72da1d4f9a32d157542a
work/tilegen-full-r1/captured-native-r4/postprocess/programs/epoch-2-launch-29.json	500245	3073d97a8e57ecb3db153305b9758078f2b9d2da143d8404109516711175ddd8
work/tilegen-full-r1/captured-native-r4/postprocess/programs/epoch-2-launch-24.json	73193	31846e0ad6c02cbb050f3761ab1c8f40a0e6e30ff827d8aa1266138de7933abc
work/tilegen-full-r1/captured-native-r4/postprocess/programs/epoch-3-launch-28.json	667191	e356b63a10f632d790291297600284feaaf23b2c5ba8b8c4b35c146adf3ec476
work/tilegen-full-r1/captured-native-r4/postprocess/programs/epoch-3-launch-21.json	663682	0976211e951e69cc9148dd723fc11b6205c12eab44b874d2ad25764eaaea289a
work/tilegen-full-r1/captured-native-r4/postprocess/programs/epoch-1-launch-32.json	2015962	d38458990426bc3e36f25a31e4af5d44b88136e7b11180ab1cd1b4e8b5b41901
work/tilegen-full-r1/captured-native-r4/postprocess/programs/epoch-2-launch-9.json	50514	265615dbc1160458dc0c30b7a7ba7ba203f47cc2176c009523327c5a83a9e118
work/tilegen-full-r1/captured-native-r4/postprocess/programs/epoch-3-launch-26.json	663659	b8a914f603d2fa8e753149a1cae52b7147d4e358a691204597deebab91758d3f
work/tilegen-full-r1/compute-helper-reduce-argmax-r1/abi_contract.py	4307	5959aa300616901a4b49ae9d1a81a33e5f4a8a091d51e3c9cffc44f74535cb27
work/tilegen-full-r1/compute-helper-reduce-argmax-r1/operand_rules.py	4146	56ac533f840bb27b9fbaaf600962900adf1ff0697c4a0d46621d959ed45524b0
work/tilegen-full-r1/compute-helper-reduce-argmax-r1/manifest.json	44864	a3cd5761e78752eea9d06abe6d53d900333b570fb85901feae24ea1dfa87be95
work/tilegen-full-r1/compute-helper-reduce-argmax-r1/lowerer.py	8685	5f883d11b2a15902a1484bc95918e7aa6fe573d791a3c1cfce4f98c5400c7f33
work/tilegen-full-r1/compute-helper-reduce-argmax-r1/freeze.py	1844	328af585b3753b89650e7850d6389063c991d96fce3483e529bfa25badc9460b
work/tilegen-full-r1/compute-helper-reduce-argmax-r1/README.md	2803	1c59bd69a4b4e267d89c450bf389444fcec1faf65739d22e781b39b585e7c7e5
work/tilegen-full-r1/compute-helper-reduce-argmax-r1/run_actual.py	4541	ba03e6d5a9eeca3532808dbdbdf415fa4839230e80dfc487c54ac3d1ae852dd2
work/tilegen-full-r1/compute-helper-reduce-argmax-r1/observed_inputs.py	2997	88c2f7f8457f7206099f1f1cb68abe13d52598b82e10e6421f7167ef4b037169
work/tilegen-full-r1/compute-helper-reduce-argmax-r1/run_path_census.py	1465	b6a2169d6a8f03ffe817420695fca9154e76f7d4ed08dccf736a627670ff27bf
work/tilegen-full-r1/compute-helper-reduce-argmax-r1/control_flow.py	3933	651ebae32a08f85d96792c1c08b98381b3900da9b325ad18cf2eb07a3175b2f0
work/tilegen-full-r1/compute-helper-reduce-argmax-r1/raw_memory.py	4887	de1d77cd0ebdafe48a4a7f3907699ff52ec435304791975d738284e5b5b174bf
work/tilegen-full-r1/compute-helper-reduce-argmax-r1/MODEL-README.md	3427	69325862010c46f1536045672b19f4c2e9d351609b9f2e1e47bb0579d272c6f2
work/tilegen-full-r1/compute-helper-reduce-argmax-r1/reuse.py	2317	faed8d8bd46252a2e6f691e049f49ef5430c5ddb41f071bc2c0ca07b839cf0dc
work/tilegen-full-r1/compute-helper-reduce-argmax-r1/preparation-checkpoint.json	5001	bcfb00c67b0dbb0da1063ccf1f14bc3a8659c02f74616c550bd499d11882bb1b
work/tilegen-full-r1/compute-helper-reduce-argmax-r1/active_path.py	3331	b25293876536843feee0602c227ee52880aca774f821803480b2687a6b02b6e0
work/tilegen-full-r1/compute-helper-reduce-argmax-r1/actual-census-r1/epoch-1-launch-4.json	2320	5f0986f33898d64f149e40eae5f7b2d29a506bd28dc67c29bb1ac1b881115c4d
work/tilegen-full-r1/compute-helper-reduce-argmax-r1/actual-census-r1/epoch-1-launch-407.json	6150	cd817f2432d06ce1ff7fe1e14089433b89da184903e2975880823728d28a493f
work/tilegen-full-r1/compute-helper-reduce-argmax-r1/actual-census-r1/epoch-2-launch-364.json	6150	23e0687d7ede58791504842ee285ec3eacc1ce92cb86503086c99464718babff
work/tilegen-full-r1/compute-helper-reduce-argmax-r1/actual-census-r1/epoch-3-launch-364.json	6150	f93d7311dcce5ad193ddc9b7eaf310ec25da55d0b7d250ec0de72189a3f2177c
work/tilegen-full-r1/compute-helper-reduce-argmax-r1/actual-census-r1/review.json	1707	6e99e3484c8bb61d8859a7cda896e205e5cb2b3394e7629b9c447b4710c788fd
work/tilegen-full-r1/compute-helper-reduce-argmax-r1/tests/test_actual_contracts.py	3347	98eb5105c9dacaa17aff091024fdf59f4814db9fa325229d71a5f3c77e5b745c
work/tilegen-full-r1/compute-helper-reduce-argmax-r1/tests/actual-contract-validation.json	60998	c70c6cf76f034a58a2849dcb7ed916b4e33fd912d83f701f68d8ce7a0d861472
work/tilegen-full-r1/compute-helper-reduce-argmax-r1/tests/validation.json	301	7dcd6b1d8f6ed30b7bc431104d535599a3cac8f6bc2da75b2edb875b1109e0a9
work/tilegen-full-r1/compute-helper-reduce-argmax-r1/tests/test_control.py	1508	89ec38cc332530eee3dc7c2efca4a67e28a09348b8a6266ad815efcd8858a669
work/tilegen-full-r1/compute-helper-reduce-argmax-r1/tests/control-validation.json	215	460eae08332bbdfd3d4a2fc9ea5cd062a4cde4a312afd5ed3166a9635b666540
work/tilegen-full-r1/compute-helper-reduce-argmax-r1/tests/test_raw_interface.py	4156	bb967dbd506f35cbbdc5d2656f93a91f2daa360e15ebf6257b09059ac32188f7
work/tilegen-full-r1/compute-helper-reduce-argmax-r1/attempt-2/source-snapshot.json	2351	b0c6fb52b1e65281f7b4be545d172b6d47874477d56049f78268f682672bea42
work/tilegen-full-r1/compute-helper-reduce-argmax-r1/attempt-2/failure.json	143	79dc0e886d04f065829b5863b6c4f3dd32c5a117b2d01aa6ee0897d385d7c34d
work/tilegen-full-r1/compute-helper-reduce-argmax-r1/attempt-1/source-snapshot.json	2351	3188a9d7b8314df467db4e47e9cdf1af0c507752f7b7663557451b6be2bcb41a
work/tilegen-full-r1/compute-helper-reduce-argmax-r1/attempt-1/failure.json	147	4d71427c0e0757a71829bac817caecf6761be35bf8a838dea88c1ed05773944b
work/tilegen-full-r1/compute-helper-reduce-argmax-r1/attempt-3/epoch-1-launch-4.json	5619	7afde3ad5ce8f824780ee60a75ba5040d653421232079a3749cdaf31c83ad7b3
work/tilegen-full-r1/compute-helper-reduce-argmax-r1/attempt-3/source-snapshot.json	2351	b8629a1933050742d8ead54d7e0508427a4d35e906e2d8ee69ab64dbafdac31f
work/tilegen-full-r1/compute-helper-reduce-argmax-r1/attempt-3/epoch-1-launch-407.json	20910	234a00b73826f7bfa8ac46ca3edab455f5bf04c0cf04c6b498f53655242640ad
work/tilegen-full-r1/compute-helper-reduce-argmax-r1/attempt-3/epoch-2-launch-364.json	20910	cfea9e1a60fdf7767faaa5ec943007b85e9c7c77bca54734cb0df97a00cdf977
work/tilegen-full-r1/compute-helper-reduce-argmax-r1/attempt-3/epoch-3-launch-364.json	20909	d81ad76586a938c357cd866052d7ce5bbb205b2237f67f88b6934bb4a62abe26
work/tilegen-full-r1/compute-helper-reduce-argmax-r1/attempt-3/review.json	3395	ebc11d0310b80ca49815916c977cf2c5576d4a77f12171cd0e278959e560d71f
work/tilegen-full-r1/canonical-gemv-driver-r2/manifest.json	204452	d138de278be6b944aee2bfdc7b221fed4aa8a889ca6bed83616da3e287f9135a
work/tilegen-full-r1/canonical-gemv-driver-r2/model_plan.h	8058	0385b93c436d637388c76b64e62309a6b1866a504dbfdb523956d0a151e99a11
work/tilegen-full-r1/canonical-gemv-driver-r2/sealed-inputs.json	14006	34abf79d95881aef543e67bcaa4a7d3e7a1d5fae3278a5ff74529f3746bfa8c0
work/tilegen-full-r1/canonical-gemv-driver-r2/runs/all259-fullgrid-budget-only.json	3235459	668015b06bd4a150dfb3bab2b6c5f28f5245f1f9676b67ccbca42b5a4eb3ae73
work/tilegen-full-r1/compute-fusednorm-native-candidate-r1/run_actual.py	2569	6ec561141bf87b40446b2647eadc71e101c42c7004d3bbc9760c28670c75ef86
work/tilegen-full-r1/compute-fusednorm-native-candidate-r1/final-r1/epoch-3-launch-20-candidate.json	983146	668f6b76040c7ac050897196c71873b48e7ce902a5238ffedebdc1d61bd16d2f
work/tilegen-full-r1/compute-fusednorm-native-candidate-r1/final-r1/epoch-2-launch-20-candidate.json	983146	a6327b410194f7b026a17556c4a54feb9b9996a503aeb534c2441476a703c80c
work/tilegen-full-r1/compute-fusednorm-native-candidate-r1/final-r1/epoch-1-launch-27-candidate.json	1000209	12f8cdfd95a15980f2b0b10e0cca95ed20d2770ac08d902f2a27c2610bd9ce8b
work/tilegen-full-r1/compute-fusednorm-native-candidate-r1/final-r1/runs.json	16058	1d27b703b57a87c92b931350aa081fdb708fc472ae0d8ec0aa5c2ab39ccbe207
work/tilegen-full-r1/compute-fusednorm-native-candidate-r1/attempt-2/runs.json	16039	d2d27cc65260ed5595b9b98107e8ded76d07810b3b81de120ceefcbbcaa030c3
work/tilegen-full-r1/compute-fusednorm-native-candidate-r1/attempt-1/runs.json	7715	33c699943262d0876a7ba7908497e91421583da8a852fc4966a52a93f45ce9ca
work/tilegen-full-r1/compute-prefill-gemm-next-r1/static_contract.py	5289	458d5bf6883cd384e1973c14ff7eea918dff882f88b8e05d57bf8231cf4117b2
work/tilegen-full-r1/compute-prefill-gemm-next-r1/group_ledger.py	4610	e6828c167a8afc954c25c0863e0257ff8064979bc45b2bc8cee1470c47662354
work/tilegen-full-r1/compute-prefill-gemm-next-r1/operand_rules.py	6583	254456f9239922ac906d4e4665be96490e600af97cccda88599057c67afed53a
work/tilegen-full-r1/compute-prefill-gemm-next-r1/dynamic_lowering.py	5193	94f9ec410904c16ad477b62ddad77c2e357dbc96828148517ec40971a7269c8a
work/tilegen-full-r1/compute-prefill-gemm-next-r1/compact.py	6231	13be5a548413692eb8ddc9f5e949222010840aff37f3be7b864d718f2986f8eb
work/tilegen-full-r1/compute-prefill-gemm-next-r1/derive.py	12088	feb39f1ce825fc394c63a67ae1ec67362a6129c709da22b43e8c43ba02cb80c6
work/tilegen-full-r1/compute-prefill-gemm-next-r1/observe.py	5864	0462bf8373792d567fc8d893f8599833d420843402c0d00ee05d37bae73a513f
work/tilegen-full-r1/compute-prefill-gemm-next-r1/domains.py	4278	1a366ecd174fe0e7260f793b75780198b44e516d9f7f3e2e5852039ba24b9777
work/tilegen-full-r1/compute-prefill-gemm-next-r1/README.md	5759	134693e936b23b08decc8f44414a9da9ee91becb76ed1f55ecf556c396a6d7e2
work/tilegen-full-r1/compute-prefill-gemm-next-r1/contracts.py	3568	864d94442697e080dc043595165238291d3b2f7e47aa1b80eebf0350fbce778a
work/tilegen-full-r1/compute-prefill-gemm-next-r1/run_actual_lowering.py	2889	5454b6acec4833cb32562bae529f4ffb2cef64faca20f376281b67be2cf2d3e5
work/tilegen-full-r1/compute-prefill-gemm-next-r1/fragments.py	2212	6db108b1591210c739552eb3cfb693e3ba738d0710b025f68a3e812ddd3107ad
work/tilegen-full-r1/compute-prefill-gemm-next-r1/async_contract.py	11498	ca52199acb76a48ab73ffd46c5bc5605cf16cb7ef58140631eddde1bf470729f
work/tilegen-full-r1/compute-prefill-gemm-next-r1/build_model_authority.py	2669	f08953274cad0708307a8f2ed86565974a87b01bef16b4ca9b87ad95cdec17ef
work/tilegen-full-r1/compute-prefill-gemm-next-r1/revision.diff	43761	2944905d223e7d527c9774b342dc8c54ebdc711b8023d0a146da9f4d42115ae5
work/tilegen-full-r1/compute-prefill-gemm-next-r1/checkpoint.py	2588	14451cf0fd6ebf2ab1b06c2847e5bd71480d1f0c692293577de3e291890f78eb
work/tilegen-full-r1/compute-prefill-gemm-next-r1/preparation-manifest.json	9257	e94818050683a232f95f9266f1590b4a0b6d3f197c1b1332562078cc87eecd9f
work/tilegen-full-r1/compute-prefill-gemm-next-r1/parent-inputs.json	3092	18b281b78e9a6976d74cdd027e086be718f68017acb471b3ef5551a1db082332
work/tilegen-full-r1/compute-prefill-gemm-next-r1/native_lowerer.py	9259	d75ea9957a43159b595c21b07fb99b486fb31312f3f2eaf08b97acdcdb7289fb
work/tilegen-full-r1/compute-prefill-gemm-next-r1/observation_ir.py	9161	9507eff85fbcc5a8680212c36687221a99672e2dfe8991edfd6512a141426103
work/tilegen-full-r1/compute-prefill-gemm-next-r1/register_ssa.py	1771	4ae13a8f15332165db77754cb6673f44db3e8ee3e2f4792f0752d90ea8fb5641
work/tilegen-full-r1/compute-prefill-gemm-next-r1/tests/test_preparation.py	10176	de5ef65553fef3b5438fc9b19afd0ce8ac31fc2580a95a58ee0b652d41465d35
work/tilegen-full-r1/compute-prefill-gemm-next-r1/tests/validation.json	2882	27e983040ff8b30f6c47f76fd89fcc2a339244cfd88fcdf8f09d9be01aaa7e4f
work/tilegen-full-r1/canonical-attention-prefill-address-draft-r1/plan.json	263248	d1834b5fadae1d56e2f9bd9f9120ac63af3db1c8f8e33385cba852aedc89f6df
work/tilegen-full-r1/canonical-attention-prefill-address-draft-r1/manifest.json	5559	13fe3ba7e78ad74f14adf13ae41aeea3dde93b2fa569322739d80cb409255d31
work/tilegen-full-r1/canonical-attention-prefill-address-draft-r1/build_plan.py	9956	2e0b36320f356757ae725f04c8df0c4cdfc2a6ce9d9fde8d58327a26ff05fb11
work/tilegen-full-r1/canonical-attention-prefill-address-draft-r1/README.md	3474	509e09b24f2a7b7d3629c9dc702774bd9eb9792eb23f64ca1a70fe670becb437
work/tilegen-full-r1/canonical-attention-prefill-address-draft-r1/model.py	6169	2ff1313a5cf1f9afea7f84dee3d82b1899052ada3841d9960c3104bf454394cf
work/tilegen-full-r1/canonical-attention-prefill-address-draft-r1/tests/validation.json	459	38168d6248813074a455961fec542fa455c2eb55633f76f189b36e331e6f4886
work/tilegen-full-r1/canonical-attention-prefill-address-draft-r1/tests/test_draft.py	2978	4cbf8a1d8f6a33280fde4d43b0be6afb01f298d5bb0383853980ea4c45d21677
work/tilegen-full-r1/captured-allargs-norm-r1/consumer.json	4135	b50f7db756e06cc28a749f95a6b7d9ce1f19083160f5b7bba9437bc32a1231cd
work/tilegen-full-r1/captured-allargs-norm-r1/source-identity.json	46121	30add47ff2c2e6fcafb94554de27fb4e2fe8675383927f5775fa404b1a4fc466
work/tilegen-full-r1/captured-allargs-norm-r1/controller.json	113534	a7c66dd93b16ffd24c8ab6e586ea77294ca922697251d6258eab63c161a09a58
work/tilegen-full-r1/captured-allargs-norm-r1/fetch-receipt.json	659	1623ea0b57a534c08448b609de30b1b7e4e94c2d701cbaca8aa45fe20fc1d55f
work/tilegen-full-r1/captured-allargs-norm-r1/producer-exit.json	693	2e6b99d0a6ff1140154b70f7a19be988ae5bb856d97c419b34ec32d9b775ec5c
work/tilegen-full-r1/captured-allargs-norm-r1/export-manifest.json	5797	2be2a911adf8a65f9825765c2a5c37f6004a4be6ae2ce7e824686b76eb0aad4e
work/tilegen-full-r1/captured-allargs-norm-r1/observer/process-1925216-857625100/finish.json	6684	9d1e9f2664a9729c30979b8ee0d5de09e2a96078907bd84c5304d8eb59de40cb
work/tilegen-full-r1/captured-allargs-norm-r1/observer/process-1925216-857625100/launch-arguments.jsonl	2372422	4bca5ca01cb317b747b974e7bec80af07c72831b2e716613ac92d5d3d76b6d56
work/tilegen-full-r1/captured-allargs-norm-r1/observer/process-1925216-857625100/static-instructions.jsonl	81169658	babfc2b00a2eb12044cb267c4c82514f33a0acd5124a33bd9b259466884d706c
work/tilegen-full-r1/captured-allargs-norm-r1/observer/process-1925216-857625100/functions.jsonl	306342	9d5f8886092cf33d6d2f5c8834416284b9b616fde7d427fcdc9dfb4cfbb93f04
work/tilegen-full-r1/captured-allargs-norm-r1/observer/process-1925216-857625100/launch-journal.jsonl	10438812	affdf5f51d9e302de82ef9fb2179d344b4fccc898dc81a9ef8bf60ec3961ba38
work/tilegen-full-r1/captured-allargs-norm-r1/observer/process-1925216-857625100/scope-journal.jsonl	772481	72566fdc1a7edaec881bb4bd2350f1fc64fffa01f468d8c34e1b334551468029
work/tilegen-full-r1/captured-allargs-norm-r1/observer/process-1925216-857625100/allocation-journal.jsonl	237351	12d860b415b076e0c0867266ee09df31d9ae5a4c21e37d62cdc24a9e4f1f6c6c
work/tilegen-full-r1/captured-allargs-norm-r1/observer/process-1925216-857625100/lifecycle.jsonl	3214	d467e1e8117f559fa6dde04925546d01b589e96634317268b7745f6a69d31cfc
work/tilegen-full-r1/captured-allargs-norm-r1/artifacts/module_calls.json	2076405	8ebf25978e7acc4ed02e6ece6f38297f1b45221193495c2f0f35a79bc38720d1
work/tilegen-full-r1/captured-allargs-norm-r1/artifacts/Prefill.json	6150	d2252a04dc6b82778a6e9cefd10b23aa1bac2972102712624de8cf8a1aa3a596
work/tilegen-full-r1/captured-allargs-norm-r1/artifacts/manifest.json	166772	e04143149a89cec74491667fd9aad536c22a5271b21c2b2e13727a20697f3481
work/tilegen-full-r1/captured-allargs-norm-r1/artifacts/Decode1.json	3532	38ec1e73e443ce059d3252b0247fc42900b06d645a709b309270e2c78512b242
work/tilegen-full-r1/captured-allargs-norm-r1/artifacts/files.sha256.json	843	ee0ef9434ba372f561cc959d1d441ee9ced47b6e9dfa953a119b5a89d7051ec6
work/tilegen-full-r1/captured-allargs-norm-r1/artifacts/Decode2.json	3538	02e8c25900b27e5213b4a78c3789a4068a1022722d4d9088b77dd7057712e9c1
work/tilegen-full-r1/captured-allargs-norm-r1/artifacts/tensor_roots.json	230092	9f8422c806c26ab557cfe812e317b21c167c7e0e4d58e06c7a395f44b07e5e46
work/tilegen-full-r1/captured-allargs-norm-r1/postprocess/receipt.json	27318	1716fd5c3e574a2fb913fcab99e141d533685d2714d700ed7052eb7bfe6707ac
work/tilegen-full-r1/captured-allargs-norm-r1/postprocess/analysis-diagnostics.json	2375	dbfdfd8798e0280317dcbdcd58d67fd69e60eb955a2512cf1d09608730d5c357
work/tilegen-full-r1/captured-allargs-norm-r1/postprocess/witnesses/epoch-1-launch-15.json	1600097	f4b3d3a77db4bf1ad050428253db7f52b60ddb50ac7f046d9396d1f6115a31ab
work/tilegen-full-r1/captured-allargs-norm-r1/postprocess/witnesses/epoch-2-launch-9-qualification.json	13349	ffb745b3bba71670e36a0ea9eb185c342faed3a259de2132637cf66724a96f76
work/tilegen-full-r1/captured-allargs-norm-r1/postprocess/witnesses/epoch-1-launch-15-qualification.json	13352	ca49250fa198db87f22692ca1c6b7d603036822c85bf45c55d46b4e8fed91f8f
work/tilegen-full-r1/captured-allargs-norm-r1/postprocess/witnesses/epoch-2-launch-9.json	388075	4bbcd4ea39aa3c7682152e64a252fc6db148ff22c0fb6ce40a3751c58b1f4c42
work/tilegen-full-r1/captured-allargs-norm-r1/postprocess/programs/epoch-1-launch-15.json	77573	7f569654384ac5b2afa03450ca70507bdebafc35b4a225ea7cd1259426024726
work/tilegen-full-r1/captured-allargs-norm-r1/postprocess/programs/epoch-2-launch-9.json	52118	fc7860bbda483981f9283fac10a5aa64ebfd05ba25da144f5fe50af1342e569d
work/tilegen-full-r1/canonical-helper-cast-index-model-r1/build_model.py	6961	cc3615093dba4a94d0bc68248246911c197530d3832dd8a9c0bb4bb9d442a7ef
work/tilegen-full-r1/canonical-helper-cast-index-model-r1/plan.json	262850	a5e19621a4d0d96af5d3697a4d3533574a95ed7873009ebb55d44ad6be25cd6a
work/tilegen-full-r1/canonical-helper-cast-index-model-r1/manifest.json	38735	a805a42aaa90e3eeadf0df29ab691b55adfb30b692ac2f9fee9f19d98a5b4549
work/tilegen-full-r1/canonical-helper-cast-index-model-r1/README.md	5071	5e991146e8e33eb6b9302d07d22f0c34ea18b85df518a6863983f7bff15baeb7
work/tilegen-full-r1/canonical-helper-cast-index-model-r1/model-authority.json	1177	caf9d72aa40c8acfdda41608f46181d636963c83fec382d3a519f7ce6dc2de42
work/tilegen-full-r1/canonical-helper-cast-index-model-r1/model.py	9452	44a602d289bf2143e26e1480ebfc6b86a2ed5d55c3ae17d8cab457af63d797aa
work/tilegen-full-r1/canonical-helper-cast-index-model-r1/revision.diff	13588	5f157f9bd235e6cb668eb36437e067ebd3c54044dd78d8e483619a8aed9a0f19
work/tilegen-full-r1/canonical-helper-cast-index-model-r1/final-review.json	2174	046c042e70faaa012ad08196d9ee6d9aefcdb469f1d92a4c2a183b6456b4aef9
work/tilegen-full-r1/canonical-helper-cast-index-model-r1/tests/test_model.py	5337	28e1aa9288117efa2014780083192ecd1016fc4ed3135a1ebe189f9e368813b4
work/tilegen-full-r1/canonical-helper-cast-index-model-r1/tests/validation.json	2891	102d8c4871f626b66a2d4857ddfb6563c4681c3ac6334299ddf41bdba568bdd4
work/tilegen-full-r1/compute-indexput-decode1-r1/compiler-manifest.json	9955	faea1bcb0377810e40832c07eb2dfa0272d0b082d9cd4cd01f773dd61b3fdf27
work/tilegen-full-r1/compute-indexput-decode1-r1/candidates/epoch-2-launch-23.json	716595	b771ba9bb75778a09850755d9572d90f234f58fcd9a1a8d5ea351e532c6c1747
work/tilegen-full-r1/compute-indexput-decode1-r1/candidates/epoch-2-launch-24.json	716595	488fec918609cf22a3fc9cfdb8bd92d478bb02621b21a3a99ebe03fca65ec06c
work/tilegen-full-r1/canonical-helper-reduce-argmax-model-r1/build_model.py	7444	54c93c287dd3134748e6ddde3265408efc7c832f4e3339eb6a6d308d170eaac9
work/tilegen-full-r1/canonical-helper-reduce-argmax-model-r1/plan.json	247340	73620e8a6eb49d39c8ad8957e4de7bbbeed7c4ddd036dd0390e7f12b87fb5f4a
work/tilegen-full-r1/canonical-helper-reduce-argmax-model-r1/manifest.json	3996	d3858dbbb71b1e8917636ad4f5cf61963ffa13c7e090ac430f063ad13f1055cc
work/tilegen-full-r1/canonical-helper-reduce-argmax-model-r1/freeze.py	1094	617ff8fbc382db7c8c24e398719da0367469cfa71ae11715ce03b0433749ed1b
work/tilegen-full-r1/canonical-helper-reduce-argmax-model-r1/README.md	3483	90db78f85c565c6c27ff419b15826278fd5179fce518e3cd8c8f39776874d07a
work/tilegen-full-r1/canonical-helper-reduce-argmax-model-r1/model-authority.json	1068	2cf5639d39822d95aed6505519cd7b30ef2d51372acebeb66a678c106d063f3c
work/tilegen-full-r1/canonical-helper-reduce-argmax-model-r1/model.py	10610	412d2d26799f93d0bf5c6cbf8e99b2dd6632917bd5591342e7e6f3e3e2bbeda4
work/tilegen-full-r1/canonical-helper-reduce-argmax-model-r1/build-history.json	605	779cb0ceedb3ac22742e5d02453636d13ad5489246bb1c3f2484ebfe3154b7ab
work/tilegen-full-r1/canonical-helper-reduce-argmax-model-r1/tests/test_model.py	4238	c39c3163495f46e53587f30ffb03b0acd82be519dbca02355dac636e11435a45
work/tilegen-full-r1/canonical-helper-reduce-argmax-model-r1/tests/validation.json	13447	f59c0c730dc4b2571114f6a06c7eb03ad89dced894901393a6dbdee27c6266fb
work/tilegen-full-r1/canonical-helper-state-index-model-r1/build_model.py	6673	4845f7f3c641f8f6ee98a61bb05ef779065078f888d2435b9b2d19fa30543d7f
work/tilegen-full-r1/canonical-helper-state-index-model-r1/plan.json	269859	524ab936b7892bf64e0023c162ec434ecf4855b324fd034981853d8a6f6a17e3
work/tilegen-full-r1/canonical-helper-state-index-model-r1/manifest.json	40631	8074d711253fa3525c18031991a94179332dafc6f8c343573fcee9c9d2177a02
work/tilegen-full-r1/canonical-helper-state-index-model-r1/README.md	5120	260357b3d29d3a3565933833460a40f4b2222c186b8bb83f7cba2b764ec18f7e
work/tilegen-full-r1/canonical-helper-state-index-model-r1/model-authority.json	994	63948c0f38b29b1472d0a752b2749ef3d5a9ca99bb4448a941fdae581f88d83d
work/tilegen-full-r1/canonical-helper-state-index-model-r1/model.py	8846	7d6bff1ca4925a2481d30b9dc454c774308037489a92dd4cc4645573de5bae91
work/tilegen-full-r1/canonical-helper-state-index-model-r1/final-review.json	2135	4a1f29e75bc9624508056a3c95d58c6f0a97a6ec8f6abe1163d224de6812002b
work/tilegen-full-r1/canonical-helper-state-index-model-r1/tests/test_model.py	5148	9277266aedbf10eee3eecdf17d1eabe3015acfcbdde16c07dbbd52fb19ee1810
work/tilegen-full-r1/canonical-helper-state-index-model-r1/tests/validation.json	3941	705f4acb421c4a67dd6c889311f845b3c206c14d543dd6d70b9e8833bf9e2b38
work/tilegen-full-r1/canonical-helper-state-index-model-r1/preparation-attempt-1/plan.json	269588	ecef0a09a5bc3f97e4c486ca1798cdeb502c566ca731bd1d753ebef5a68f4579
work/tilegen-full-r1/canonical-helper-state-index-model-r1/preparation-attempt-1/model-authority.json	994	63948c0f38b29b1472d0a752b2749ef3d5a9ca99bb4448a941fdae581f88d83d
work/tilegen-full-r1/compute-gemm-p28-prep-r3/static_contract.py	6069	5bc2bb700e4667777ad47debbe21384c4557bc5f7e0e3fbbf5549b62783f4033
work/tilegen-full-r1/compute-gemm-p28-prep-r3/async_contract.py	11047	e27bad3fe98e2c2fe78fe7cabea31ff814bf8f7d1fb0c33f5670e0544548736f
work/tilegen-full-r1/compute-simt-linear-r1/descriptors.json	30621	122594cb93a35b5f1caa6b596873974ed4d13e950ea84a712a6b37d19e07ffaa
work/tilegen-full-r1/compute-simt-linear-r1/historical-static-forms.json	623405	c98e7d4a7d1762c521f1ac761fed006a94d05fa3509d6a99a5ab38600e985af4
work/tilegen-full-r1/compute-helper-cast-index-b-r1/operand_rules.py	5608	86eb3083854fc5994639dbee0f4530042c69b0b214fba68c952be7e3a99677c9
work/tilegen-full-r1/compute-helper-cast-index-b-r1/manifest.json	35800	3fc5019bf2ef6dc7190886532c0b258b4c76f6d2caa76323df1ec45fbaf0f525
work/tilegen-full-r1/compute-helper-cast-index-b-r1/lowerer.py	5938	995c84ecbf512e1c611a71b2e15d781721bbb9180288b98d822dc1c3c795e599
work/tilegen-full-r1/compute-helper-cast-index-b-r1/README.md	2977	f31c3b998e74239c35c4ab287d68293d4b6e9704f170eda05431ad0f271825f0
work/tilegen-full-r1/compute-helper-cast-index-b-r1/run_actual.py	5875	f1af02766ccba0015c02e58bb389f3a2b96985dace2f9dbcdc5bdf03f19b94ae
work/tilegen-full-r1/compute-helper-cast-index-b-r1/actual-opcode-census.json	11596	da6a8ac041b3ba2748da741697197c5f4b82a5c0e96bfe783af4126487cfe080
work/tilegen-full-r1/compute-helper-cast-index-b-r1/static-draft-census.json	1906	f67b9f988ecdd8be17d4ac7a0e64022d8ba89b2054017c0ab544f7f263fe97be
work/tilegen-full-r1/compute-helper-cast-index-b-r1/control_flow.py	2002	44d3aeb6af9950960b347f61f4b55b0782b7e58139cc16477d0247535c82ad3d
work/tilegen-full-r1/compute-helper-cast-index-b-r1/reuse.py	3178	0047bb5485911484f115ccf3993fb8674c19d807a7f6553327099a88ffb0fb23
work/tilegen-full-r1/compute-helper-cast-index-b-r1/tests/actual-validation.json	6784	5da55fae68c0dfd2e63dc9539ef04d21589c687a0eccee8f0f75859a155b0073
work/tilegen-full-r1/compute-helper-cast-index-b-r1/tests/test_actual.py	3609	1904065737cebffd5ecfcd5d2c543eda864dd427294e5b187cb65342e98282c8
work/tilegen-full-r1/compute-helper-cast-index-b-r1/tests/draft-validation.json	21022	e1bdccb6172117bcba42238624ae8e80bbb576d5f717c45ac804068632a306e8
work/tilegen-full-r1/compute-helper-cast-index-b-r1/tests/test_draft.py	5366	9f74c2c08365036f91522536e611f4255bc46c9d6ddfa1fb7addaa4b035c504f
work/tilegen-full-r1/compute-helper-cast-index-b-r1/actual-r2/epoch-3-launch-8.json	13717	54a0cb6e503795ba9d78d19568c081d668f6e8c42568abf62c2cc8abd4aa132b
work/tilegen-full-r1/compute-helper-cast-index-b-r1/actual-r2/epoch-3-launch-2.json	5935	e2678fcc170c05aa54334845f11f3e3d906583ff920e03c42681ca190c1c1dee
work/tilegen-full-r1/compute-helper-cast-index-b-r1/actual-r2/epoch-2-launch-363.json	14390	3dd6b164821213e9806e0ee10bd04a0d1878e32d78b60a67af4903405d41d751
work/tilegen-full-r1/compute-helper-cast-index-b-r1/actual-r2/epoch-2-launch-8.json	13717	13c3f685dec012704680c0331f0236fdfe67742cc99f39ac5af3df325a5d0990
work/tilegen-full-r1/compute-helper-cast-index-b-r1/actual-r2/epoch-2-launch-2.json	5935	c32c257aa7e66ad24896fa4cc19aabb723a010870eee16126d93f2b98cecb9c2
work/tilegen-full-r1/compute-helper-cast-index-b-r1/actual-r2/epoch-3-launch-363.json	14390	833dac06ac101c342ad3d28e79f3d9b558b64e5ac891d45b9a7d3282e0ddba15
work/tilegen-full-r1/compute-helper-cast-index-b-r1/actual-r2/epoch-1-launch-406.json	14390	c469231f888f42d078c85e770b4dc2b8cd96dd2d174a83f0ecdc62ae0e547b6f
work/tilegen-full-r1/compute-helper-cast-index-b-r1/actual-r2/epoch-1-launch-404.json	14111	8b959fe9f40a16b16caf7efbd3dda816e464c20877727ceea89bd96ace315cf6
work/tilegen-full-r1/compute-helper-cast-index-b-r1/actual-r2/review.json	3437	b938ff1d9a83c173c19240c29fabed9c8d9b7eef0932d8cf97636b05d512e302
work/tilegen-full-r1/compute-helper-cast-index-b-r1/actual-r2/epoch-1-launch-14.json	13479	502adbd28e4471ce62fd2da703cbe52acde2b899aeb8d75274006b1632f8ab06
work/tilegen-full-r1/compute-helper-cast-index-b-r1/actual-r1/failure.json	460	bff2c135e9bf6a1867e0cc80aecc46eb865f2c151a099b2488560311d6c8bb46
work/tilegen-full-r1/compute-helper-cast-index-b-r1/actual-r1/epoch-1-launch-14.json	12039	779c6368b70e32065d6fb12283c46659f48e1be59f7b5386e000b9d968674265
work/tilegen-full-r1/compute-attention96-observed-r1/preparation-manifest.json	11548	49e620e9343005289e86a2dc7d297b60624f646faa125578fc66a84ad807cdb9
work/tilegen-full-r1/canonical-rotary-model-r1/plan.json	1373822	36203e764eb65d2e32271f516275cd73cb8c836163fa6ea93ac0af4449cdd516
work/tilegen-full-r1/canonical-rotary-model-r1/test_model.py	3345	acfeeaa3dcf50137f1220ed5d624b7e3588ab9a2c1019ba6a5e6f0ffd0e6b1af
work/tilegen-full-r1/canonical-rotary-model-r1/manifest.json	2236	bfc74bb4dfbcb82f7a1c2313b3d5f016bd6016584ba93dcc280087f95e3f770a
work/tilegen-full-r1/canonical-rotary-model-r1/build_plan.py	10287	ec4a909bbcaa1dcf48813f57e93d99404993f62baaf6cc03077965bcbd3cd12a
work/tilegen-full-r1/canonical-rotary-model-r1/README.md	1532	e46719e67387d69dc569b8ac98ddb02b1e0cc4ae99b93ef0f45050baa0ced626
work/tilegen-full-r1/canonical-rotary-model-r1/template.json	4572	20db93d3d2a73d5bc1415618ef0bc7a6c2a37250ef609ce802813d7dd7144663
work/tilegen-full-r1/canonical-rotary-model-r1/validation.json	1309	2481f4d235791ab5e6181cdb2cc43b95e534a480e0464a16405eb53ed8881937
work/tilegen-full-r1/canonical-rotary-model-r1/model.py	7282	7b8eedcff35a2143d24a81ede9035d913e2283be9b7ee2a1727d4863fc1011ed
work/tilegen-full-r1/canonical-rotary-model-r1/build-validation.json	624	73c085d1fb5ae0e350ab16b5f0fcd1f59c5b2315f54cfede4f23b8226b9080b5
work/tilegen-full-r1/compute-attention96-prep-r1/preparation-manifest.json	13062	844d885a4d0163ff461d51296c53452bd92354f2be43cb563778e80009befc86
work/tilegen-full-r1/compute-attention96-prep-r1/operand-evidence/review.json	7053	360a1c9848b5b89e8ec0eda151eacf3dff442b31bb6ee261366460371af57a85
work/tilegen-full-r1/canonical-gemv-model-r1/epoch-2-launch-21-template.json	4598	68c755119c485830f96f8514f4a7e3e8ca2bb47a7784fd558ee54fe40538132b
work/tilegen-full-r1/canonical-gemv-model-r1/epoch-3-launch-26-template.json	4599	d3009b03547788266d4471c80d1317c860d4e204ec24972d7355eaaae23effc9
work/tilegen-full-r1/canonical-gemv-model-r1/plan.json	2837797	6825f15d56570b2eef02164228c3c15fdcffbf9edb99bf848a4c165859e15178
work/tilegen-full-r1/canonical-gemv-model-r1/epoch-2-launch-28-template.json	4613	c1cb8c59ffdc4f67b9856550457c99ec6cb35e1c6a4ef726ef77fcc25d39decc
work/tilegen-full-r1/canonical-gemv-model-r1/epoch-3-launch-30-template.json	4616	822a9c7a4439a17f929e81ff93a5ab4266a7886d19e015de525756fca763f345
work/tilegen-full-r1/canonical-gemv-model-r1/test_model.py	3273	024454322815574fdc303811eca82d1a95310e492b9f34a0b86127873713bf21
work/tilegen-full-r1/canonical-gemv-model-r1/manifest.json	4998	603926ac5d5d52b550cd5edf9359afce5a8759542f9ee81cfeccbad750445893
work/tilegen-full-r1/canonical-gemv-model-r1/build_plan.py	14304	5e5f1dfae6c15f4cc05f9acedfcc1fe40a2b93f44d1b32ff3424a8f7ad1ebdbf
work/tilegen-full-r1/canonical-gemv-model-r1/README.md	2470	ba24456efb9d0235dbc1b12989d94126d4b6364755cab1644d0af7677f055c42
work/tilegen-full-r1/canonical-gemv-model-r1/epoch-3-launch-28-template.json	4613	6468ed3e996523ed79243631b37bb93512cc833ca89a9f754218536ac9955bbd
work/tilegen-full-r1/canonical-gemv-model-r1/validation.json	78320	7a399ddc1ca7f1ba251701deca17e7ad1ef688cd61bdc677cdaf0d27041dbc59
work/tilegen-full-r1/canonical-gemv-model-r1/tests.json	565	19fdf89577391fbe4f1fad1a6cc279a48ac159f14291190c31117c3178742988
work/tilegen-full-r1/canonical-gemv-model-r1/model.py	5990	434496ee9703a55d3d0cb31ee91f9624baf11b711787494ce7e837b149c1418e
work/tilegen-full-r1/canonical-gemv-model-r1/epoch-3-launch-21-template.json	4598	d1bd68d82bac0c821d8ce1aed3fea6ceff704b594eb917ac0c167248567d27ff
work/tilegen-full-r1/canonical-gemv-model-r1/inspect_evidence.py	2060	aa0ca16ca444c5208f74cff3d6b31c78c0379aba4e2dd33ed1ad1ca7632c8b07
work/tilegen-full-r1/canonical-gemv-model-r1/epoch-2-launch-26-template.json	4599	71d705a9974f5eec2fcfe829db1a5bdc506664b007223b3ee7b7d0169a756646
work/tilegen-full-r1/canonical-gemv-model-r1/epoch-2-launch-30-template.json	4616	17504aeb141863183a7cf8a9b369de0064482a314f470ca796d601f46f1544bd
work/tilegen-full-r1/relocation/r2/capture-plan.json	198160	9f41dcf9b0d1f14a5c37471b0c406624693e11903b71bbc4732fe02f8304ae3a
work/tilegen-full-r1/relocation/r2/public-abi/layout-prefill.json	16808	91167602a3b236b01a39dfc87539fae500317e33ad27cb910023b29d08fbe2ae
work/tilegen-full-r1/relocation/r2/public-abi/probe_prefill.cu	6410	32f5e53795a917ab7f31e2aad62fc37154fdd1a640d37fc3d822d4876e06f771
work/tilegen-full-r1/relocation/r2/public-abi/batch_prefill_config.inc	5195	d281459a4584601c8121667aa331e7cad631a31c89bb5749a60216721494b633
work/tilegen-full-r1/relocation/r2/public-abi/probe_decode.cu	6274	71e82ba4597860a5866fe9245778649b56406fe9f76268f1193b0a736d48281c
work/tilegen-full-r1/relocation/r2/public-abi/source-comparison.json	32660	f6128367b4bfe30f55d14bde5831ec251d3e9d80853529a6dd1e3f5fd33cfb27
work/tilegen-full-r1/relocation/r2/public-abi/layout-decode.json	14972	0fd994468cc9ba19fca17e4b54c052d718d6b8ddef4b935f5c7897b8877d99f1
work/tilegen-full-r1/relocation/r2/public-abi/batch_decode_config.inc	2173	9a82b7ae526010bfc2058f69c8479ba9288608eea1b9a846ca066aafa4aef9e8
work/tilegen-full-r1/relocation/r2/public-abi/native-cpu-abi-receipt-r2.json	155083	a6a9300af98195e34861f6f2be699169d92a6566e9bbb9421ef60699e6ee2e26
work/tilegen-full-r1/canonical-indexput-model-r2/source-oracle.json	31510	b88e5ca50faa799498b949d5b71ca7c09cf21c437d1324994c99d65cf02487a0
work/tilegen-full-r1/canonical-indexput-model-r2/plan.json	949846	d8f9ed6e138677dc55dadefe40a4d3b217543323a3c20f772ea044098975353c
work/tilegen-full-r1/canonical-indexput-model-r2/manifest.json	3146	941c45466d6c22ed45ee464440d663405c3aca2005fa92ff81cde6a898982342
work/tilegen-full-r1/canonical-indexput-model-r2/template-Decode1.json	139770	3a6877eab5ba578461f2dd3584fecf64af4876155e738bb8d28c1a043d8447f0
work/tilegen-full-r1/canonical-indexput-model-r2/model.py	10764	f5607d042e84ed1b3a897f2b41212a727fbd58aeb21ddcb07ce5681ce6fce54f
work/tilegen-full-r1/canonical-indexput-model-r2/template-Decode2.json	139770	3a6877eab5ba578461f2dd3584fecf64af4876155e738bb8d28c1a043d8447f0
work/tilegen-full-r1/captured-allargs-helper-state-index-r1/observer/process-2042242-859905565/launch-arguments.jsonl	2372422	5ee38750955cdece730f11a4340f2a09ddb12051c36d7e71aed88700df28c90e
work/tilegen-full-r1/captured-allargs-helper-state-index-r1/observer/process-2042242-859905565/launch-journal.jsonl	10445940	02155a68fb06ed0e79d0c7ed196556952556a20264b1bcbf70687ac2a7aa3199
work/tilegen-full-r1/captured-allargs-helper-state-index-r1/observer/process-2042242-859905565/allocation-journal.jsonl	237673	49c986ead25453c765b472267fc28c7496d85092cd522059de65f8779512738b
work/tilegen-full-r1/captured-allargs-helper-state-index-r1/postprocess/witnesses/epoch-1-launch-11.json	24711	4ab00111190f5fb1684edaea10d88ea99e727f051e4c812746a89a3907de45f8
work/tilegen-full-r1/captured-allargs-helper-state-index-r1/postprocess/witnesses/epoch-2-launch-3.json	20230	fdc8a951bda1d8a72aa9cecf868f41b1be470061708e8576bfaf380d25eeb039
work/tilegen-full-r1/captured-allargs-helper-state-index-r1/postprocess/witnesses/epoch-3-launch-3.json	20230	8c0a618fda2415e9ceda96fa1b81d1a38b3f3dd1ef3b17ff73c55549dcd3a2ca
work/tilegen-full-r1/captured-allargs-helper-state-index-r1/postprocess/witnesses/epoch-3-launch-4.json	24702	8686a06e0b692e58289a7d148bb57034173562ca84b38c73fffef7516ba590e5
work/tilegen-full-r1/captured-allargs-helper-state-index-r1/postprocess/witnesses/epoch-2-launch-4.json	24706	7203ed6588dc0d369d7387b5adc196e97a8bd6ccb93f5b2a781a45d518228fe7
work/tilegen-full-r1/captured-allargs-helper-state-index-r1/postprocess/witnesses/epoch-1-launch-6.json	24700	c488e125e95ff0a2a448b204d01afd3a5b201c3b3640b458f00ddd095a46766c
work/tilegen-full-r1/captured-allargs-helper-state-index-r1/postprocess/witnesses/epoch-1-launch-9.json	50784	d66088eb519233f53aa3533ec43c8d2b67f8d1862080ea9950233dc7741e871d
work/tilegen-full-r1/captured-allargs-helper-state-index-r1/postprocess/witnesses/epoch-1-launch-401.json	24717	c6686d1c16393f4dd11f8736281242a9411711e148a326c22cb61b8a514c0d25
work/tilegen-full-r1/captured-allargs-helper-state-index-r1/postprocess/witnesses/epoch-1-launch-403.json	102579	d54063e9a98e93b70cef288ca7a0fead20f02dd1f5317d421d82bc846b0ffe88
work/tilegen-full-r1/captured-allargs-helper-state-index-r1/postprocess/witnesses/epoch-3-launch-0.json	102550	4ffe6b4f603073b6bb406911aea1efa23a64b8d8ad224f35910e2975509ba0d2
work/tilegen-full-r1/captured-allargs-helper-state-index-r1/postprocess/witnesses/epoch-3-launch-7.json	89704	3b66f1f4c7fa40b3f54c714198771ad454ff8824f83413cf43e4c502c8f35ba6
work/tilegen-full-r1/captured-allargs-helper-state-index-r1/postprocess/witnesses/epoch-2-launch-0.json	102550	d8eab38638f946dd1d44f55cc838e30fca3a5ef1cbd54ecb2cc9be34d9327ab3
work/tilegen-full-r1/captured-allargs-helper-state-index-r1/postprocess/witnesses/epoch-2-launch-7.json	89704	c1331606ffae35f445eb99d868471d31d8966e7f030f2d370403b3e85458f703
work/tilegen-full-r1/captured-allargs-helper-state-index-r1/postprocess/programs/epoch-1-launch-11.json	7744	ddbda103023aae5be87a684b8a5a1290a3725a47d56d9805b712bc6e1f4d6210
work/tilegen-full-r1/captured-allargs-helper-state-index-r1/postprocess/programs/epoch-2-launch-3.json	7323	92e92265152125b9f6a8b56c61ab485f2ffac690f0ea1f419d82322414198c55
work/tilegen-full-r1/captured-allargs-helper-state-index-r1/postprocess/programs/epoch-3-launch-3.json	7323	1f9bcb40e5a28bce1a13351623c3a640df73af001ae2a9068ffb6a9dfa7ebe58
work/tilegen-full-r1/captured-allargs-helper-state-index-r1/postprocess/programs/epoch-3-launch-4.json	7636	594ffc0f640d7230c53fc3337ffde3b7264d1413d1c83de7d1ed0c31f94c495b
work/tilegen-full-r1/captured-allargs-helper-state-index-r1/postprocess/programs/epoch-2-launch-4.json	7636	eb36e5f7ecfa59b599be25de7dad2f3ebf7c457ff3845644091718c5fa977874
work/tilegen-full-r1/captured-allargs-helper-state-index-r1/postprocess/programs/epoch-1-launch-6.json	7736	d8e8de6bb9b4a300c849535d6703864a3c3367f1272e78894b6f7c85616c8b00
work/tilegen-full-r1/captured-allargs-helper-state-index-r1/postprocess/programs/epoch-1-launch-9.json	9097	17d0e60bb9df1b7773f4bc127ce8116bcc897b3301535e35a1cc500d8fb9412d
work/tilegen-full-r1/captured-allargs-helper-state-index-r1/postprocess/programs/epoch-1-launch-401.json	8426	fb1ef80f20783814bce649ac67b5ded94ee3364ceaa86d17095a22e9e926c905
work/tilegen-full-r1/captured-allargs-helper-state-index-r1/postprocess/programs/epoch-1-launch-403.json	7891	3ef72f3006004e4cdc41e79ddbcbbbf2b4ea1b727383d6cc1ad43482eb8cfedb
work/tilegen-full-r1/captured-allargs-helper-state-index-r1/postprocess/programs/epoch-3-launch-0.json	7086	4a7fba3e43a17fa6be7768cfb20ddd6e533fba209bb180dde8639a74321dc262
work/tilegen-full-r1/captured-allargs-helper-state-index-r1/postprocess/programs/epoch-3-launch-7.json	17286	ae1d1baf61788e86babd3f7c53ef3776d75eaa6cc7e2c7eea56c90372b0c7bee
work/tilegen-full-r1/captured-allargs-helper-state-index-r1/postprocess/programs/epoch-2-launch-0.json	7086	a715a396a9ff3478fff05db2d3c35906486b549ff39f50e24fd2acb4a917f666
work/tilegen-full-r1/captured-allargs-helper-state-index-r1/postprocess/programs/epoch-2-launch-7.json	17251	c483899bc84a008b61fd68b5ad68267ba6503132724db7e62d4860fee24114bf
work/tilegen-full-r1/canonical-full-runtime-r2/added-calls.json	2136205	ba5f50f9f3592e5bbb16f23ceae0661c26fb25e55d2b4e4533f7ffa1f1706d85
work/tilegen-full-r1/canonical-gemv-model-r2/epoch-1-launch-405-template.json	4944	26be4554a1b012ff55ac55f443738875be86453c6b68cbdbcbd4ca438f0e7c27
work/tilegen-full-r1/canonical-gemv-model-r2/plan.json	2866054	049af7ff56a78113d0fb9c707ec08df13903e55eb5bc0fd0e9f20f5b2fd21da1
work/tilegen-full-r1/canonical-gemv-model-r2/epoch-2-launch-362-template.json	4944	7f883055bb3de15ed2fa54ba1ed0dc96c52abacdb883b088aceeb92fa2900c97
work/tilegen-full-r1/canonical-gemv-model-r2/manifest.json	2814	6221416c34f917d5c1c6c11f5082dc98c471ada165af94acc3e9b07c387759e3
work/tilegen-full-r1/canonical-gemv-model-r2/model.py	6702	916612c49ca201537db1424e24c32b65382cf03b7e94533144a956fe5e7a78f3
work/tilegen-full-r1/canonical-gemv-model-r2/epoch-3-launch-362-template.json	4942	76a114865d67780acd4e2976adf8bc2cfd0b430823b99153ca098b87785f031c
work/tilegen-full-r1/observation-output-compact-r1/manifest.json	2048	0b0fccc36c332116fe6148532f2be87c99438321efa7c4ae2fb2259e7d558582
work/tilegen-full-r1/observation-output-compact-r1/compact_cycle_overlap.h	4967	300646c4f07aded8a75960a76739f309e3e1968effe7716f93cb05392e12508e
work/tilegen-full-r1/captured-gate-pair-r1/postprocess/witnesses/epoch-2-launch-28.json	1658496	c98e6101ba3e1815d0163955c96b467222175fed9787dcb43b7431b3b6825883
work/tilegen-full-r1/captured-gate-pair-r1/postprocess/witnesses/epoch-3-launch-28.json	1658496	249aa020a56be9fd269bbb532410e402b40294eae4242482e37bfaf011b3381f
work/tilegen-full-r1/captured-gate-pair-r1/postprocess/programs/epoch-2-launch-28.json	667337	c0fc53be4f674dd2d7de754f97fc6ea7a7640be99d48e3b9126c714f9717273e
work/tilegen-full-r1/captured-gate-pair-r1/postprocess/programs/epoch-3-launch-28.json	667337	12f57bcd0df16579aec6e35b923e49f07f3ee221d930ff37da6fb775f6715bf6
work/tilegen-full-r1/compute-helper-reduce-argmax-observed-r2/compact.py	8062	27f3d0fe2471bef1a9407893bd67a32474a4e214ec9723cab3210b7c92952d6d
work/tilegen-full-r1/compute-helper-reduce-argmax-observed-r2/manifest.json	3616	cf6687b245c55081e38e73fad8b149207e795996695a7dc32e44c6ae757c4e13
work/tilegen-full-r1/compute-helper-reduce-argmax-observed-r2/domains.py	6052	a24bbc16663574a40200c5549eabcfaf2599c4c3dd008d826ecb657479aa738c
work/tilegen-full-r1/compute-helper-reduce-argmax-observed-r2/README.md	2022	81951c3cfe82f8b8b43b054194a4090ecee8135e5cfa978de3b9b63451e34b41
work/tilegen-full-r1/compute-helper-reduce-argmax-observed-r2/parent-pins.json	2406	7d17266685b10ced4c51f276e2649bfcf9c5b05745b9bcafe9ab6f7f0540c5d7
work/tilegen-full-r1/compute-helper-reduce-argmax-observed-r2/collector-pins.json	3825	e8c22066ae053c67490fc53f9877b2d8adee85c27c2c1f1578ed79abfcf157fc
work/tilegen-full-r1/compute-helper-reduce-argmax-observed-r2/revision.diff	822	582cd6705efa6e99a462fb7d7cfd93af12e80fdc225848ccacc9ce178635c6cd
work/tilegen-full-r1/compute-gemm-p28-lowering-draft-r3/model-correspondence.json	3753	957f80b549099f004236bd1280f46dd114f749628674db1701655f4fe880c5b2
work/tilegen-full-r1/compute-norm-native-candidate-r1/epoch-2-launch-9-metadata-r1-candidate.json	831943	00a06310e0969dca560c9261a26c0165c1a3d89c848158ca27f430aa5672a4cf
work/tilegen-full-r1/compute-norm-native-candidate-r1/epoch-1-launch-15-metadata-r1-candidate.json	845292	297492dea1aec29b6eff23f680867c5875eab8641fcb362ec77bde03e7c32237
work/tilegen-full-r1/canonical-prefillcopy-model-r1/source-oracle.json	680	699876612468cb4995f64c96094669f2487ed829f0a65366b74ff40f22eac1ef
work/tilegen-full-r1/canonical-prefillcopy-model-r1/plan.json	233545	92bb40f101c799c26ca04586d0249851d30e527eb14a9dce68cb37904ff3072e
work/tilegen-full-r1/canonical-prefillcopy-model-r1/manifest.json	2903	044a383a552e7ea9715d31093462450a0e15b4de4674cef55c804de0bf67b01f
work/tilegen-full-r1/canonical-prefillcopy-model-r1/build_plan.py	13098	1ed6c0315bc73a1f66289366009e05cce9876f35bd8f3caa2ee1b2a4a6ef0d0b
work/tilegen-full-r1/canonical-prefillcopy-model-r1/README.md	1504	8f768ce738ec23b18f4b97f1a657ecb516a23efc8a0fb75e65a2af0ffdc81f5a
work/tilegen-full-r1/canonical-prefillcopy-model-r1/template.json	67726	db750e800be0e8be6b721a84a00c7ffd088d779af603d8c969c5756b5e0c446f
work/tilegen-full-r1/canonical-prefillcopy-model-r1/validation.json	1216	412c51e9fd96be58b1d4f524120e301247632d47f89b82212170822f43401716
work/tilegen-full-r1/canonical-prefillcopy-model-r1/model.py	5583	c622fdba93c7c56e44c3bdbc34a659abd49780c997c3da16d867cfc30d7bc0a1
work/tilegen-full-r1/canonical-prefillcopy-model-r1/tests/check_contract.py	2180	e24bed3dbd9924f18247ae53502e61b5deeb56e8c2f0dab29784164098b4e1d4
work/tilegen-full-r1/canonical-prefillcopy-model-r1/tests/validation.json	1119	3d28708116a34070d3177887ea6bb94032fdb8a29ad139d39005336e70b1640e
work/tilegen-full-r1/compute-helper-basic-r1/manifest.json	3746	ab6148824373a68d1df9e34c6053303f90e53215c91e3d2d08a8fc566ea30529
work/tilegen-full-r1/compute-helper-basic-r1/actual-r1/epoch-1-launch-0.json	94160	e8f76d0dcd3a322e08750ff3726c85cb3373072908fb0aed08596c7220563e2a
work/tilegen-full-r1/compute-helper-basic-r1/actual-r1/epoch-1-launch-2.json	136984	44559d4c1a348a33c095e182a9e224eb78f2ad87b1a57e7213e4b608fb79be0c
work/tilegen-full-r1/compute-helper-basic-r1/actual-r1/epoch-1-launch-1.json	192609	a4fd5ce3136f2aaf8bb4e560d35272ac9fbdf12b40e5f5fa43096546fc1c8562
work/tilegen-full-r1/compute-silu-r1/program_model.py	8314	ad5a1e4acf9d8908f5b9a9c77c39341b4ed1cd2d57b59c23f4925352cfb8a83b
work/tilegen-full-r1/compute-silu-r1/epoch-1-launch-37-registers.json	3176555	c49c892cf7e5c1426d70ec267972338963e173515ce1078b7b98d19f14c39d0a
work/tilegen-full-r1/compute-silu-r1/manifest.json	25682	6a4680ef08eb5376d2d6b05b123bc74abef9a3c319c8b5c5f49438ec0bbbe2c9
work/tilegen-full-r1/compute-silu-r1/descriptor_contract.py	1578	d9418f04fc2a797b8b09e3aef67984f5e11da890cde902a1e631129e0884723c
work/tilegen-full-r1/compute-silu-r1/test_compiler.py	5653	bf09f39a3bc59b5823c60a0df3c85f77d48bcf2b795eb29c88ab4facb1dbbdd0
work/tilegen-full-r1/compute-silu-r1/epoch-3-launch-29-registers.json	3106964	5fff4028df2b0935a829af4d40b815992739138a3be8770942023e5117f63970
work/tilegen-full-r1/compute-silu-r1/epoch-2-launch-29-registers.json	3106964	e93897e60260cef7785769fec90667295d3ea51ca26750ba40825d7501c26e2b
work/tilegen-full-r1/compute-silu-r1/validate_program_dag.py	6490	215dffb261b18ba07fe5c03f3dd52e4f30348c87bc63fb7edd9c46138885ef48
work/tilegen-full-r1/compute-silu-r1/validate_formula.py	7951	a1779549704a89c8783a7ce9cb10bf28f1a45027d66e271e890b5ce663dde0ec
work/tilegen-full-r1/driver-pooled-fusednorm-r1/streaming.cpp	30882	261b77ca09a9445ef149aad5f8417424f5ea1b21bb22956eb71d6476fac8e550
work/tilegen-full-r1/compute-norm-metadata-r1/program_model.py	9584	30d1e3e866b7fb28ed8be2fd5bdf1df3662dfc151f37d9171b60d90ee202875b
work/tilegen-full-r1/compute-norm-metadata-r1/operand_rules.py	4563	077b77a0c3c625b7a2d4ae0443ad992955ea403c6784e9c1ebfba6ce87267a8f
work/tilegen-full-r1/compute-norm-metadata-r1/shared_contract.py	7054	fcc1be8941e4b931356becba9d129f8e05d71eed8affca5ec645d2fbd10f00a2
work/tilegen-full-r1/compute-norm-metadata-r1/capture_chain.py	12633	24d92a7cbef866cd0bebd4b28d79e9444ec5d0135334fc8d5d11d49eb375ceef
work/tilegen-full-r1/compute-norm-metadata-r1/descriptor_contract.py	2298	10b32767b5a5cf5bfe1f1a88a6424b9a2d4ee913236578cbc5923eac98a856bf
work/tilegen-full-r1/compute-norm-metadata-r1/validate_program_dag.py	6652	27d2ae74ce941f4bb79b6b52711b28eb758b487b46f26fdff5cb939d64358252
work/tilegen-full-r1/compute-norm-metadata-r1/metadata-evidence.json	13728	2874eb1c19118dc5980b5983f82780005d7d5373b14028e6695efbcaf6b21606
work/tilegen-full-r1/compute-norm-metadata-r1/input_contract.py	7146	40c56b5da385406393007089831c62218db39972fc953621cd03c31f0ad3a03b
work/tilegen-full-r1/compute-norm-metadata-r1/validate_formula.py	7241	bae7a726a4d3b4177680ba274ebbca241497893298cdfa4602de97bc8c3a7932
work/tilegen-full-r1/canonical-gemm-p28-address-r1/plan.json	445656	85663a65990f1f78e622c840ba7da04f2e467a70491440fc6c6d8e5073cdb8c3
work/tilegen-full-r1/canonical-gemm-p28-address-r1/build_plan.py	14835	d9e61de5aec34a1dfaa90d4ce08c9d7bfbc12639cf6d5c364efe11d9ebf709ae
work/tilegen-full-r1/canonical-gemm-p28-address-r1/model.py	12730	9c85f1ea81485dd79b81c6816c74aa1155d2b98df20a4cfbd1908aa1fd4d87ac
work/tilegen-full-r1/compute-rotary-native-candidate-r1/epoch-3-launch-22-candidate.json	309878	f3f7244563b961699ceac069091c35d692c8a717602c6f974d6e3e563da077a9
work/tilegen-full-r1/compute-rotary-native-candidate-r1/epoch-1-launch-29-candidate.json	947068	d857efbd578b38c90de4c9ea27c2e9ebd22bb2e463e638ced068cf9f505e5d4f
work/tilegen-full-r1/compute-rotary-native-candidate-r1/epoch-1-launch-29.stderr	0	e3b0c44298fc1c149afbf4c8996fb92427ae41e4649b934ca495991b7852b855
work/tilegen-full-r1/compute-rotary-native-candidate-r1/epoch-2-launch-22.stdout	151	8751f9f845b62273fc9d908c057e6d079deb8161eede2f227550f12d7bbe7d4a
work/tilegen-full-r1/compute-rotary-native-candidate-r1/finalize.py	10578	be1268e6cf7a4c5f01d38f0511a4b83d0785a07361c3b41a334d022e76fe90d1
work/tilegen-full-r1/compute-rotary-native-candidate-r1/manifest.json	4163	6a2d739e528cd84cd1f471ce27c04a05478890bee776e3c744e35bb0d0582892
work/tilegen-full-r1/compute-rotary-native-candidate-r1/README.md	4203	a5f05fade73fa9eb56ad5f010ca4317761fd5e429e40564f2f4259395fb16d04
work/tilegen-full-r1/compute-rotary-native-candidate-r1/run_actual.py	2637	7d190c3b15680e67b87b6f3b1ba3862b9a7ef96b486bbdc2a685220cb9163b62
work/tilegen-full-r1/compute-rotary-native-candidate-r1/epoch-1-launch-29.stdout	152	a424430cf4c46beed3e9b0b34d8480e771f53bab2f03e14593d79d5584278f71
work/tilegen-full-r1/compute-rotary-native-candidate-r1/epoch-2-launch-22.stderr	0	e3b0c44298fc1c149afbf4c8996fb92427ae41e4649b934ca495991b7852b855
work/tilegen-full-r1/compute-rotary-native-candidate-r1/epoch-3-launch-22.stdout	151	ff59d5906e2f08e1b39e9e62892e0822773e237dad42539b3ede65caebae74ff
work/tilegen-full-r1/compute-rotary-native-candidate-r1/runs.json	13901	6f67565ac72553242b49c7b6e14152dc410d2b54e591e8af59a02a8b759f5321
work/tilegen-full-r1/compute-rotary-native-candidate-r1/epoch-3-launch-22.stderr	0	e3b0c44298fc1c149afbf4c8996fb92427ae41e4649b934ca495991b7852b855
work/tilegen-full-r1/compute-rotary-native-candidate-r1/epoch-2-launch-22-candidate.json	309878	adda876a416924961dc7ead96eaefd2f47ed744488c996f045f549019f42c786
work/tilegen-full-r1/compute-rotary-native-candidate-r1/summary.json	55845	5c34461bd52c6bdc6c7c395736ae495f99a1cf74197d5fce9b3c4a118b9d2a2a
work/tilegen-full-r1/driver-gemm-p28-r2/manifest.json	5747	33d8fc873de1ff6d04589039476b038a48d395b5f0def6ff9eaf382fea919af6
work/tilegen-full-r1/compute-silu-prep-r1/operand_rules.py	8095	50afcf989a24d0224ee2986bd72b850a1fe2580e0ad08f596f2dffd6075625cd
work/tilegen-full-r1/compute-silu-prep-r1/historical-static.json	110013	2bbb72147632bbc5bf05fccc50ba697fe0f4a773df32db467d1a6e5c6ee61dd7
work/tilegen-full-r1/compute-silu-prep-r1/operand_evidence_r1/build_remote_v2.py	5758	3d28bb74aefd298da2ce262f75e9e54bfe3b2182c8c55d3eaa446d876ed4d4a2
work/tilegen-full-r1/compute-silu-prep-r1/operand_evidence_r1/operand_rules_r2.py	4673	a44371ee5bb7c49a18002ce24f1d548698621b5e39301b7e5e731d16e830e59f
work/tilegen-full-r1/compute-silu-prep-r1/operand_evidence_r1/build_remote.py	5755	2027730fc4c2871b3b5c4ad6f3335d307f9d4fc763f83db77884ce439359d327
work/tilegen-full-r1/compute-silu-prep-r1/operand_evidence_r1/probe.cu	1941	3a2e091c0e51c9f35071e37fa2937e55a8a5698abc555dee42ef80cfe719ccb2
work/tilegen-full-r1/compute-silu-prep-r1/operand_evidence_r1/probe-v2.cu	2932	e05f9db0b60cbd7aa79fb0ff45b13a3e5e52130ac4eff54c9d1dfb93137520a7
work/tilegen-full-r1/compute-silu-prep-r1/operand_evidence_r1/audit_liveness.py	5395	2aa4ed337a9c90fa0798c68a2970fa15c3b8b5722a4e3535af3bb33e96d29e95
work/tilegen-full-r1/compute-silu-prep-r1/operand_evidence_r1/liveness-evidence.json	16239	313a324dbdaab06aae3062d46a4ba66eb36306b59da85e2be60d8b61f99ce17d
work/tilegen-full-r1/compute-silu-prep-r1/operand_evidence_r1/build-r1/probe.ptx	3274	6953b2341642731a89b3cb2dea856d0f857982e05130582208dfa2f1ab5f4b9c
work/tilegen-full-r1/compute-silu-prep-r1/operand_evidence_r1/build-r1/receipt.json	6027	0e3f25d7b5b9dc119cfb6d849c710f130c88b26875731452fd525d7639859e20
work/tilegen-full-r1/compute-silu-prep-r1/operand_evidence_r1/build-r1/probe.sass	40486	047535c46ccd35da225f99e1bc7df9a9ac54550b2f24f5f427790857a8bcb3ff
work/tilegen-full-r1/compute-silu-prep-r1/operand_evidence_r1/build-r1/probe.cfg	6643	e541c8c9e3ce6142f5da0dfb27f03eb1678125c084480873139691bfe2963e12
work/tilegen-full-r1/compute-silu-prep-r1/operand_evidence_r1/build-r1/probe.liveness	75179	466e6b4a341b5c1dbd1e761b1669030af8db27e3d3cc0d734e662fc46bb8d913
work/tilegen-full-r1/compute-silu-prep-r1/operand_evidence_r1/build-r2/probe.ptx	4982	0053b94feae8becc6cd65410c9fd55450c0bb9f243a92a5b7ae8b10bfcfe8ff4
work/tilegen-full-r1/compute-silu-prep-r1/operand_evidence_r1/build-r2/receipt.json	6032	837e3efd34b597be0f5d096899115d5478267484647ea778d4c9015d82d020c1
work/tilegen-full-r1/compute-silu-prep-r1/operand_evidence_r1/build-r2/probe.sass	54137	d81eafd924b26f21e29de096d63218cdd9e7b0c5b28f9c6e345e40b610da5e93
work/tilegen-full-r1/compute-silu-prep-r1/operand_evidence_r1/build-r2/probe.cfg	8614	7e8a36ea5cdc933a4601edffce5d6102f6dcec85b0ddbe6c7d456df36c606095
work/tilegen-full-r1/compute-silu-prep-r1/operand_evidence_r1/build-r2/probe.liveness	103220	989cbe399d24e41b8c45a31b1c07815af61b6f4ef266eb50e12ef4ce5195129d
work/tilegen-full-r1/driver-pooled-norm-r1/norm-model-sources.json	157099	106110dce12a04fb4abf1451d8fb28b63a18a77832ec2981f21a63cddae4816c
work/tilegen-full-r1/driver-pooled-norm-r1/plans/prefill-cold32.json	3063	5fd765b2ba04d25b1bc225a2614cebddc3cd66899263fe73b7bb14a7ca6078d4
work/tilegen-full-r1/driver-pooled-norm-r1/plans/decode1-cold1.json	2989	e306100c17d6116cd492e0d5049dc3874f0675091c110c5675f00d9a8ef6c6ad
work/tilegen-full-r1/compute-rotary-prep-r2/contract.json	29641	44bd19745ae9d27424ad0c16eda84b21eea7c61ed737d73bf2e9358457864dca
work/tilegen-full-r1/canonical-full-runtime-r4/added-calls.json	2385174	ac9c3aeccd9294735c6daf78b95c760b39527448eb5571fbd38995deb53840af
work/tilegen-full-r1/canonical-full-runtime-r4/sealed-inputs.json	399321	7d0442e80df1a5dee7e266e11432582b332551931a2933c0e6e4c8eedd3082a7
work/tilegen-full-r1/compute-helper-state-index-r1/abi_contract.py	3579	942967a2713c646543d5a79018dbb37bd7941f737d64e7632d9953ef46ae0627
work/tilegen-full-r1/compute-helper-state-index-r1/operand_rules.py	3043	5e427fb1ef4467b89668e9d48d02830938dfaf02d00c4119084a8220cb1b00b6
work/tilegen-full-r1/compute-helper-state-index-r1/manifest.json	34974	74a7d652b965b494a6444c1d8ff8cd44c7cf52c406e04aa16946f1407e36ff9b
work/tilegen-full-r1/compute-helper-state-index-r1/lowerer.py	6154	b16a4d7e5f2e22c44a8d833878255273b41a88eed37ab07c7213b0a9d634deb5
work/tilegen-full-r1/compute-helper-state-index-r1/README.md	3513	59b07eb3af0b18a3af3a374035af61c0ae82f06a1b056b250993477bf87ca550
work/tilegen-full-r1/compute-helper-state-index-r1/run_actual.py	3295	29ff0b753ffe6439a9bf42c05728710f568eacf5b3876db7cca36311b96325f2
work/tilegen-full-r1/compute-helper-state-index-r1/reuse.py	3074	9ba8d27c2c463849cbb109cfb5f578d9a15573232249322a7fa1a929b5fe0fdf
work/tilegen-full-r1/compute-helper-state-index-r1/tests/test_lowerer.py	4639	94aa21517e052e40ebce6e6ef0a02ec9b77ff0886c66486ffecb460de7c984e0
work/tilegen-full-r1/compute-helper-state-index-r1/tests/validation.json	3967	0ffc713e62eb99d86153a8212a5d326777946ae286781a654cceb899c25bce13
work/tilegen-full-r1/compute-helper-state-index-r1/actual-r1/epoch-1-launch-11.json	5385	11b76043f1e8d6c8877141dcb478fbcdc63f5c47c17cf8a475ac5ddb11f5f8f3
work/tilegen-full-r1/compute-helper-state-index-r1/actual-r1/epoch-2-launch-3.json	4340	d6cff737484fed1b7a6e4ed0ad781e97fa46add3a5f52d08597859f02f4cce47
work/tilegen-full-r1/compute-helper-state-index-r1/actual-r1/epoch-3-launch-3.json	4340	f208fecb5cb95b3df98b42005b4165b4dee028b53b24b291ba3a3ff683459875
work/tilegen-full-r1/compute-helper-state-index-r1/actual-r1/epoch-3-launch-4.json	5381	4632953736ecd3058ecbcb72e1f5b979e98573034164dfff6a5975ea0829ec2c
work/tilegen-full-r1/compute-helper-state-index-r1/actual-r1/epoch-2-launch-4.json	5381	f0948bbc90233b54dac9736f81f2f2932f83ee024c4103156f6b4f9de3b12458
work/tilegen-full-r1/compute-helper-state-index-r1/actual-r1/epoch-1-launch-6.json	5381	19c8922f8c826d84cb66b6c53abd4c4d64a33d23275dc49cc88054b1e5d54ab8
work/tilegen-full-r1/compute-helper-state-index-r1/actual-r1/epoch-1-launch-9.json	5171	52a68fe7f3a84249192bef77ab0bdfd4c572f32f363eed68ff6acae53ad1c1fc
work/tilegen-full-r1/compute-helper-state-index-r1/actual-r1/epoch-1-launch-401.json	5389	28b2e1ed99ba1446b0e6bb8f9b416bc9721f0ed1ac74561e2ce4536bd6a84159
work/tilegen-full-r1/compute-helper-state-index-r1/actual-r1/epoch-1-launch-403.json	5696	2589c0305a99af5fe26eedb4f1df7b8d5deec09957230cfc5e8b6ac7ae190174
work/tilegen-full-r1/compute-helper-state-index-r1/actual-r1/epoch-3-launch-0.json	5688	4b27a27655ab1330be9489cbf78f20fbab2676f6f0e94f394db00b1bf2c5760e
work/tilegen-full-r1/compute-helper-state-index-r1/actual-r1/epoch-3-launch-7.json	7037	97f1bec51fe4601e77f6c4ffd9f46358fe93dd8d361aef531c8e1ba0f424f767
work/tilegen-full-r1/compute-helper-state-index-r1/actual-r1/epoch-2-launch-0.json	5688	fbb9a74a95b0ffe995f0a0f6e8296604a2cdd814da95ff724a63bff84e51a4a3
work/tilegen-full-r1/compute-helper-state-index-r1/actual-r1/review.json	4505	23524109ffe0b4650321e135007188c1a7f03250de3097423b58f208a33472b8
work/tilegen-full-r1/compute-helper-state-index-r1/actual-r1/epoch-2-launch-7.json	7037	ceae2966cb516638b3deda7d9d005b9fb3633a334c4bbbf43469eb502e80423b
work/tilegen-full-r1/canonical-norm-driver-r1/manifest.json	4892	4b37a943b9cbe9f05cbcb4b86e54ae281c857d1bd7a5fb8559de8ca3674a5951
work/tilegen-full-r1/canonical-norm-driver-r1/sealed-inputs.json	5140	0d6ddea572ebc9f9e5d9bd5c3947f1a822356648d91ba5cbe70c4548b47db69c
work/tilegen-full-r1/canonical-indexput-model-r1/source-oracle.json	11093	cf9c3b6592dce91dd3eadb81f0d6679ea3df395dbdc3c18b15a49266a2aaaaed
work/tilegen-full-r1/canonical-indexput-model-r1/plan.json	339899	6b422b4510c3b1b5dfb4ac7b718d344a86e3662e81faa14284aa5a8f330a4ff8
work/tilegen-full-r1/canonical-indexput-model-r1/test_model.py	5263	89eb474ddfaf63184bbc2ef699fbe4a2a7f9d9259f05e7c1cdcf66665db11b25
work/tilegen-full-r1/canonical-indexput-model-r1/manifest.json	3264	819fa0595fa67bf964df6868478402ab37008a11d88e1e0b516c9572af24d4ce
work/tilegen-full-r1/canonical-indexput-model-r1/build_plan.py	19635	59352c9d4ead9d5ea5740f77f23c629fa6352ffb5e902021cacc6c6b8c4551ef
work/tilegen-full-r1/canonical-indexput-model-r1/freeze.py	1158	56ecbf3d4dc565acc0229c06e81e40217b041cadf8a0ff61059f3d8c6c7646b9
work/tilegen-full-r1/canonical-indexput-model-r1/README.md	3765	aba8a9baa2130a524ff3a57f37ecf447ecb24d57c732ed1a2f9f79e952c40e3d
work/tilegen-full-r1/canonical-indexput-model-r1/template.json	157524	c996acaa95293b45ccd882d740cdbfd96a07064e64fc184e567ed1e8dfc3f920
work/tilegen-full-r1/canonical-indexput-model-r1/validation.json	1653	7718c682ec2c843dc350e61e798d3cfd08afe8c051fb88f844c2bf26328d56fd
work/tilegen-full-r1/canonical-indexput-model-r1/tests.json	2338	4e0cf80d6dfa7feb58a98217c651c7cebce357e96954c778e9159524cd554142
work/tilegen-full-r1/canonical-indexput-model-r1/model.py	10102	fbb917715c232834c501a9942c561a5244ca54df3c5be5d728639f33fabb58f7
work/tilegen-full-r1/captured-downproj-r1/postprocess/witnesses/epoch-2-launch-30.json	1658014	df6ba8292c0ba666290b887f8fb40bc81454d9888240caaa5ab8c5c54e2bf39e
work/tilegen-full-r1/captured-downproj-r1/postprocess/witnesses/epoch-3-launch-30.json	1658014	2d51127f9e1bf71c414f144e95657f503127865c01880fb34b4aa896e4273061
work/tilegen-full-r1/captured-downproj-r1/postprocess/programs/epoch-2-launch-30.json	2350427	8cff59fcf2a890350f5fe28600ebf0b55965c2f9e85a8d5950ae9f9fc3c348ce
work/tilegen-full-r1/captured-downproj-r1/postprocess/programs/epoch-3-launch-30.json	2350427	0e2e702410394206fcb82bfda7e97638e5e45b603c917c006ebfec2cddc7f0c8
work/tilegen-full-r1/runtime-compressed-frame-r1/manifest.json	7048	ad90414f345ed67a79f6cec08f52ac93917a1eec9afa9c6b8b68e3ece3683383
work/tilegen-full-r1/canonical-silu-model-r1/plan.json	880871	cde8cac6c0fabc6691b2bd4800a315b911efecf329ae556f8f523687dc793c79
work/tilegen-full-r1/canonical-silu-model-r1/test_model.py	5947	a07bdafb33c8517a5da4b42ad55b871b591d08600770b20d42e6b3c814efd325
work/tilegen-full-r1/canonical-silu-model-r1/manifest.json	2561	2bb86277851b3ab23d354ac0de4e61cc37884313c03ef36a5b1365d4c789e0b9
work/tilegen-full-r1/canonical-silu-model-r1/build_plan.py	14804	1f21d33b838b0bfaa99aa8aeb1067cfc27d19f2116a7ea5f2b39627482653fdf
work/tilegen-full-r1/canonical-silu-model-r1/README.md	7145	d97b59f5f8935612c6cb0bdfddea328f500cd5483ef3fb647701d9e35b238eb6
work/tilegen-full-r1/canonical-silu-model-r1/template.json	155958	47c5d3a34ceddff4ca39574ae6e8c7ba5d14f0f9ec4ed7c8ba7f380919ec1624
work/tilegen-full-r1/canonical-silu-model-r1/validation.json	60995	6b417c2cfdc9d2d5edce955d4a1ac5ac3e5b9dda245f2d53889d1b3cffaf7331
work/tilegen-full-r1/canonical-silu-model-r1/tests.json	4484	046405a8f9b85336b397d8a4eb2cc37cdd3d04657759d05cbc66f6be1908b859
work/tilegen-full-r1/canonical-silu-model-r1/model.py	9405	c21cc027550a425d80c569d2904f44176896f09d1045d51a2a457a69481db6d8
work/tilegen-full-r1/driver-pooled-rotary-r1/rotary-model-sources.json	230807	73e3fba0a2b89db919a5e5bad60d7dadf6513993aeac134a7c52f8b641a08245
work/tilegen-full-r1/driver-pooled-rotary-r1/artifacts/epoch-1-launch-29-classes.json	724097	5d539db297d71467825b7fc2bcb54608f0c92ff3c18f26d38ed17f92fcef3e07
work/tilegen-full-r1/driver-pooled-rotary-r1/artifacts/epoch-2-launch-22-classes.json	207310	e1bb48cf6bccc23c445931e99eab9127fa1c53586ac81b313451665723c3814d
work/tilegen-full-r1/driver-pooled-rotary-r1/artifacts/epoch-3-launch-22-classes.json	207310	41800b3ada465f0d1158e85c63dc5b0a55850cb6dff8c861bdfdc28cb7cf123c
work/tilegen-full-r1/canonical-indexput-driver-r2/manifest.json	8473	2837919eda078e879fc36590ee70536e6c526e4e34fe4025170579ecb58ed92a
work/tilegen-full-r1/canonical-indexput-driver-r2/sealed-inputs.json	12370	046f50a036af204325bad8a850a835087eafa56c2f89055d0727cd01f8a96ba0
work/tilegen-full-r1/compute-attention96-actual-r2/epoch-3-launch-25/attempt-1/lowering.json	31631	75c94b30efe13615c86e65f1d623404744f5d3ee311cd819abc2e63a3a971262
work/tilegen-full-r1/compute-attention96-actual-r2/epoch-3-launch-25/attempt-1/model-authority.json	2783	fecf1830659c3244e8bb6bb3c21dcda8dd4d7ba6c4c75fafdd87c492f08f285b
work/tilegen-full-r1/compute-attention96-actual-r2/epoch-3-launch-25/attempt-1/execution.json	26530	fbb165cab3f3b045bfba5807a3cb258e1152b26ba63f38fbe9108e9e4691eaf9
work/tilegen-full-r1/compute-attention96-actual-r2/epoch-2-launch-25/attempt-1/lowering.json	31635	731917c0f032b22e65670e16bf11393f4cf87485f508bbd6eb651121117466df
work/tilegen-full-r1/compute-attention96-actual-r2/epoch-2-launch-25/attempt-1/model-authority.json	2783	89dff8bda89a4357fda87e1f1303e279b6bf096651322afbad5d966208f7381e
work/tilegen-full-r1/compute-attention96-actual-r2/epoch-2-launch-25/attempt-1/execution.json	26533	19512a714d1565b2eb790af11c42dd54185587a2757f3fbc41679b4962ff21bd
work/tilegen-full-r1/compute-attention96-actual-r2/epoch-1-launch-31/attempt-1/lowering.json	38000	11b2ff5a53de6407bbf4643049e0b9f3ae477f11daeb58a6e1e73d4aecb0d9e7
work/tilegen-full-r1/compute-attention96-actual-r2/epoch-1-launch-31/attempt-1/model-authority.json	2786	7f2eb8e2939cef389bbcbbf0756d2abda372bbbcaf50b61c522b23547c7b2034
work/tilegen-full-r1/compute-attention96-actual-r2/epoch-1-launch-31/attempt-1/execution.json	26515	0091f688582008e9f91ca5027135949a52c0773ab90216e69c8704f7976e0a25
work/tilegen-full-r1/compute-norm-r1/program_model.py	9767	8e1ff1aa2091d6e7c5213e383c10f2e826d48fb3d18ce308010b25c14aaec813
work/tilegen-full-r1/compute-norm-r1/shared_contract.py	7054	fcc1be8941e4b931356becba9d129f8e05d71eed8affca5ec645d2fbd10f00a2
work/tilegen-full-r1/compute-norm-r1/capture_chain.py	12633	24d92a7cbef866cd0bebd4b28d79e9444ec5d0135334fc8d5d11d49eb375ceef
work/tilegen-full-r1/compute-norm-r1/descriptor_contract.py	2281	57b4bb10940c5b243684f751195bfb690f1006fbf6bf4b6a70e140d74933cf41
work/tilegen-full-r1/compute-norm-r1/validate_program_dag.py	6652	27d2ae74ce941f4bb79b6b52711b28eb758b487b46f26fdff5cb939d64358252
work/tilegen-full-r1/compute-norm-r1/input_contract.py	7146	40c56b5da385406393007089831c62218db39972fc953621cd03c31f0ad3a03b
work/tilegen-full-r1/compute-norm-r1/validate_formula.py	7241	bae7a726a4d3b4177680ba274ebbca241497893298cdfa4602de97bc8c3a7932
work/tilegen-full-r1/captured-allargs-helper-cast-index-b-r2/fetch-receipt.json	687	b0126e7bbf170f4cf386472ff15f6f6766be79ed7ff75a311928570c4f6e3bde
work/tilegen-full-r1/captured-allargs-helper-cast-index-b-r2/export-manifest.json	9791	d3e9a38af723f46f26b4475c8b5afd7854f66062c72a49ccd4e7a06add202cc6
work/tilegen-full-r1/captured-allargs-helper-cast-index-b-r2/observer/process-2046789-860197003/launch-arguments.jsonl	2372422	70c7a0fbb720a6e7b813d66822e91ba3a4bc8971e7522a735066e4d87c56a81b
work/tilegen-full-r1/captured-allargs-helper-cast-index-b-r2/observer/process-2046789-860197003/launch-journal.jsonl	10445940	6d5ac10c04dd39d07a1791f6c9ff473079a2e5190c309f9f56ed2c2849942425
work/tilegen-full-r1/captured-allargs-helper-cast-index-b-r2/observer/process-2046789-860197003/allocation-journal.jsonl	237673	9636865de1251be4241501a61fdc114ba8f59a7338ccb11c49f299d2dec0e108
work/tilegen-full-r1/captured-allargs-helper-cast-index-b-r2/artifacts/module_calls.json	2076405	cdf07c06f13d82cab828f228ce5ef87800ff609573318fbc509be2c74efef86c
work/tilegen-full-r1/captured-allargs-helper-cast-index-b-r2/artifacts/Prefill.json	6151	640572783505209da77fbbeb5f839109fab61be0cd75a59bf471810425a0b10f
work/tilegen-full-r1/captured-allargs-helper-cast-index-b-r2/artifacts/manifest.json	166772	a0c1ac588b1621b7a78f0e905aafb0bffb9c0bf9ee7d764854b2c39fa3513585
work/tilegen-full-r1/captured-allargs-helper-cast-index-b-r2/artifacts/Decode1.json	3532	0d46adee465e447d3d17b817f82f3c9e6343837237678eea50ecceea3c2b87d6
work/tilegen-full-r1/captured-allargs-helper-cast-index-b-r2/artifacts/files.sha256.json	843	c513c40e16f89317b5761fac062cc22b68e1f9b686379876244ab74b1b8a1c04
work/tilegen-full-r1/captured-allargs-helper-cast-index-b-r2/artifacts/Decode2.json	3539	ed103a275a25bd22702bc812c0c7bc54c827a640a2aebd3e92964b0d768fbc7d
work/tilegen-full-r1/captured-allargs-helper-cast-index-b-r2/postprocess/witnesses/epoch-3-launch-8.json	133541	cfde7dd7ab0789d4774a23980373c99a8d5ddb9d941ecc0f811f5b6df20d4e1e
work/tilegen-full-r1/captured-allargs-helper-cast-index-b-r2/postprocess/witnesses/epoch-3-launch-2.json	1104793	11ef2c5c0134bf08761b9406e4867b225359c0db4287ac87fe3b6d61a813bbcc
work/tilegen-full-r1/captured-allargs-helper-cast-index-b-r2/postprocess/witnesses/epoch-2-launch-363.json	895352	0b1bbba367c92648bad6c01380691694c412dfa39d5f421e5135fa4d38232aeb
work/tilegen-full-r1/captured-allargs-helper-cast-index-b-r2/postprocess/witnesses/epoch-2-launch-8.json	133541	6aad937889d450aebe9b233c9b51858b601f7d264d42db57785651934f4c640d
work/tilegen-full-r1/captured-allargs-helper-cast-index-b-r2/postprocess/witnesses/epoch-2-launch-2.json	1104793	a2f8db19a313f3f75b436bc3b0f5fdec31f24955778d5152615605074b960d7f
work/tilegen-full-r1/captured-allargs-helper-cast-index-b-r2/postprocess/witnesses/epoch-3-launch-363.json	895354	2019ac02a8075a34ebc3ab2a42b09f64d184c37666eaf32bd50c6e14d361a18c
work/tilegen-full-r1/captured-allargs-helper-cast-index-b-r2/postprocess/witnesses/epoch-1-launch-406.json	895360	d5123f7c8f5b2375b8d4a9bf79d1b94db6d43cc69b2163ddf44dabfffbe383ed
work/tilegen-full-r1/captured-allargs-helper-cast-index-b-r2/postprocess/witnesses/epoch-1-launch-404.json	1329500	9fe5fa61a2796171dd41476e796c7e6dd403720c4951fdf53c7b1f5c5cd6eb94
work/tilegen-full-r1/captured-allargs-helper-cast-index-b-r2/postprocess/witnesses/epoch-1-launch-14.json	158151	1dba2857a03be10bd442b6c3860fc27d61e1da80c7dea1ca13a37209d9189abc
work/tilegen-full-r1/captured-allargs-helper-cast-index-b-r2/postprocess/programs/epoch-3-launch-8.json	31970	91550c4baa4418724a8c7f3017cb60c6e13e8975c5b93965aa23babd2e14e1f3
work/tilegen-full-r1/captured-allargs-helper-cast-index-b-r2/postprocess/programs/epoch-3-launch-2.json	9576	370b9e4a7ee1cde4b5f03060022d3da2a6ca9d21f82829e780b815628116470d
work/tilegen-full-r1/captured-allargs-helper-cast-index-b-r2/postprocess/programs/epoch-2-launch-363.json	75515	f30a65123bc28d309999d4a03fffe1d33569da3360f26835492d7b6dd00a9919
work/tilegen-full-r1/captured-allargs-helper-cast-index-b-r2/postprocess/programs/epoch-2-launch-8.json	31970	f5e53fb99c7ea683ef9a69885308da7a88a9403dd880ff17b3f7297f98145f58
work/tilegen-full-r1/captured-allargs-helper-cast-index-b-r2/postprocess/programs/epoch-2-launch-2.json	9576	6a9bd40845a3ff732d4d2b3721a48008d93f2bc29db25f5792939f387eec4b96
work/tilegen-full-r1/captured-allargs-helper-cast-index-b-r2/postprocess/programs/epoch-3-launch-363.json	75518	d2862d32310db2063a39dace475f4f30b46a74ba8b1102bec3429e64f2ab6e70
work/tilegen-full-r1/captured-allargs-helper-cast-index-b-r2/postprocess/programs/epoch-1-launch-406.json	75631	de40bc02fe76f5d5084e023e77e718dc43887186ac0f029016be166ce8c24446
work/tilegen-full-r1/captured-allargs-helper-cast-index-b-r2/postprocess/programs/epoch-1-launch-404.json	122757	ef74526d1907cff41e0a7ab9e7c22fc7ffa5d364ccdd5bbcc50dd33c98f2742c
work/tilegen-full-r1/captured-allargs-helper-cast-index-b-r2/postprocess/programs/epoch-1-launch-14.json	72395	33a5950aa2712f69bb7f3ca338097d54c95264bf6b828a765648b90a107b0109
work/tilegen-full-r1/capture/compact_program.py	10408	e26ebc0514a78ba34e2e82c54345c7acb58662a4540bc66400ed88286cd8698b
work/tilegen-full-r1/capture/canonical-allargs-execution-r1/preflight.json	9747	a76f01008b08f0a5d60148b439b5be5c478c57ed35df048149212abfaf2774d7
work/tilegen-full-r1/capture/canonical-allargs-execution-r1/launch-command.json	35338	016492e33a98276deb090705be172a3e0457640b1e46e6e7a68df71f592aa77d
work/tilegen-full-r1/capture/simt-norm-descriptors-r1/sampler/descriptors.py	11191	54a9a21545f4ebb67db9491b6acf30155fdb247802824233e7f5249ddd55b37b
work/tilegen-full-r1/capture/simt-norm-descriptors-r1/sampler/descriptors.json	25404	eb9c790bccb18bf1c5553c7e5f953b67fc5722a6987b115b210aecd61c8de820
work/tilegen-full-r1/capture/canonical-prefillcopy-allargs-r1/producer/compact_program.py	10408	e26ebc0514a78ba34e2e82c54345c7acb58662a4540bc66400ed88286cd8698b
work/tilegen-full-r1/capture/canonical-fusednorm-allargs-r1/sample-plan.json	1148969	a279418798b6b3fc31c90113abec86e0e66ed8487fcf82fdd233d64d34cb0b7d
work/tilegen-full-r1/capture/canonical-fusednorm-allargs-r1/producer/manifest.json	1380	5d1d9e2f398969d230ac0d5abd57f628a9500e11ee331d75e5a573c3565fbe94
work/tilegen-full-r1/capture/canonical-fusednorm-allargs-r1/producer/run_capture.py	1058	b6678203ab54a1db026cebfa14b9333dafeb5a0e935a5e4dcba18546ebd10e42
work/tilegen-full-r1/capture/canonical-fusednorm-allargs-r1/producer/program_witness.py	11439	9948235662a7ef4bc91445e7f743afdf1e2269804c577cd828440861c94de8b5
work/tilegen-full-r1/capture/canonical-fusednorm-allargs-r1/producer/object_bindings_nvbit.py	28348	d50a60a38c5b5f80d044ad477f8bb6e8cc999ee1bd7bb0eaadeafb9ee948de4e
work/tilegen-full-r1/capture/canonical-fusednorm-allargs-r1/producer/compact_program.py	10408	e26ebc0514a78ba34e2e82c54345c7acb58662a4540bc66400ed88286cd8698b
work/tilegen-full-r1/capture/canonical-fusednorm-allargs-r1/producer/object_bindings.py	23610	cc700af7b727cf44d20a738d1101df42981d15a3059ef0a9d2945dd7375b68d0
work/tilegen-full-r1/capture/canonical-fusednorm-allargs-r1/producer/postprocess_compact.py	11211	f41be0367f0816c941c3b5e0cacedf558078c4d918a5eedd769cbc640ab5b87a
work/tilegen-full-r1/capture/canonical-fusednorm-allargs-r1/sampler/packet_pipe.h	5272	8435b93d3c0140b2b80a74b2bc715b224f619158fcc3a49082e14fe30fe5a947
work/tilegen-full-r1/capture/canonical-fusednorm-allargs-r1/sampler/descriptors.py	11765	7a4975df17b37c2994165d872efce955fff20767120d15700762e5aba287ed4a
work/tilegen-full-r1/capture/canonical-fusednorm-allargs-r1/sampler/stream_consumer.py	9245	7189fafb95d8924d751f5876cd9161045032709dd8e9e97fa7b6c06641d3b302
work/tilegen-full-r1/capture/canonical-fusednorm-allargs-r1/sampler/memory_common.h	880	2348e49acacb3e4fcd8eeba4aa9ed301d4d948f61279443172c0cbe0e43115ef
work/tilegen-full-r1/capture/canonical-fusednorm-allargs-r1/sampler/flush_ledger.h	1255	cc92eddbf558366e7a5ad704fe8d0b9fa531296432c2749a532f1e4a2cb65a15
work/tilegen-full-r1/capture/canonical-fusednorm-allargs-r1/sampler/shared_transfer_width.py	935	e1a28dfc4c198701167994fbb1d476dd2ac28399ee143b3c35ec75cfb4b30eed
work/tilegen-full-r1/capture/canonical-fusednorm-allargs-r1/sampler/manifest.json	7297	25bf314dfecf3fdccce3c824237338280b92e730be06620835f120fac6849ce7
work/tilegen-full-r1/capture/canonical-fusednorm-allargs-r1/sampler/compile_plan.py	5995	f123dd82fdf282addb22cf990ac8a7d3c2d02479592682e3a8988a3acdfaf9e2
work/tilegen-full-r1/capture/canonical-fusednorm-allargs-r1/sampler/native_resources.inc	2758	a66af9737011a3496d49ebd205576b498ff94f59246b3aedee33abbe82bb267a
work/tilegen-full-r1/capture/canonical-fusednorm-allargs-r1/sampler/program_runtime.inc	8308	b964415ad43d1d8a3125ea54727ebc05152c496b4d72e98ab925feca8f02d833
work/tilegen-full-r1/capture/canonical-fusednorm-allargs-r1/sampler/descriptor_tables.h	4876	7e17904cc98fc479a0eb27d8e48b57c265f0d9b3d8ff3023e875347137f426c9
work/tilegen-full-r1/capture/canonical-fusednorm-allargs-r1/sampler/sampler_runtime.h	22092	da1d7393c11f395c5b16cc532bd5b11a1da0356f342c2a88259c6497865d609d
work/tilegen-full-r1/capture/canonical-fusednorm-allargs-r1/sampler/shared_transfer_width.h	1107	81d85d7d8de194097376061b090a91d0ce3a0e7849533cef3a4993dfb81f9dc2
work/tilegen-full-r1/capture/canonical-fusednorm-allargs-r1/sampler/descriptor_batch.h	525	6759b0c97bf991846709691ce82697ac17bb5cfe20dbc779e9af770e228925d5
work/tilegen-full-r1/capture/canonical-fusednorm-allargs-r1/sampler/descriptors.json	30372	866b3f35078772547559755c71bf835342d12e0719bb0abb9e4a0306eff6a62b
work/tilegen-full-r1/capture/canonical-fusednorm-allargs-r1/sampler/program_args.h	2135	ab0d6edb99f467f2d9933251653ae9992d0a7fa9a7e8e1fd3dfb51816a372f04
work/tilegen-full-r1/capture/canonical-fusednorm-allargs-r1/sampler/argument-plan.json	1049244	0ae6c4d624fbaf9fc14deb3549dd8fbef9a1602e516e84de23a078d726d87eaa
work/tilegen-full-r1/capture/canonical-fusednorm-allargs-r1/sampler/writer_test.cpp	1896	c12e95b809cc388de2779c587d52a471d143893b0647ddae8ebe6c527d9d1759
work/tilegen-full-r1/capture/canonical-fusednorm-allargs-r1/sampler/program_stream.py	7147	2c74d349ff4ef16e6e6fb5fba89ea87cdcc747e176a750a49926448fe15e6011
work/tilegen-full-r1/capture/canonical-fusednorm-allargs-r1/sampler/program_inject_funcs.inc	1914	061c603439b2bcfa39e4291931f653c3db42ffb48f125a2fc6443163251f7d8d
work/tilegen-full-r1/capture/canonical-fusednorm-allargs-r1/sampler/runtime_selector.h	2915	821aefe89986f13be0aac0ed20df9081d8fcdec209e62c73e5cee60de66bebfb
work/tilegen-full-r1/capture/canonical-fusednorm-allargs-r1/sampler/ram_capture.py	2626	23f7ef275a78266ded2328484dda91a8d221ed9842112862879db7697ed5144b
work/tilegen-full-r1/capture/canonical-fusednorm-allargs-r1/sampler/argument_plan.h	518363	fc0b2bd8fbd8dd3785839439b5f082b0087417461c537d5ae881f0904c221cf8
work/tilegen-full-r1/capture/canonical-fusednorm-allargs-r1/sampler/batch.json	429	b2d6c884190405bfa60c9a2c7c1b6b1e67434f232aa6f5b56940457a8993b13e
work/tilegen-full-r1/capture/canonical-fusednorm-allargs-r1/sampler/argument_sideband.py	10836	1ebf107ce4f260049fe0a725a4b0ba55a4d30e354ac1388920a80cb6672ee2c4
work/tilegen-full-r1/capture/canonical-fusednorm-allargs-r1/sampler/argument_runtime.inc	1310	339fc28d0600d757e74bee583c7e10c3194609e5cae946ed06c950a36918cd1f
work/tilegen-full-r1/capture/canonical-fusednorm-allargs-r1/sampler/compile_argument_plan.py	2350	19009266200b8cf330b1863a28c594329ecb59bc14e2df493cb2b43c789e20ce
work/tilegen-full-r1/capture/canonical-fusednorm-allargs-r1/sampler/memory_inject_funcs.cu	5261	7e24b2aeb1d903fe5009fc9d361435b6364f72eb44c5ef9b84c89436570c2c97
work/tilegen-full-r1/capture/canonical-fusednorm-allargs-r1/sampler/sampler.cu	37750	acbbabab1a126991b7cfac7d9a08cb33ac3ddc499e05c93de2acf074fed03c98
work/tilegen-full-r1/capture/canonical-fusednorm-allargs-r1/sampler/stable_instrumentation.inc	13212	e5af4bd368cc925c51e767372a0b2c1cd504ee9614c342282b80db504eaa4fad
work/tilegen-full-r1/capture/canonical-fusednorm-allargs-r1/sampler/build.py	5190	0a2be2241c7435d993e6fb7f265cfdf4aef89780889e8cd7fbdb44469e968d89
work/tilegen-full-r1/capture/canonical-fusednorm-allargs-r1/sampler/compile_descriptors.py	1064	214f5351204697296bee68ef02f9c78a7a518f8fa4f80fa480b2f55a803f00b8
work/tilegen-full-r1/capture/canonical-fusednorm-allargs-r1/sampler/descriptor_config.py	3337	ac4170b26401e187e216aca31beeb9aad0348c8071e40a5cf7d223cdca6b323e
work/tilegen-full-r1/capture/canonical-fusednorm-allargs-r1/sampler/packet_stream.py	14445	6d6815d95af7e9fdbd53b59d1add461e76667ff728462531889ade233280f9f0
work/tilegen-full-r1/capture/canonical-fusednorm-allargs-r1/sampler/argument_capture.h	6353	35dc38640f6a3dbedae1094d8606673ef1909d8625647f47b64822d26a035398
work/tilegen-full-r1/capture/simt-silu-descriptors-r1/sampler/descriptors.py	8783	8ad3870c0a0a5b1d268640b0688a6625f4e94133b35c4c67cb34d17caf4c6fa1
work/tilegen-full-r1/capture/simt-silu-descriptors-r1/sampler/program_runtime.inc	8009	3c4bfca3cfbf3f34f959a3ecf1c554ea6b2295e444a99429671f7ee9342adf69
work/tilegen-full-r1/capture/simt-silu-descriptors-r1/sampler/descriptors.json	20512	6552bdb2cab15d68de2a8421b25f96cd9186f91ddf0cd2ffc700a3be24b1825d
work/tilegen-full-r1/capture/simt-silu-descriptors-r1/sampler/program_stream.py	7018	7d8d3f5efb5508290bfcb7982a76ef634026168a32540f9824dbe793dc272753
work/tilegen-full-r1/capture/canonical-gemm-down-allargs-r2/candidate-manifest.json	9875	64195e80029af9b07edd56e2d0a941c403b47e129d82a2c9ae11d1c86a3b23ef
work/tilegen-full-r1/capture/canonical-allargs-r1/derive.py	7337	6dbc90c42e532bdaee3204b1741f929c094de3791c7e2fff10a9638238a7b277
work/tilegen-full-r1/capture/canonical-allargs-r1/export_remote.py	8786	a1b563c477421780db114ad8a3cf3e64a5d0964288e10c50d276359b48a48788
work/tilegen-full-r1/capture/canonical-allargs-r1/freeze.py	4211	a3f839d5c5b88701f0f7c712d87b7296f8337e5cf0030ffefb96b02c52805d4c
work/tilegen-full-r1/capture/canonical-allargs-r1/README.md	6623	7f77a273686c7d2326350003a2d4d9011b4456e3bbb7ebc6d697bde36fca6956
work/tilegen-full-r1/capture/canonical-allargs-r1/derivation-inputs.json	2077	74a923966b02c66c8843ba5e90db2ecd0776f699adfef3dc2a8fe612de874d5b
work/tilegen-full-r1/capture/canonical-allargs-r1/sample-plan.json	1148951	d2fa4bc1d98649bc605c88720a7a3874727bcb12c4bced6fdff8adfb2d0f28e5
work/tilegen-full-r1/capture/canonical-allargs-r1/fetch.py	3479	3fd8eb9a6bffe3a9c01ba465dd9dfbc602062c57680207d07c6cbf22ba3b4000
work/tilegen-full-r1/capture/canonical-allargs-r1/revision.diff	53630	08ef5621ac45d0aed386981c400d25fc9d64c5f1102e652004ec9914b893583a
work/tilegen-full-r1/capture/canonical-allargs-r1/source-proof.json	9625	51837aa7d533bbd9606ddf558ccbdc144e34ae75fc88c37138aed048d495eb5d
work/tilegen-full-r1/capture/canonical-allargs-r1/verified_copy.py	3175	8f0bb1785dd19e264fe70746cdcb62d0b56cdf86f0a417fc7edb2e13358cee0f
work/tilegen-full-r1/capture/canonical-allargs-r1/make_copy_plan.py	4230	87ddd19be698ede6b41604572d61649f11cec545a5ad0c85c2b3d4963720401c
work/tilegen-full-r1/capture/canonical-allargs-r1/copy-plan.json	35541	8eb6ed21df382bc51a833551e4cedb6bd162f1f06a632c94307201121e16e2fe
work/tilegen-full-r1/capture/canonical-allargs-r1/candidate-manifest.json	10342	d14655bcfb29268b30d3f810350e948a05d5737defc95faf59fe019fca430962
work/tilegen-full-r1/capture/canonical-allargs-r1/producer/manifest.json	1379	99647afc947ea68f8c4b349c786bbf8c8afb3459d0dd8ec4396608460c9dacfe
work/tilegen-full-r1/capture/canonical-allargs-r1/producer/run_capture.py	1058	b6678203ab54a1db026cebfa14b9333dafeb5a0e935a5e4dcba18546ebd10e42
work/tilegen-full-r1/capture/canonical-allargs-r1/producer/program_witness.py	11395	3855a807dc215e3980bc4ff30d8c727326c32d158903180a05095228ca36fe59
work/tilegen-full-r1/capture/canonical-allargs-r1/producer/object_bindings_nvbit.py	28348	d50a60a38c5b5f80d044ad477f8bb6e8cc999ee1bd7bb0eaadeafb9ee948de4e
work/tilegen-full-r1/capture/canonical-allargs-r1/producer/compact_program.py	10408	e26ebc0514a78ba34e2e82c54345c7acb58662a4540bc66400ed88286cd8698b
work/tilegen-full-r1/capture/canonical-allargs-r1/producer/object_bindings.py	23610	cc700af7b727cf44d20a738d1101df42981d15a3059ef0a9d2945dd7375b68d0
work/tilegen-full-r1/capture/canonical-allargs-r1/producer/postprocess_compact.py	11211	f41be0367f0816c941c3b5e0cacedf558078c4d918a5eedd769cbc640ab5b87a
work/tilegen-full-r1/capture/canonical-allargs-r1/tests/test_invariants.py	4955	ef50c46345126eaee9f334c4d73c825c174ce4beec0f8bc3bb4efb3124e626d8
work/tilegen-full-r1/capture/canonical-allargs-r1/tests/test_host_mock.py	3273	4e67ba5d11092bcb997e71977c570b90644bc706341a311cf6785f9a3722885e
work/tilegen-full-r1/capture/canonical-allargs-r1/tests/invariant-results.json	15979	6ed40f0296eb2e2abfc733b46e45758d0b86c9870f24c501284677b3449e39d6
work/tilegen-full-r1/capture/canonical-allargs-r1/tests/test_export.py	6622	620a0089fc4c749b9c453f07898a0e1897276523387d4c4535e58ab24811f744
work/tilegen-full-r1/capture/canonical-allargs-r1/tests/test_seven_journals.py	6628	2eb547f8ca213b44189adb5399fa0a041b00e0c0f2993e1f9a142397981f3780
work/tilegen-full-r1/capture/canonical-allargs-r1/tests/export-tests.json	1226	c09e8d62e071bd972829b481cdbe082e6a99cbb58c86eefaf6669f1f9c67da42
work/tilegen-full-r1/capture/canonical-allargs-r1/tests/seven-journal-tests.json	4716	75ab7fb5c888095949ed83590f0a6c9ea4e9afb18439111f7cdf8bd00741b384
work/tilegen-full-r1/capture/canonical-allargs-r1/tests/test_copy_plan.py	3185	e02bbfd8e313dd44c4e36603e7787b0d6df9d05da6e3bc7dd9c53913c5ba1a77
work/tilegen-full-r1/capture/canonical-allargs-r1/tests/host-mock-results.json	4413	41c53b2e8a261b4580e3ef41b36d5b039a3e7d3953fb667822b45d4592d525fe
work/tilegen-full-r1/capture/canonical-allargs-r1/tests/host_mock.cpp	6320	4c84beeff29686fd9bd2bc01b0a793da0253a6c9d485353bb4d04c75731de1dc
work/tilegen-full-r1/capture/canonical-allargs-r1/sampler/packet_pipe.h	5272	8435b93d3c0140b2b80a74b2bc715b224f619158fcc3a49082e14fe30fe5a947
work/tilegen-full-r1/capture/canonical-allargs-r1/sampler/descriptors.py	11191	54a9a21545f4ebb67db9491b6acf30155fdb247802824233e7f5249ddd55b37b
work/tilegen-full-r1/capture/canonical-allargs-r1/sampler/stream_consumer.py	9245	7189fafb95d8924d751f5876cd9161045032709dd8e9e97fa7b6c06641d3b302
work/tilegen-full-r1/capture/canonical-allargs-r1/sampler/memory_common.h	880	2348e49acacb3e4fcd8eeba4aa9ed301d4d948f61279443172c0cbe0e43115ef
work/tilegen-full-r1/capture/canonical-allargs-r1/sampler/flush_ledger.h	1255	cc92eddbf558366e7a5ad704fe8d0b9fa531296432c2749a532f1e4a2cb65a15
work/tilegen-full-r1/capture/canonical-allargs-r1/sampler/manifest.json	6866	f578f9cd13fe13fa6c62bb5630b45b12b83a87b9aaf2c7c7fa96ad9187e19e7b
work/tilegen-full-r1/capture/canonical-allargs-r1/sampler/compile_plan.py	5995	f123dd82fdf282addb22cf990ac8a7d3c2d02479592682e3a8988a3acdfaf9e2
work/tilegen-full-r1/capture/canonical-allargs-r1/sampler/native_resources.inc	2758	a66af9737011a3496d49ebd205576b498ff94f59246b3aedee33abbe82bb267a
work/tilegen-full-r1/capture/canonical-allargs-r1/sampler/program_runtime.inc	8186	9f6451a766c968e7cd5abedad2077e368e982374ad680ac1e2b2c5eb4b09b7d7
work/tilegen-full-r1/capture/canonical-allargs-r1/sampler/descriptor_tables.h	4187	c4ee4c3012e387c08ca9b03cdc959d19a7ec54ad573e169070f720535c87a488
work/tilegen-full-r1/capture/canonical-allargs-r1/sampler/sampler_runtime.h	22092	da1d7393c11f395c5b16cc532bd5b11a1da0356f342c2a88259c6497865d609d
work/tilegen-full-r1/capture/canonical-allargs-r1/sampler/descriptor_batch.h	523	092432c6246174cdabb0cbf51258e9a162ff1c005586fc24d6e2063b4fe414ee
work/tilegen-full-r1/capture/canonical-allargs-r1/sampler/descriptors.json	25404	eb9c790bccb18bf1c5553c7e5f953b67fc5722a6987b115b210aecd61c8de820
work/tilegen-full-r1/capture/canonical-allargs-r1/sampler/program_args.h	2135	ab0d6edb99f467f2d9933251653ae9992d0a7fa9a7e8e1fd3dfb51816a372f04
work/tilegen-full-r1/capture/canonical-allargs-r1/sampler/argument-plan.json	1049244	0ae6c4d624fbaf9fc14deb3549dd8fbef9a1602e516e84de23a078d726d87eaa
work/tilegen-full-r1/capture/canonical-allargs-r1/sampler/writer_test.cpp	1896	c12e95b809cc388de2779c587d52a471d143893b0647ddae8ebe6c527d9d1759
work/tilegen-full-r1/capture/canonical-allargs-r1/sampler/program_stream.py	7018	7d8d3f5efb5508290bfcb7982a76ef634026168a32540f9824dbe793dc272753
work/tilegen-full-r1/capture/canonical-allargs-r1/sampler/program_inject_funcs.inc	1914	061c603439b2bcfa39e4291931f653c3db42ffb48f125a2fc6443163251f7d8d
work/tilegen-full-r1/capture/canonical-allargs-r1/sampler/runtime_selector.h	2915	821aefe89986f13be0aac0ed20df9081d8fcdec209e62c73e5cee60de66bebfb
work/tilegen-full-r1/capture/canonical-allargs-r1/sampler/ram_capture.py	2626	23f7ef275a78266ded2328484dda91a8d221ed9842112862879db7697ed5144b
work/tilegen-full-r1/capture/canonical-allargs-r1/sampler/argument_plan.h	518363	fc0b2bd8fbd8dd3785839439b5f082b0087417461c537d5ae881f0904c221cf8
work/tilegen-full-r1/capture/canonical-allargs-r1/sampler/batch.json	402	04e757196ab20207a379996df518e1cf619e377312c1ed3767e90a074771655c
work/tilegen-full-r1/capture/canonical-allargs-r1/sampler/argument_sideband.py	10836	1ebf107ce4f260049fe0a725a4b0ba55a4d30e354ac1388920a80cb6672ee2c4
work/tilegen-full-r1/capture/canonical-allargs-r1/sampler/argument_runtime.inc	1310	339fc28d0600d757e74bee583c7e10c3194609e5cae946ed06c950a36918cd1f
work/tilegen-full-r1/capture/canonical-allargs-r1/sampler/compile_argument_plan.py	2350	19009266200b8cf330b1863a28c594329ecb59bc14e2df493cb2b43c789e20ce
work/tilegen-full-r1/capture/canonical-allargs-r1/sampler/memory_inject_funcs.cu	5261	7e24b2aeb1d903fe5009fc9d361435b6364f72eb44c5ef9b84c89436570c2c97
work/tilegen-full-r1/capture/canonical-allargs-r1/sampler/sampler.cu	37748	3416d4306470fb0df1be8879e67d9db2fbfe66f3854907424e01c9de1b73ac49
work/tilegen-full-r1/capture/canonical-allargs-r1/sampler/stable_instrumentation.inc	13212	e5af4bd368cc925c51e767372a0b2c1cd504ee9614c342282b80db504eaa4fad
work/tilegen-full-r1/capture/canonical-allargs-r1/sampler/build.py	5190	0a2be2241c7435d993e6fb7f265cfdf4aef89780889e8cd7fbdb44469e968d89
work/tilegen-full-r1/capture/canonical-allargs-r1/sampler/compile_descriptors.py	1064	214f5351204697296bee68ef02f9c78a7a518f8fa4f80fa480b2f55a803f00b8
work/tilegen-full-r1/capture/canonical-allargs-r1/sampler/descriptor_config.py	3337	ac4170b26401e187e216aca31beeb9aad0348c8071e40a5cf7d223cdca6b323e
work/tilegen-full-r1/capture/canonical-allargs-r1/sampler/packet_stream.py	14445	6d6815d95af7e9fdbd53b59d1add461e76667ff728462531889ade233280f9f0
work/tilegen-full-r1/capture/canonical-allargs-r1/sampler/argument_capture.h	6353	35dc38640f6a3dbedae1094d8606673ef1909d8625647f47b64822d26a035398
work/tilegen-full-r1/capture/canonical-allargs-stage-r1/execution-r1/remote-build.json	32730	90240c6584d9d95fcf3e4d86fbfa42ac7786f3a0b202dc715419b9e42715b00c
work/tilegen-full-r1/capture/canonical-helper-reduce-argmax-allargs-r2/export_remote.py	9523	0162dce8f21690f4c079e21fa97b4215fde20bbb65ffbcbeb6cbff1f48697048
work/tilegen-full-r1/capture/canonical-helper-reduce-argmax-allargs-r2/sample-plan.json	1148887	ebca16bb10107ff5e8fa87d6114e61f0b42ad8f45afc1dbe7a7ffca30b090eca
work/tilegen-full-r1/capture/canonical-helper-reduce-argmax-allargs-r2/fetch.py	3741	7615da707de49648668c6370bd77a79d96af8df245b108f6eea04f470b82dab9
work/tilegen-full-r1/capture/canonical-helper-reduce-argmax-allargs-r2/candidate-manifest.json	14195	49ab7e808700773bf792e93d6df27c9b7aa89c26579699fe6004885bf4657563
work/tilegen-full-r1/capture/canonical-helper-reduce-argmax-allargs-r2/producer/scan_memory.py	11366	2f09ebb606e08f97dbd065e52af0c44d2f35997397732f4ddbe8efa858b0345a
work/tilegen-full-r1/capture/canonical-helper-reduce-argmax-allargs-r2/producer/manifest.json	1906	8f8c424ea4b8f0e19de94dbaac662f5993f4d273d4b08b9a8a2548071807bda1
work/tilegen-full-r1/capture/canonical-helper-reduce-argmax-allargs-r2/producer/reduce_memory.py	11704	03e6ed898e7240b94cf2336f120ac7811741e7754a401c856d6da1373128f0d8
work/tilegen-full-r1/capture/canonical-helper-reduce-argmax-allargs-r2/producer/async_witness.py	9800	6ec98e264e5e3df42472477956f1330fce23ff8d111738534c51c23171808a3d
work/tilegen-full-r1/capture/canonical-helper-reduce-argmax-allargs-r2/producer/run_capture.py	1058	b6678203ab54a1db026cebfa14b9333dafeb5a0e935a5e4dcba18546ebd10e42
work/tilegen-full-r1/capture/canonical-helper-reduce-argmax-allargs-r2/producer/sampled_anchors.py	8335	534c104f5124cb15521788f3733c552165ecf8940bd29269e91dbcdd822752a1
work/tilegen-full-r1/capture/canonical-helper-reduce-argmax-allargs-r2/producer/program_witness.py	15413	2bcf5c2aeb7154b8c9e43f82f51cfdf4fb593994bc5a8692b1ef4398b6d071ce
work/tilegen-full-r1/capture/canonical-helper-reduce-argmax-allargs-r2/producer/object_bindings_nvbit.py	28348	d50a60a38c5b5f80d044ad477f8bb6e8cc999ee1bd7bb0eaadeafb9ee948de4e
work/tilegen-full-r1/capture/canonical-helper-reduce-argmax-allargs-r2/producer/compact_program.py	10408	e26ebc0514a78ba34e2e82c54345c7acb58662a4540bc66400ed88286cd8698b
work/tilegen-full-r1/capture/canonical-helper-reduce-argmax-allargs-r2/producer/object_bindings.py	23610	cc700af7b727cf44d20a738d1101df42981d15a3059ef0a9d2945dd7375b68d0
work/tilegen-full-r1/capture/canonical-helper-reduce-argmax-allargs-r2/producer/postprocess_compact.py	13964	b63c9757d9ac8245e925b324f1b36d55fb95170209da72be43e1bba254b7c97f
work/tilegen-full-r1/capture/canonical-helper-reduce-argmax-allargs-r2/sampler/packet_pipe.h	6782	b948ae9c603f47fc07d8990dbde4b6cc09ac20a79e0152d0a35d8da0b940900c
work/tilegen-full-r1/capture/canonical-helper-reduce-argmax-allargs-r2/sampler/gemm.py	6971	fab7abdb9a1051278c7c6e47c6aa725a48a69bb7fc3aef3a9b9e5a3519043717
work/tilegen-full-r1/capture/canonical-helper-reduce-argmax-allargs-r2/sampler/gemm_contract.h	74443	b1c3e59f47631b54b7c02c30b282e9cb751aa01b3c03ced193bb633c122e507e
work/tilegen-full-r1/capture/canonical-helper-reduce-argmax-allargs-r2/sampler/descriptors.py	55770	e4665046a9a112d581f2edd11542718ecc01c38bcbb297fcaf847b02ad4494aa
work/tilegen-full-r1/capture/canonical-helper-reduce-argmax-allargs-r2/sampler/prefillcopy.py	4130	f55ab2160e82c58505a3881d81c0a4a45ef4a6e7020f1bb451f28d602817dddf
work/tilegen-full-r1/capture/canonical-helper-reduce-argmax-allargs-r2/sampler/scan_contract.h	415	09383bd0d8c27788269e9e623ba22bb94a61a3ebff988717dade20c2350065c1
work/tilegen-full-r1/capture/canonical-helper-reduce-argmax-allargs-r2/sampler/stream_consumer.py	11137	19fe2faa708da33aa75ae927c21ad420ba7590c723405ee2c7123ee015e87678
work/tilegen-full-r1/capture/canonical-helper-reduce-argmax-allargs-r2/sampler/memory_common.h	880	2348e49acacb3e4fcd8eeba4aa9ed301d4d948f61279443172c0cbe0e43115ef
work/tilegen-full-r1/capture/canonical-helper-reduce-argmax-allargs-r2/sampler/reduce_contract.h	1164	d60d82130ebcb64f50445ca9de9808fcd9b206b986c7e4ebf331476951381f12
work/tilegen-full-r1/capture/canonical-helper-reduce-argmax-allargs-r2/sampler/flush_ledger.h	1255	cc92eddbf558366e7a5ad704fe8d0b9fa531296432c2749a532f1e4a2cb65a15
work/tilegen-full-r1/capture/canonical-helper-reduce-argmax-allargs-r2/sampler/indexput_contract.h	880	b1c9d96094ca512c74deb0819cad048004eeb543edfc82c7b28a3f0b3f7e2358
work/tilegen-full-r1/capture/canonical-helper-reduce-argmax-allargs-r2/sampler/manifest.json	9028	1d2df08c2edccb4f1b0f5a14142e4a21d3fab7e76e80915881f84d14a10d9993
work/tilegen-full-r1/capture/canonical-helper-reduce-argmax-allargs-r2/sampler/rotary_operand_metadata.py	11105	fb257120c4f5422084518077cccef777b24eda2db9457b52bcc691a403b9f9a6
work/tilegen-full-r1/capture/canonical-helper-reduce-argmax-allargs-r2/sampler/indexput_sites.h	7564	283034ab65957d1d9ea766de174380e43b52199a80f693237a68ef3c597ffa30
work/tilegen-full-r1/capture/canonical-helper-reduce-argmax-allargs-r2/sampler/indexput-static.json	766999	4d0cb8158fd4f708e65764a9c12bae706b4cbb61b924309985792535a7736e85
work/tilegen-full-r1/capture/canonical-helper-reduce-argmax-allargs-r2/sampler/compile_plan.py	5995	f123dd82fdf282addb22cf990ac8a7d3c2d02479592682e3a8988a3acdfaf9e2
work/tilegen-full-r1/capture/canonical-helper-reduce-argmax-allargs-r2/sampler/native_resources.inc	2758	a66af9737011a3496d49ebd205576b498ff94f59246b3aedee33abbe82bb267a
work/tilegen-full-r1/capture/canonical-helper-reduce-argmax-allargs-r2/sampler/program_runtime.inc	13454	4aeaba907e41d1e69d88096899d65310a1c58749c4c5b134d9a817ab6145c7b2
work/tilegen-full-r1/capture/canonical-helper-reduce-argmax-allargs-r2/sampler/descriptor_tables.h	19460	22795e71e66d8d3492710a8abb2d5d079bd58a56c1fffc0315bfb977b97c6e60
work/tilegen-full-r1/capture/canonical-helper-reduce-argmax-allargs-r2/sampler/sampler_runtime.h	25499	7a45a9214a3852ca84f2ed127fa74bfaf61d16a54dd151f2dd853c08dc291cb3
work/tilegen-full-r1/capture/canonical-helper-reduce-argmax-allargs-r2/sampler/descriptor_batch.h	523	20d5b3e2bd7e254d629a1d1efcaaed3c8118f0f8cf24fa5cfadd8329c13d9e06
work/tilegen-full-r1/capture/canonical-helper-reduce-argmax-allargs-r2/sampler/descriptors.json	134566	9a5aa27b3ba932cd1c62b06c18a2ca8dae7d9493dae4640dab20b19adec07262
work/tilegen-full-r1/capture/canonical-helper-reduce-argmax-allargs-r2/sampler/program_args.h	3179	8df39a1cc881171af17aac502bd9e5b506ac4d8ee5892275741f61f12245932f
work/tilegen-full-r1/capture/canonical-helper-reduce-argmax-allargs-r2/sampler/argument-plan.json	1049244	0ae6c4d624fbaf9fc14deb3549dd8fbef9a1602e516e84de23a078d726d87eaa
work/tilegen-full-r1/capture/canonical-helper-reduce-argmax-allargs-r2/sampler/gemm-static.json	10678532	3f36dc0703bd863a59cfb115b52d88a045cac6721abfd19c9ef6ba0d37eac0c8
work/tilegen-full-r1/capture/canonical-helper-reduce-argmax-allargs-r2/sampler/writer_test.cpp	1896	c12e95b809cc388de2779c587d52a471d143893b0647ddae8ebe6c527d9d1759
work/tilegen-full-r1/capture/canonical-helper-reduce-argmax-allargs-r2/sampler/prefillcopy_contract.h	126	201054cf4574226fc7177b814287d2c8c6ea14a8a2a61dda4e0206f6482281d7
work/tilegen-full-r1/capture/canonical-helper-reduce-argmax-allargs-r2/sampler/program_stream.py	8591	84d03682de78a417bc034cc69c755d7ac225b19968209ca78f3b9036cf9a8f6e
work/tilegen-full-r1/capture/canonical-helper-reduce-argmax-allargs-r2/sampler/program_inject_funcs.inc	1985	5b6c981fecc0b34065559853ea7f759a5d14c9682ee18796a63fc470e99fdab3
work/tilegen-full-r1/capture/canonical-helper-reduce-argmax-allargs-r2/sampler/runtime_selector.h	3922	3835ecaf4af1452a59cdc164f9850d94d02dc00949337bbb63fe7f389e4c7b30
work/tilegen-full-r1/capture/canonical-helper-reduce-argmax-allargs-r2/sampler/argument_reference.h	1190	f59b8470e84397293ab44300004f550272ebd8ccc9ee0a258d18b81c541d0bad
work/tilegen-full-r1/capture/canonical-helper-reduce-argmax-allargs-r2/sampler/helper_constants.h	63129	02491907d8c3839eb31da61ede0f9de2fe935e4581c6f9a1687a177c109b2d9b
work/tilegen-full-r1/capture/canonical-helper-reduce-argmax-allargs-r2/sampler/ram_capture.py	2626	23f7ef275a78266ded2328484dda91a8d221ed9842112862879db7697ed5144b
work/tilegen-full-r1/capture/canonical-helper-reduce-argmax-allargs-r2/sampler/argument_plan.h	518363	fc0b2bd8fbd8dd3785839439b5f082b0087417461c537d5ae881f0904c221cf8
work/tilegen-full-r1/capture/canonical-helper-reduce-argmax-allargs-r2/sampler/batch.json	455	1b106312e2b9259b7d6121aaa65ed0ef4bfd6aead990c03e475f7e64cadb6064
work/tilegen-full-r1/capture/canonical-helper-reduce-argmax-allargs-r2/sampler/argument_sideband.py	10836	1ebf107ce4f260049fe0a725a4b0ba55a4d30e354ac1388920a80cb6672ee2c4
work/tilegen-full-r1/capture/canonical-helper-reduce-argmax-allargs-r2/sampler/argument_runtime.inc	1369	3c59dfad52568995afcae5451e0eb8d6cfda8065fbab491a1dc09b572994d41e
work/tilegen-full-r1/capture/canonical-helper-reduce-argmax-allargs-r2/sampler/compile_argument_plan.py	2350	19009266200b8cf330b1863a28c594329ecb59bc14e2df493cb2b43c789e20ce
work/tilegen-full-r1/capture/canonical-helper-reduce-argmax-allargs-r2/sampler/memory_inject_funcs.cu	5261	7e24b2aeb1d903fe5009fc9d361435b6364f72eb44c5ef9b84c89436570c2c97
work/tilegen-full-r1/capture/canonical-helper-reduce-argmax-allargs-r2/sampler/sampler.cu	38118	25349e8d079e10baeabebcfd3a8f30eb2286e073ab47a9a6238154f81f781986
work/tilegen-full-r1/capture/canonical-helper-reduce-argmax-allargs-r2/sampler/stable_instrumentation.inc	13242	bc89abeb106931a957de6cc6439f1f14e7c8b00649c6a6a93f05b7ca5fa4a65a
work/tilegen-full-r1/capture/canonical-helper-reduce-argmax-allargs-r2/sampler/build.py	5190	0a2be2241c7435d993e6fb7f265cfdf4aef89780889e8cd7fbdb44469e968d89
work/tilegen-full-r1/capture/canonical-helper-reduce-argmax-allargs-r2/sampler/compile_descriptors.py	1469	9cdb589be79f023895c1765341feb8dd6db51d0e797533708a8beb08e5c437b4
work/tilegen-full-r1/capture/canonical-helper-reduce-argmax-allargs-r2/sampler/rotary_operand_metadata.h	5731	068d733881167cbb222092dd4bf9dd4e780f960c5e5990929563c3ce2956b55d
work/tilegen-full-r1/capture/canonical-helper-reduce-argmax-allargs-r2/sampler/descriptor_config.py	3622	1426e67306e96243ac768ecea2faa6b935f9e2971bd74fdbf1a1eb403631398f
work/tilegen-full-r1/capture/canonical-helper-reduce-argmax-allargs-r2/sampler/helper_constants.py	6408	33d3f22b9b2ae75e6f1e946e879c5c23e9e4e62ac048d51c735db8c3b3d84d57
work/tilegen-full-r1/capture/canonical-helper-reduce-argmax-allargs-r2/sampler/indexput.py	7285	8d8b8dfd1eb68ecff604713bdaa688b99a7a31278de9e1b3888ac9750557efa0
work/tilegen-full-r1/capture/canonical-helper-reduce-argmax-allargs-r2/sampler/packet_stream.py	18548	21e2103f8551923e71f9369f8e7ed18384080e85868161f813d9942244a79fe3
work/tilegen-full-r1/capture/canonical-helper-reduce-argmax-allargs-r2/sampler/argument_capture.h	6353	35dc38640f6a3dbedae1094d8606673ef1909d8625647f47b64822d26a035398
work/tilegen-full-r1/capture/canonical-helper-cast-index-b-allargs-r2/candidate-manifest.json	13631	3966465b575b348beec9339f1c3ea11d0b2977e5eecce01a7adfba02e2eb4e5c
work/tilegen-full-r1/capture/canonical-helper-cast-index-b-allargs-r2/sampler/gemm.py	6953	4d53e169c615eb0368be7fe027aa837fdc47c0b459c36166ad81c1ef28ff59e8
work/tilegen-full-r1/capture/canonical-helper-cast-index-b-allargs-r2/sampler/descriptors.py	49109	a815196d9a03536631ef4b6b17e12a85e5b7438dd1915e63c44607c679811bab
work/tilegen-full-r1/capture/canonical-helper-cast-index-b-allargs-r2/sampler/prefillcopy.py	4130	f55ab2160e82c58505a3881d81c0a4a45ef4a6e7020f1bb451f28d602817dddf
work/tilegen-full-r1/capture/canonical-helper-cast-index-b-allargs-r2/sampler/stream_consumer.py	11137	19fe2faa708da33aa75ae927c21ad420ba7590c723405ee2c7123ee015e87678
work/tilegen-full-r1/capture/canonical-helper-cast-index-b-allargs-r2/sampler/manifest.json	8765	5f9c9a9266713d6cb3a90bc1afa9d68616c282dcaf8c7f420173927f191a2048
work/tilegen-full-r1/capture/canonical-helper-cast-index-b-allargs-r2/sampler/rotary_operand_metadata.py	11105	fb257120c4f5422084518077cccef777b24eda2db9457b52bcc691a403b9f9a6
work/tilegen-full-r1/capture/canonical-helper-cast-index-b-allargs-r2/sampler/indexput-static.json	766999	4d0cb8158fd4f708e65764a9c12bae706b4cbb61b924309985792535a7736e85
work/tilegen-full-r1/capture/canonical-helper-cast-index-b-allargs-r2/sampler/compile_plan.py	5995	f123dd82fdf282addb22cf990ac8a7d3c2d02479592682e3a8988a3acdfaf9e2
work/tilegen-full-r1/capture/canonical-helper-cast-index-b-allargs-r2/sampler/descriptors.json	120020	485d79bba981536809994d660eed4ec0aef330f869da5ceb9460ab59cf07923d
work/tilegen-full-r1/capture/canonical-helper-cast-index-b-allargs-r2/sampler/argument-plan.json	1049244	0ae6c4d624fbaf9fc14deb3549dd8fbef9a1602e516e84de23a078d726d87eaa
work/tilegen-full-r1/capture/canonical-helper-cast-index-b-allargs-r2/sampler/gemm-static.json	7493361	ccbb3af5ecb907c28a988a30182c66d59e11ccdc1f9544f21a8e25d77ac540c6
work/tilegen-full-r1/capture/canonical-helper-cast-index-b-allargs-r2/sampler/program_stream.py	8342	84390c1b3b500eb42cce025ba9b0fd8e72faf5633c9fdf65e63944ee918c127d
work/tilegen-full-r1/capture/canonical-helper-cast-index-b-allargs-r2/sampler/ram_capture.py	2626	23f7ef275a78266ded2328484dda91a8d221ed9842112862879db7697ed5144b
work/tilegen-full-r1/capture/canonical-helper-cast-index-b-allargs-r2/sampler/batch.json	577	3df52be1ec2d1487c7050c4cad90390400d0f9e78f5722f41010b7868d56c21f
work/tilegen-full-r1/capture/canonical-helper-cast-index-b-allargs-r2/sampler/argument_sideband.py	10836	1ebf107ce4f260049fe0a725a4b0ba55a4d30e354ac1388920a80cb6672ee2c4
work/tilegen-full-r1/capture/canonical-helper-cast-index-b-allargs-r2/sampler/compile_argument_plan.py	2350	19009266200b8cf330b1863a28c594329ecb59bc14e2df493cb2b43c789e20ce
work/tilegen-full-r1/capture/canonical-helper-cast-index-b-allargs-r2/sampler/build.py	5190	0a2be2241c7435d993e6fb7f265cfdf4aef89780889e8cd7fbdb44469e968d89
work/tilegen-full-r1/capture/canonical-helper-cast-index-b-allargs-r2/sampler/compile_descriptors.py	1469	9cdb589be79f023895c1765341feb8dd6db51d0e797533708a8beb08e5c437b4
work/tilegen-full-r1/capture/canonical-helper-cast-index-b-allargs-r2/sampler/descriptor_config.py	3622	1426e67306e96243ac768ecea2faa6b935f9e2971bd74fdbf1a1eb403631398f
work/tilegen-full-r1/capture/canonical-helper-cast-index-b-allargs-r2/sampler/helper_constants.py	6165	b79855768f346507286d438b6e9652c0549dd260e5f5b3eea6d6564c1d715e6e
work/tilegen-full-r1/capture/canonical-helper-cast-index-b-allargs-r2/sampler/indexput.py	7285	8d8b8dfd1eb68ecff604713bdaa688b99a7a31278de9e1b3888ac9750557efa0
work/tilegen-full-r1/capture/canonical-helper-cast-index-b-allargs-r2/sampler/packet_stream.py	16083	be92d8f5df47d8d03b7fc9ada5a0c393ad6fdafb9ffe22b62eea1e5e21f9b622
work/tilegen-full-r1/capture/canonical-helper-scan-allargs-r1/export_remote.py	9496	358c0127b316fbd90db1d43ca1c42a2508aa4bbbaeb88d103a4b53a7927c1d3a
work/tilegen-full-r1/capture/canonical-helper-scan-allargs-r1/sample-plan.json	1148904	d79a5eb1a630dacc2bca301966a94dd364d7146c3eac64ab49376957b4b7dfff
work/tilegen-full-r1/capture/canonical-helper-scan-allargs-r1/fetch.py	3723	269a8cc022c692525aced6d24174fe9f3e578631110a65aec07315e78388a5b7
work/tilegen-full-r1/capture/canonical-helper-scan-allargs-r1/candidate-manifest.json	14338	bf234c1368da6231a2f56202bfc2585eea8a82a680b7d366f1a3dd2c61d3a50a
work/tilegen-full-r1/capture/canonical-helper-scan-allargs-r1/producer/scan_memory.py	11366	2f09ebb606e08f97dbd065e52af0c44d2f35997397732f4ddbe8efa858b0345a
work/tilegen-full-r1/capture/canonical-helper-scan-allargs-r1/producer/manifest.json	1781	86ee94de4592125c778618a882ed7fb7c93900f4fbcc195eb24d4fb7cbbe77ad
work/tilegen-full-r1/capture/canonical-helper-scan-allargs-r1/producer/async_witness.py	9800	6ec98e264e5e3df42472477956f1330fce23ff8d111738534c51c23171808a3d
work/tilegen-full-r1/capture/canonical-helper-scan-allargs-r1/producer/run_capture.py	1058	b6678203ab54a1db026cebfa14b9333dafeb5a0e935a5e4dcba18546ebd10e42
work/tilegen-full-r1/capture/canonical-helper-scan-allargs-r1/producer/sampled_anchors.py	8335	534c104f5124cb15521788f3733c552165ecf8940bd29269e91dbcdd822752a1
work/tilegen-full-r1/capture/canonical-helper-scan-allargs-r1/producer/program_witness.py	15118	a611873657b3598c3de4e36591eed6fdca1eda892e6ffe6af3f81117d088d76e
work/tilegen-full-r1/capture/canonical-helper-scan-allargs-r1/producer/object_bindings_nvbit.py	28348	d50a60a38c5b5f80d044ad477f8bb6e8cc999ee1bd7bb0eaadeafb9ee948de4e
work/tilegen-full-r1/capture/canonical-helper-scan-allargs-r1/producer/compact_program.py	10408	e26ebc0514a78ba34e2e82c54345c7acb58662a4540bc66400ed88286cd8698b
work/tilegen-full-r1/capture/canonical-helper-scan-allargs-r1/producer/object_bindings.py	23610	cc700af7b727cf44d20a738d1101df42981d15a3059ef0a9d2945dd7375b68d0
work/tilegen-full-r1/capture/canonical-helper-scan-allargs-r1/producer/postprocess_compact.py	13958	68beab3a8753fec17cec69fe76a4d5f35c40fe3982948668b2a834bdfa2b6213
work/tilegen-full-r1/capture/canonical-helper-scan-allargs-r1/sampler/packet_pipe.h	6782	b948ae9c603f47fc07d8990dbde4b6cc09ac20a79e0152d0a35d8da0b940900c
work/tilegen-full-r1/capture/canonical-helper-scan-allargs-r1/sampler/gemm.py	6953	4d53e169c615eb0368be7fe027aa837fdc47c0b459c36166ad81c1ef28ff59e8
work/tilegen-full-r1/capture/canonical-helper-scan-allargs-r1/sampler/gemm_contract.h	67134	b0148d54b0145ccfcc3904c8538ea73978f3ddee085e5d362d512c4884c86a76
work/tilegen-full-r1/capture/canonical-helper-scan-allargs-r1/sampler/descriptors.py	52474	9b1e9fdee92dba102f04b62531437215ce9d9b5eaa1d2fd88b2d98b71d44512e
work/tilegen-full-r1/capture/canonical-helper-scan-allargs-r1/sampler/prefillcopy.py	4130	f55ab2160e82c58505a3881d81c0a4a45ef4a6e7020f1bb451f28d602817dddf
work/tilegen-full-r1/capture/canonical-helper-scan-allargs-r1/sampler/scan_contract.h	415	09383bd0d8c27788269e9e623ba22bb94a61a3ebff988717dade20c2350065c1
work/tilegen-full-r1/capture/canonical-helper-scan-allargs-r1/sampler/stream_consumer.py	11137	19fe2faa708da33aa75ae927c21ad420ba7590c723405ee2c7123ee015e87678
work/tilegen-full-r1/capture/canonical-helper-scan-allargs-r1/sampler/memory_common.h	880	2348e49acacb3e4fcd8eeba4aa9ed301d4d948f61279443172c0cbe0e43115ef
work/tilegen-full-r1/capture/canonical-helper-scan-allargs-r1/sampler/flush_ledger.h	1255	cc92eddbf558366e7a5ad704fe8d0b9fa531296432c2749a532f1e4a2cb65a15
work/tilegen-full-r1/capture/canonical-helper-scan-allargs-r1/sampler/indexput_contract.h	880	b1c9d96094ca512c74deb0819cad048004eeb543edfc82c7b28a3f0b3f7e2358
work/tilegen-full-r1/capture/canonical-helper-scan-allargs-r1/sampler/manifest.json	8902	58132d2ccbff1c25621f594a5db92c1f7edd9a4f250f7be349f1abdc1689e1ca
work/tilegen-full-r1/capture/canonical-helper-scan-allargs-r1/sampler/rotary_operand_metadata.py	11105	fb257120c4f5422084518077cccef777b24eda2db9457b52bcc691a403b9f9a6
work/tilegen-full-r1/capture/canonical-helper-scan-allargs-r1/sampler/indexput_sites.h	7564	283034ab65957d1d9ea766de174380e43b52199a80f693237a68ef3c597ffa30
work/tilegen-full-r1/capture/canonical-helper-scan-allargs-r1/sampler/indexput-static.json	766999	4d0cb8158fd4f708e65764a9c12bae706b4cbb61b924309985792535a7736e85
work/tilegen-full-r1/capture/canonical-helper-scan-allargs-r1/sampler/compile_plan.py	5995	f123dd82fdf282addb22cf990ac8a7d3c2d02479592682e3a8988a3acdfaf9e2
work/tilegen-full-r1/capture/canonical-helper-scan-allargs-r1/sampler/native_resources.inc	2758	a66af9737011a3496d49ebd205576b498ff94f59246b3aedee33abbe82bb267a
work/tilegen-full-r1/capture/canonical-helper-scan-allargs-r1/sampler/program_runtime.inc	12501	75b0ecb90fb9bd846784391edb964eadb19386f5449d5cd070525bf0b1c3a385
work/tilegen-full-r1/capture/canonical-helper-scan-allargs-r1/sampler/descriptor_tables.h	18653	3e47443ac674d03dd4274e7434b7ae284fe78594352a373eb7ac1ba8a53535fd
work/tilegen-full-r1/capture/canonical-helper-scan-allargs-r1/sampler/sampler_runtime.h	25114	87f7144e57882083c51fe687fe5d2c855a2e7e650afa63d3beb9e82af20fb4e9
work/tilegen-full-r1/capture/canonical-helper-scan-allargs-r1/sampler/descriptor_batch.h	505	fa3a873dd47f2c25b9d596150f574aff889b596ef98ba85ed89d6f9c75bb8cfc
work/tilegen-full-r1/capture/canonical-helper-scan-allargs-r1/sampler/descriptors.json	128200	cfdaea2bd061fa05aadd1b80f0ed9cc3ada54bf240af701feaecf32b3458f10f
work/tilegen-full-r1/capture/canonical-helper-scan-allargs-r1/sampler/program_args.h	3179	8df39a1cc881171af17aac502bd9e5b506ac4d8ee5892275741f61f12245932f
work/tilegen-full-r1/capture/canonical-helper-scan-allargs-r1/sampler/argument-plan.json	1049244	0ae6c4d624fbaf9fc14deb3549dd8fbef9a1602e516e84de23a078d726d87eaa
work/tilegen-full-r1/capture/canonical-helper-scan-allargs-r1/sampler/gemm-static.json	7943120	4c1016a24da0bd8e6851406e4ffe55e230ea9f1decb5135d0600ef69aa5346b5
work/tilegen-full-r1/capture/canonical-helper-scan-allargs-r1/sampler/writer_test.cpp	1896	c12e95b809cc388de2779c587d52a471d143893b0647ddae8ebe6c527d9d1759
work/tilegen-full-r1/capture/canonical-helper-scan-allargs-r1/sampler/prefillcopy_contract.h	126	201054cf4574226fc7177b814287d2c8c6ea14a8a2a61dda4e0206f6482281d7
work/tilegen-full-r1/capture/canonical-helper-scan-allargs-r1/sampler/program_stream.py	8411	02e0c4d10810a7c29c6818191c590a406533f62eb676e360a24f33157e17880d
work/tilegen-full-r1/capture/canonical-helper-scan-allargs-r1/sampler/program_inject_funcs.inc	1985	5b6c981fecc0b34065559853ea7f759a5d14c9682ee18796a63fc470e99fdab3
work/tilegen-full-r1/capture/canonical-helper-scan-allargs-r1/sampler/runtime_selector.h	3366	ca1ccb4740a0502bb41f6d6f6f33a2e0433a1cde19e194bed9fc22fcf561b8b5
work/tilegen-full-r1/capture/canonical-helper-scan-allargs-r1/sampler/argument_reference.h	1190	f59b8470e84397293ab44300004f550272ebd8ccc9ee0a258d18b81c541d0bad
work/tilegen-full-r1/capture/canonical-helper-scan-allargs-r1/sampler/helper_constants.h	56417	be71fdc37f398f72bca96d9875d056ead6ed5ccd75aaf7f3490de62be846e250
work/tilegen-full-r1/capture/canonical-helper-scan-allargs-r1/sampler/ram_capture.py	2626	23f7ef275a78266ded2328484dda91a8d221ed9842112862879db7697ed5144b
work/tilegen-full-r1/capture/canonical-helper-scan-allargs-r1/sampler/argument_plan.h	518363	fc0b2bd8fbd8dd3785839439b5f082b0087417461c537d5ae881f0904c221cf8
work/tilegen-full-r1/capture/canonical-helper-scan-allargs-r1/sampler/batch.json	467	807aae03961448cd10bc47e742e846e9f321529124820009828d42e63152ffda
work/tilegen-full-r1/capture/canonical-helper-scan-allargs-r1/sampler/argument_sideband.py	10836	1ebf107ce4f260049fe0a725a4b0ba55a4d30e354ac1388920a80cb6672ee2c4
work/tilegen-full-r1/capture/canonical-helper-scan-allargs-r1/sampler/argument_runtime.inc	1369	3c59dfad52568995afcae5451e0eb8d6cfda8065fbab491a1dc09b572994d41e
work/tilegen-full-r1/capture/canonical-helper-scan-allargs-r1/sampler/compile_argument_plan.py	2350	19009266200b8cf330b1863a28c594329ecb59bc14e2df493cb2b43c789e20ce
work/tilegen-full-r1/capture/canonical-helper-scan-allargs-r1/sampler/memory_inject_funcs.cu	5261	7e24b2aeb1d903fe5009fc9d361435b6364f72eb44c5ef9b84c89436570c2c97
work/tilegen-full-r1/capture/canonical-helper-scan-allargs-r1/sampler/sampler.cu	38118	25349e8d079e10baeabebcfd3a8f30eb2286e073ab47a9a6238154f81f781986
work/tilegen-full-r1/capture/canonical-helper-scan-allargs-r1/sampler/stable_instrumentation.inc	13212	e5af4bd368cc925c51e767372a0b2c1cd504ee9614c342282b80db504eaa4fad
work/tilegen-full-r1/capture/canonical-helper-scan-allargs-r1/sampler/build.py	5190	0a2be2241c7435d993e6fb7f265cfdf4aef89780889e8cd7fbdb44469e968d89
work/tilegen-full-r1/capture/canonical-helper-scan-allargs-r1/sampler/compile_descriptors.py	1469	9cdb589be79f023895c1765341feb8dd6db51d0e797533708a8beb08e5c437b4
work/tilegen-full-r1/capture/canonical-helper-scan-allargs-r1/sampler/rotary_operand_metadata.h	5731	068d733881167cbb222092dd4bf9dd4e780f960c5e5990929563c3ce2956b55d
work/tilegen-full-r1/capture/canonical-helper-scan-allargs-r1/sampler/descriptor_config.py	3622	1426e67306e96243ac768ecea2faa6b935f9e2971bd74fdbf1a1eb403631398f
work/tilegen-full-r1/capture/canonical-helper-scan-allargs-r1/sampler/helper_constants.py	4716	563d47f812e391917e08faefb72b68aa24b221b6d857d014dcca298a635dcf41
work/tilegen-full-r1/capture/canonical-helper-scan-allargs-r1/sampler/indexput.py	7285	8d8b8dfd1eb68ecff604713bdaa688b99a7a31278de9e1b3888ac9750557efa0
work/tilegen-full-r1/capture/canonical-helper-scan-allargs-r1/sampler/packet_stream.py	16844	96a63215d77de26f4ed688388f108cbd414025a8d8014400782f6e72dd187422
work/tilegen-full-r1/capture/canonical-helper-scan-allargs-r1/sampler/argument_capture.h	6353	35dc38640f6a3dbedae1094d8606673ef1909d8625647f47b64822d26a035398
work/tilegen-full-r1/capture/canonical-gemm-og-allargs-r2/candidate-manifest.json	9896	fb35dc62e2dcc2fc24dfc2cb7768ac75184e32e0b08a143a20be457f476c99b6
work/tilegen-full-r1/capture/canonical-helper-state-index-allargs-r1/candidate-manifest.json	13861	837495a1a3161d5404b7d7cac6a96dbee2a1474f64b22546f7ab058b0b2fc0ae
work/tilegen-full-r1/capture/canonical-rotary-allargs-r2/producer/program_witness.py	12082	4175cc41145ed91b13a9bb7f6563e1d91914783981450bcdb834680798055384
work/tilegen-full-r1/capture/canonical-rotary-allargs-r2/sampler/program_runtime.inc	8631	d50059b4153a7fa9652bc0ceaa2df94e721cbc8240ca120910db2569a3770a7d
work/tilegen-full-r1/capture/canonical-rotary-allargs-r2/sampler/program_stream.py	7233	6a92ffaafaf21017347a1269eb70fbebbd35a2b8aa6beee7864958b6290596a0
work/tilegen-full-r1/capture/canonical-helper-cast-index-allargs-r1/candidate-manifest.json	14457	601cdd63333e759bd6c43560ad9a7620c0908176ac2b89bcc4ec8276490c87ff
work/tilegen-full-r1/capture/canonical-helper-cast-index-allargs-r1/sampler/descriptors.py	42708	8cbbb359ced259d2455bb43af71ab0f0edc9a3eb5ee912a893b94b68a3c4f43e
work/tilegen-full-r1/capture/canonical-helper-cast-index-allargs-r1/sampler/gemm-static.json	4935655	22eeb5d6ad3893d58ee7de0b473e1595df20108a94f4953a2ddff7ea992526aa
work/tilegen-full-r1/capture/canonical-helper-cast-index-allargs-r1/sampler/helper_constants.py	3633	6bfdd0b4f7b6f35335ebcf50f397d6a37d5e0f1fa334d01150505fb14f3ec1df
work/tilegen-full-r1/compute-helper-state-index-observed-r1/compact.py	6509	c139bde47989ebbf5fa8ec06a3095a4f14bfb52467e2dc4d7bffc6e7e993b00c
work/tilegen-full-r1/compute-helper-state-index-observed-r1/manifest.json	3171	cb4816d00feeb898e19ac7f6d9f361f06936ac855ff2339d6919eb0c0427430b
work/tilegen-full-r1/compute-helper-state-index-observed-r1/domains.py	8402	c4ba739c74b8a064245f0e5f1331a64a4ffe074a08df385d9da0e3eb920919f8
work/tilegen-full-r1/compute-helper-state-index-observed-r1/collector-pins.json	12277	4fafb86fd1c923fcf9430c0f62634d6f3f2bbc31c8ee02e03d59b39bddbe563a
work/tilegen-full-r1/captured-allargs-indexput-decode2-r1/postprocess/programs/epoch-3-launch-24.json	73641	87d8272db9cf55a94582c0e750dba8b23049251eb39a546f4212d30329583b05
work/tilegen-full-r1/captured-allargs-indexput-decode2-r1/postprocess/programs/epoch-3-launch-23.json	72737	7f0011e0493e35670f9a355e0f6bf84f18d22dd46399c0c8b454e52a23ea501e
work/tilegen-full-r1/captured-allargs-attention-prefill-r1/observer/process-2024358-859723368/launch-arguments.jsonl	2372550	06c1bbea54d3afdcdd5b00f9867280e695a9be804f1ead9d5f26997a523110a6
work/tilegen-full-r1/captured-allargs-attention-prefill-r1/observer/process-2024358-859723368/launch-journal.jsonl	10445806	159fd4835a731f313ab10e940f0db5f4fdcd17b4b2dc9ba7672ba31fc931a7ea
work/tilegen-full-r1/captured-allargs-attention-prefill-r1/observer/process-2024358-859723368/allocation-journal.jsonl	237673	823ac5f3d4d2c0d01d0f0fe83ba9b2dbd5ac81d3432f6b9753b398c1a86ae8ea
work/tilegen-full-r1/captured-allargs-attention-prefill-r1/artifacts/module_calls.json	2076405	f771d5ca2f038c2f66321835204d231c844a2313dfac7b72a860d238b09ae5ec
work/tilegen-full-r1/captured-allargs-attention-prefill-r1/artifacts/tensor_roots.json	230952	da4d54a83e3f3ae7acf6461eaa9efbcaf4b59dcf3bacd46a268d8bd263a85358
work/tilegen-full-r1/captured-allargs-attention-prefill-r1/postprocess/witnesses/epoch-1-launch-31.json	5353787	e2eb748c97b5d9ceb419985be5c75599f6e839e793562d87d18829169446ec5d
work/tilegen-full-r1/captured-allargs-attention-prefill-r1/postprocess/programs/epoch-1-launch-31.json	1241465	7aa317bbebb9c588013a68d5d6b7f21e97848f04efb919990d618d53fe85ffd3
work/tilegen-full-r1/compute-helper-cast-index-r1/abi_contract.py	4574	e0f9354f895c3b445ed9de5e95a06627ece23a979f73b49cd4f0c30b6b8c4f56
work/tilegen-full-r1/compute-helper-cast-index-r1/operand_rules.py	3554	634fa10ab81db08d2be08f81266acb57016654755d3055517125d47600306846
work/tilegen-full-r1/compute-helper-cast-index-r1/manifest.json	33412	467ccc5bbeee0a2fb94700b73139ec4c7c39cf97ab8fb3fb3b8233b5b19a0a9c
work/tilegen-full-r1/compute-helper-cast-index-r1/lowerer.py	6327	b994aa8f224dc2f9203dde7ba544bab01a2763f49bf0b28b7945c1f6bcca1f7b
work/tilegen-full-r1/compute-helper-cast-index-r1/README.md	4001	f13d082ed837764668f63b720ffcdacf404a4a804ed67a1da73d8b968e1f000c
work/tilegen-full-r1/compute-helper-cast-index-r1/run_actual.py	3291	b7c0cfbab9d81349ded56a9087fc1f5436ba23972aea4e1967914aeeff94bc65
work/tilegen-full-r1/compute-helper-cast-index-r1/revision.diff	12836	a124887ab6892e209d3157519ee3ebc5bc3f885bccfa23b47ba91c112a4cb3e4
work/tilegen-full-r1/compute-helper-cast-index-r1/reuse.py	3107	c3a4e7a044df5a80bfe2835884f950ac00d97f3c5174d8956deeeee0caaa62ae
work/tilegen-full-r1/compute-helper-cast-index-r1/attempt-1-source/abi_contract.py	4574	e0f9354f895c3b445ed9de5e95a06627ece23a979f73b49cd4f0c30b6b8c4f56
work/tilegen-full-r1/compute-helper-cast-index-r1/attempt-1-source/operand_rules.py	3543	cc4cacfb43f903a3b9ca22e9e90109dc1a1a5b38462cf5c53bcf736069a12c0c
work/tilegen-full-r1/compute-helper-cast-index-r1/attempt-1-source/lowerer.py	6327	b994aa8f224dc2f9203dde7ba544bab01a2763f49bf0b28b7945c1f6bcca1f7b
work/tilegen-full-r1/compute-helper-cast-index-r1/attempt-1-source/run_actual.py	3291	0875e4c022b6a78fc9b811bb844db65703f891a3b1a1209494ac74dd02d75285
work/tilegen-full-r1/compute-helper-cast-index-r1/attempt-1-source/reuse.py	3107	c3a4e7a044df5a80bfe2835884f950ac00d97f3c5174d8956deeeee0caaa62ae
work/tilegen-full-r1/compute-helper-cast-index-r1/tests/test_lowerer.py	4475	771ecc4500e9819bafb7a9e9f86b602cd6da610e570690e8d83f62c99591dea4
work/tilegen-full-r1/compute-helper-cast-index-r1/tests/validation.json	2689	0f03be9234b250434e259ecd80f86738ca7957be687aa0b676f279af425a547a
work/tilegen-full-r1/compute-helper-cast-index-r1/actual-r2/epoch-3-launch-6.json	7472	7f6b96d64baaa3b2595d36f2d16afadec05148b20d8b37687f51aeaac06e6892
work/tilegen-full-r1/compute-helper-cast-index-r1/actual-r2/epoch-1-launch-8.json	7471	6a1bcbc3657b57c654b32e4b6fb85b3655066831df1fc898f38fb6ba3042a3b0
work/tilegen-full-r1/compute-helper-cast-index-r1/actual-r2/epoch-1-launch-10.json	7869	5a23e21e79e78f2ee3cfe42b13928aec608149ae5280f3633ca63fb025383b4f
work/tilegen-full-r1/compute-helper-cast-index-r1/actual-r2/epoch-1-launch-13.json	7474	7c92c8477ab10126d06f92306ae22b14a23f05cd5e9f144b4638cc3fdd805e99
work/tilegen-full-r1/compute-helper-cast-index-r1/actual-r2/epoch-1-launch-400.json	7528	54e16509f161b12ee0de1917cf8889a601616a2862de0de819917004ee86f6bf
work/tilegen-full-r1/compute-helper-cast-index-r1/actual-r2/epoch-1-launch-5.json	7516	cdd45a1d8423dacb4346c1104cb133bac64a2215b08f93290fcbd1f8695d5640
work/tilegen-full-r1/compute-helper-cast-index-r1/actual-r2/epoch-2-launch-6.json	7471	57b5fe44df43351f49bb304df43b8345159b4186b250aa33a1e63f85355cbb10
work/tilegen-full-r1/compute-helper-cast-index-r1/actual-r2/epoch-2-launch-1.json	7471	da8ce4d16c2689299c34bc53065c43e3ac11f1ce2d3ffbcc0d27b0f4e93e1e7a
work/tilegen-full-r1/compute-helper-cast-index-r1/actual-r2/epoch-3-launch-1.json	7471	2979f0269f53bace80b1867c6b6867f601d9ec4aa66008779004edaae520a5bd
work/tilegen-full-r1/compute-helper-cast-index-r1/actual-r2/epoch-1-launch-3.json	7516	48f39f448956ca44626729ab644a262759e461b5f28a2671c2f8c2915312fa80
work/tilegen-full-r1/compute-helper-cast-index-r1/actual-r2/review.json	3633	d0292ea7d817ad033e0d8bc6baffc4cc93378e3ec726df4788d8bd6052167c77
work/tilegen-full-r1/compute-helper-cast-index-r1/actual-r1/failure.json	105	a6f08c8e2e2526bd598377b56f1eb1a9ce0d516e3667b84b7fc8793e77b9b22a
work/tilegen-full-r1/captured-a67-qkv-r1/postprocess/witnesses/epoch-2-launch-21.json	1096660	8272f53d57190d2e5e482037a0d9331feede087068d949e5160d045a35e9157d
work/tilegen-full-r1/captured-a67-qkv-r1/postprocess/witnesses/epoch-3-launch-21.json	1096664	8e46c2b8d61464dc7fcee997c0d5e2a4b40099bab016d4a68f01d028daf6f510
work/tilegen-full-r1/captured-a67-qkv-r1/postprocess/programs/epoch-2-launch-21.json	664852	b7befb6a7e6147f6317ed4ce185948ad7c2061a1853a8aed78bd4e84c82fac47
work/tilegen-full-r1/captured-a67-qkv-r1/postprocess/programs/epoch-3-launch-21.json	664856	2ed97b8d893b7f65306da91678c112decef99b1f3e613d9f60332ad138075ec9
work/tilegen-full-r1/captured-allargs-indexput-decode1-r1/postprocess/programs/epoch-2-launch-23.json	72737	7a942fb026ce0c821618a0f3c25731159c6ecf6b05b3392c9dd22120c7ec555e
work/tilegen-full-r1/captured-allargs-indexput-decode1-r1/postprocess/programs/epoch-2-launch-24.json	73641	bb1db27b2f1b4aaf833e2ecfac36a99127c7753b6c54741c56b0494c40ef35a9
work/tilegen-full-r1/public-flashinfer-0.2.9rc2/source/flashinfer/decode.py	80657	71f4c2439d5a9b7975923ae5e5124c3dbf0722264302e950975fa51e2af61964
work/tilegen-full-r1/public-flashinfer-0.2.9rc2/source/flashinfer/prefill.py	114004	ebbc48aba5b6ffa39af0781021d48702bb94405ecd47c0523f0a999e6e47629b
work/tilegen-full-r1/public-flashinfer-0.2.9rc2/source/csrc/batch_decode.cu	9104	54194742da8f728edc84ec809366ffc9b7a4e2dfb381cbbf78c6e63aa19680b3
work/tilegen-full-r1/public-flashinfer-0.2.9rc2/source/csrc/batch_prefill.cu	14973	88b68dc24ce650401ec14a0d0e7662fa48bd990f761046173423de7d1c24ae6e
work/tilegen-full-r1/public-flashinfer-0.2.9rc2/source/include/flashinfer/page.cuh	28685	1712c443756671ddabd32fe58dbdc0f87fe3e25c6fdc31f44d51316ca0d0beab
work/tilegen-full-r1/public-flashinfer-0.2.9rc2/source/include/flashinfer/activation.cuh	2356	8b400ad65615c08953d79964488654a750b817231bda98a4c48487ee4f4586fd
work/tilegen-full-r1/public-flashinfer-0.2.9rc2/source/include/flashinfer/fastdiv.cuh	3080	8205f1166d4225be8d361dfe457508e9ee0142722f270d2a86e41d2822f58a93
work/tilegen-full-r1/public-flashinfer-0.2.9rc2/source/include/flashinfer/norm.cuh	13430	a4c010e8aa1acbeeb7ea1f09a4ddf53d89facc1a144e99b5242ab8a40d8923c3
work/tilegen-full-r1/public-flashinfer-0.2.9rc2/source/include/flashinfer/pos_enc.cuh	39029	90eeb221e1f9075c0a0c81e53fb40e047d6a7180f34f836d21c3758c0826b2b3
work/tilegen-full-r1/public-flashinfer-0.2.9rc2/source/include/flashinfer/attention/prefill.cuh	123346	a687ce63b061e4946b684496d3463bbcf823885337624825a39f8822f8bba0e2
work/tilegen-full-r1/public-flashinfer-0.2.9rc2/source/include/flashinfer/attention/decode.cuh	52003	e6ee4c856def4d8a3a1a278dfe4a42087fd3ffb17829a0a70cd1c5b2effebbe6
work/tilegen-full-r1/public-flashinfer-0.2.9rc2/source/include/flashinfer/attention/scheduler.cuh	78418	d43c09f91be0fc8c195578997298628c543d3ba9799cc7ccfdc7148ae9599faf
work/tilegen-full-r1/captured-allargs-helper-basic-r1/observer/process-2037922-859847749/launch-arguments.jsonl	2372550	73f8a101bcac4386ea41dc7fa327bcf675a47c3972536ea93fe78bde56bc1f43
work/tilegen-full-r1/captured-allargs-helper-basic-r1/artifacts/Prefill.json	6151	48b2d6f7669ec8d1f3fc47e890a8ee7877e5cd9ed3767dd35048ac3117dd1ca8
work/tilegen-full-r1/captured-allargs-helper-basic-r1/artifacts/manifest.json	166772	9dca849d76c1bed329b77dafd1bee75a733f6c944eac75f6b7b08bcc7990cef4
work/tilegen-full-r1/captured-allargs-helper-basic-r1/postprocess/witnesses/epoch-1-launch-0.json	129628	c464ee57b67c6c6ab52870b4700fdc986b9567d51eb6456743fac0b5d6d68765
work/tilegen-full-r1/captured-allargs-helper-basic-r1/postprocess/witnesses/epoch-1-launch-2.json	87431	3bb8d0cdf886e18688f7c75fe06af5f2b12d715b6b0627b84f9b27abb44db89c
work/tilegen-full-r1/captured-allargs-helper-basic-r1/postprocess/witnesses/epoch-1-launch-1.json	179419	47e1cd6d0e686ea98f6f0a3617ad8fc30a19ccc184a5ddf9e6c92b6347ccca26
work/tilegen-full-r1/captured-allargs-helper-basic-r1/postprocess/programs/epoch-1-launch-0.json	7611	e6b8b4010f5d98e2392bdd7743cf506849245d419af56917293326898aa4dfca
work/tilegen-full-r1/captured-allargs-helper-basic-r1/postprocess/programs/epoch-1-launch-2.json	12853	05a213ab18ff1ecfac29cce4791b1c5a0c2955e12af43eb16356d735650bce96
work/tilegen-full-r1/captured-allargs-helper-basic-r1/postprocess/programs/epoch-1-launch-1.json	16782	738318fb3eb2b3761ef2e4ab2ee986d3d1947ac0f9654faaf50adae9b934ac47
work/tilegen-full-r1/captured-silu-decode-r1/consumer.json	3126	be4794394f6bf09a86b2158beb3971b20fbd550b30aef15c1bb051dd11dca887
work/tilegen-full-r1/captured-silu-decode-r1/source-identity.json	46027	c32b75affbc54138b7e15b2a7552aa5d8feaf10b1f7689bf2e55f273d6774b71
work/tilegen-full-r1/captured-silu-decode-r1/producer-exit.json	691	570185801bb46cda83fe4aba7c76f96d955984460abbe2d91eca093559965198
work/tilegen-full-r1/captured-silu-decode-r1/observer/process-1842438-855071280/finish.json	6585	bb1e512c23e49609ab8b0c181b5879d71a23c23dfbc083fe2484caff6add64b0
work/tilegen-full-r1/captured-silu-decode-r1/postprocess/witnesses/epoch-3-launch-29.json	408663	4bfa0eda68fd83a55e56af96afaf069757adc6ceb32f248067786f08d7c7d0a5
work/tilegen-full-r1/captured-silu-decode-r1/postprocess/witnesses/epoch-3-launch-29-qualification.json	13327	76bbc2bc5daa76e1e2d51b7991e5832aff39e849bcf0886888ed188ea59a2788
work/tilegen-full-r1/captured-silu-decode-r1/postprocess/witnesses/epoch-2-launch-29.json	408663	0b71b08f825cdb8c0af66ed448705d23f657deac78671502407c5e7b02773971
work/tilegen-full-r1/captured-silu-decode-r1/postprocess/witnesses/epoch-2-launch-29-qualification.json	13327	1fb7f60b6d4d882494b59c943b0ba6882982bd18cb58eb732ae39e86da8d734e
work/tilegen-full-r1/captured-silu-decode-r1/postprocess/programs/epoch-3-launch-29.json	501036	0899063852e0109ab87a7b1e10891cb7027ad9c8d3698f2994acf0754e7baa7f
work/tilegen-full-r1/captured-silu-decode-r1/postprocess/programs/epoch-2-launch-29.json	501036	d1d3a806ab7a4e250d6e11b43a83cac2c90047fc4ddc145979de41162d0117b0
work/tilegen-full-r1/captured-allargs-fusednorm-r1/consumer.json	4599	0b62cb87abddf635943920d9d19f1839d47121ec2e7b67cc6dcd442b2a294f9a
work/tilegen-full-r1/captured-allargs-fusednorm-r1/source-identity.json	48149	3e0fcf3f844ba009be1af2483f5e040b6368971ca4389d622f3bf60e69fdf9b5
work/tilegen-full-r1/captured-allargs-fusednorm-r1/controller.json	113567	735eedb5e07f8c9779eb73b519943427731941a972dab4392de866d5eb5672e2
work/tilegen-full-r1/captured-allargs-fusednorm-r1/producer-exit.json	703	c16cbbc6d87433bd1778b306ba5153638bdc5b936a1952505169162736bc5db5
work/tilegen-full-r1/captured-allargs-fusednorm-r1/export-manifest.json	6377	b48caa09dac4107ca32324d0398a5d814a9182a3342c052441da17819c2a72ed
work/tilegen-full-r1/captured-allargs-fusednorm-r1/observer/process-1946199-857952533/finish.json	6743	3cbd6428ab891b8f56d493a2c033517da22ad75cde82756960894c993ac55043
work/tilegen-full-r1/captured-allargs-fusednorm-r1/observer/process-1946199-857952533/launch-arguments.jsonl	2372550	69da5eb50781d8a586296ec18a4fdbe6c917b41d0d433d4c0ba5bff2d04af769
work/tilegen-full-r1/captured-allargs-fusednorm-r1/observer/process-1946199-857952533/static-instructions.jsonl	81179498	d2683d66faf5e7b845732c0901ed06cf497e1b3fcb4bd5212b01aa8d5ebe3673
work/tilegen-full-r1/captured-allargs-fusednorm-r1/observer/process-1946199-857952533/functions.jsonl	306784	95ac2b00fccac1beb28416b96f0561632aa649a62532310231a60fc46b4a294a
work/tilegen-full-r1/captured-allargs-fusednorm-r1/observer/process-1946199-857952533/launch-journal.jsonl	10445806	26a8f21d7bdfa755ef2efcb372a11a587dc5e6174a48b284fc8566dc160e616c
work/tilegen-full-r1/captured-allargs-fusednorm-r1/observer/process-1946199-857952533/scope-journal.jsonl	772481	a8508c771578a5b44bc3f1dc90a84a1e2a484a28157e00ecd21d00cdc64bff39
work/tilegen-full-r1/captured-allargs-fusednorm-r1/observer/process-1946199-857952533/allocation-journal.jsonl	237673	9ac262e8a75a962dde2244846d3646e08f59bba1379416e2e6184760cfcef33a
work/tilegen-full-r1/captured-allargs-fusednorm-r1/observer/process-1946199-857952533/lifecycle.jsonl	4387	d9f51435b9ef554eadae072f1fe2dd2ac4cfe6663543c955c36b97b881fd3da1
work/tilegen-full-r1/captured-allargs-fusednorm-r1/artifacts/module_calls.json	2076405	be4943590b282e3b69031b1d701729d60ba17d90aac8870195727af70083e821
work/tilegen-full-r1/captured-allargs-fusednorm-r1/artifacts/Prefill.json	6151	3f4d2394a21f88e1ade313d33c7c4ecb39bdf086c76aea231229cbbfaf1bfacb
work/tilegen-full-r1/captured-allargs-fusednorm-r1/artifacts/manifest.json	166772	cca1f9bafce87eedcd80d8b3c17d994c6e5226397a71cb515ae8fb76643813be
work/tilegen-full-r1/captured-allargs-fusednorm-r1/artifacts/Decode1.json	3531	9b46dddc1d3820dd7867d79032f6be07bb1c01dd875646005b367cf4181447c7
work/tilegen-full-r1/captured-allargs-fusednorm-r1/artifacts/files.sha256.json	843	d626100628d2d5a61e92ff72c2fe8b540bf2387e61772b741939321892cf9957
work/tilegen-full-r1/captured-allargs-fusednorm-r1/artifacts/Decode2.json	3539	6813cbffda1972c8829d3d19b869e23157a5aab6c1c3ded3f25da1d831ed719c
work/tilegen-full-r1/captured-allargs-fusednorm-r1/artifacts/tensor_roots.json	230952	769a540b22d66f069add1155ffbdfa002900edaeb6e42580810a0cae5569d642
work/tilegen-full-r1/captured-allargs-fusednorm-r1/postprocess/receipt.json	32265	c214875866237dff18f9a3c8964d49a43a6b90a49d3a456db106fad9b1366522
work/tilegen-full-r1/captured-allargs-fusednorm-r1/postprocess/analysis-diagnostics.json	2999	8958577744b2a7faab96da6cc476c9d1032f47d53b1fb654e1911dc69b0061e5
work/tilegen-full-r1/captured-allargs-fusednorm-r1/postprocess/witnesses/epoch-3-launch-20.json	439413	aa4c6b83957a443492c10943684f2ff6d604846f5f9d5b996ed47b0bb3010c4f
work/tilegen-full-r1/captured-allargs-fusednorm-r1/postprocess/witnesses/epoch-3-launch-20-qualification.json	13551	4e02d1abb15db6c29790f533e298e731da356b777ada6f55b5884d1aa0dc3c8d
work/tilegen-full-r1/captured-allargs-fusednorm-r1/postprocess/witnesses/epoch-2-launch-20.json	439413	58a01aa6945fe261985d8416adca9a2d89c188f9a8ad87c4221f197bed4df1b2
work/tilegen-full-r1/captured-allargs-fusednorm-r1/postprocess/witnesses/epoch-1-launch-27.json	1812344	709265dc0e5af491d86dd8b00b8d0da01ea4280460faf7297d11e38058aabb00
work/tilegen-full-r1/captured-allargs-fusednorm-r1/postprocess/witnesses/epoch-1-launch-27-qualification.json	13552	a81a69f0ec9811c9046137a076d987e219a0de9ea9f3d775f998e10b198dad92
work/tilegen-full-r1/captured-allargs-fusednorm-r1/postprocess/witnesses/epoch-2-launch-20-qualification.json	13551	c2fc9eed4d185733ca620004a796897162fe6c6237adf62cfbe4983b0f4bc1d7
work/tilegen-full-r1/captured-allargs-fusednorm-r1/postprocess/programs/epoch-3-launch-20.json	62786	d08e6f3077d9d27591214d2d46f6ef05e93a2936dd3142b7de2ec2dbd5005da2
work/tilegen-full-r1/captured-allargs-fusednorm-r1/postprocess/programs/epoch-2-launch-20.json	62786	1b5eace65189da4853a62fe870d5ca324a16141441ae0f5d26b5070cc8a70957
work/tilegen-full-r1/captured-allargs-fusednorm-r1/postprocess/programs/epoch-1-launch-27.json	88467	c6247a9eb7ecea7c4892d36237d2de867ffe7afadeee12fb33bd6bca5fb4eb0c
work/tilegen-full-r1/canonical-gemv-host-r2/manifest.json	203355	2372728b93367952a13f38ffa88bc44583004b28bda6204410eac82741a6b21e
work/tilegen-full-r1/canonical-gemv-host-r2/modeled_builder.h	3609	0e973ec5e74ce3a93b7fcca17647fc464a9a28690f0987bb2f3c5136d03f22d8
work/tilegen-full-r1/canonical-gemv-host-r2/prepared_address.h	1360	18ebbc4981483ab523ececc6620b631a1550b669f3b4d8e931f6934778e64c9d
work/tilegen-full-r1/canonical-attention-decode-model-r1/build_model.py	15580	16499e84c84dc641abc0f866b682a8fa3743f29de743eaeae57e27c3f3c8b1b3
work/tilegen-full-r1/canonical-attention-decode-model-r1/plan.json	2084679	eb22db270677cf5803bdb0a73d578d529725e2772c78079fd117f08da91bd210
work/tilegen-full-r1/canonical-attention-decode-model-r1/manifest.json	21917	622956c83c5d3e462767557de79768d6f190228e54a85f93226feb4c5a3040ed
work/tilegen-full-r1/canonical-attention-decode-model-r1/README.md	6583	3bf19ab5325f7b9be00cd5d24eb6351c38ad7251b1d325ca1071f431f5a71f86
work/tilegen-full-r1/canonical-attention-decode-model-r1/model-authority.json	4881	947a3fe53a7803fbdcb8c9433bb0c9ef8e453b21a63c5c0e40c1a2e09f30c9b9
work/tilegen-full-r1/canonical-attention-decode-model-r1/model.py	13687	9868b842d431f90c10820b07a95ec3a1087a209c84946481d8a9320013d9eba5
work/tilegen-full-r1/canonical-attention-decode-model-r1/scalar-exclusion-proof.json	33873	e069f68ed2400415fdc1c54ddab90ed527abfc750f826fae8ebc41305772a6ca
work/tilegen-full-r1/canonical-attention-decode-model-r1/final-review.json	2957	3a8f3f9b4e6262bb8821df75e23d19a408925b6a604fc4206c858c3a11d32ba4
work/tilegen-full-r1/canonical-attention-decode-model-r1/tests/test_model.py	7937	743282d284adee5d78da4c07962da943b0114ab514507becbf9225b033308b61
work/tilegen-full-r1/canonical-attention-decode-model-r1/tests/validation.json	10777	3b55fe8d52699fe21f6a3a941df14d5189a7385b6371d0d7458ebd82e85261ad
work/tilegen-full-r1/canonical-attention-decode-model-r1/preparation-attempt-1/plan.json	2084679	e26cf22bdad32ec93300bafb394c7807ecf6e7854a05420582d328b57c75d12d
work/tilegen-full-r1/canonical-attention-decode-model-r1/preparation-attempt-1/model-authority.json	4881	47bcdd86d5ce423112fe769d112eb82cf0f8c3893e59b61639bfcbc677aabe24
work/tilegen-full-r1/canonical-attention-decode-model-r1/preparation-attempt-1/scalar-exclusion-proof.json	29443	6b27058650a1a2142126e1aca415624f0c053163e909ce0ebfde9b59ebdec0b0
work/tilegen-full-r1/canonical-prefill-gemm-next-address-r1/canonical-bindings.json	1283698	257f5220430207d268074d98e7fc71522341a55d0df42a54f4a38b57458c29cc
work/tilegen-full-r1/canonical-prefill-gemm-next-address-r1/manifest.json	7761	7009c3f526ec470f5d06e153306ce868a3895fd1e7bc784bbbd85c945328ef18
work/tilegen-full-r1/canonical-prefill-gemm-next-address-r1/build_role.py	9231	e3a4a48079a07e4ea9cffb6efc29a52b5d3e97f19c5bfc9c70e9c8b2c6077eca
work/tilegen-full-r1/canonical-prefill-gemm-next-address-r1/bindings.py	7351	5f14e1a8fda868de29e68e1d57fd31520e7a5680af694a4d56fbc4a0d0ee9158
work/tilegen-full-r1/canonical-prefill-gemm-next-address-r1/contracts.py	7026	fe8d4264c1f3da145045ef15678a67b6aaf83fe03a39b387bdac151788652bb7
work/tilegen-full-r1/canonical-prefill-gemm-next-address-r1/model.py	8843	1be547225c5b832711aa96080d63e7253567d2faca0e33caa5ac6b3ab64fa551
work/tilegen-full-r1/canonical-prefill-gemm-next-address-r1/roles/gate/plan.json	460939	b326a5a73922e4065b76baad985c36b17c48d3e9e1b587ca0eec7413bb123cb6
work/tilegen-full-r1/canonical-prefill-gemm-next-address-r1/roles/down/plan.json	460281	fc9dab259fc0e91a69853cc40174866c5224f00cc8430782bb9c267f30255609
work/tilegen-full-r1/canonical-prefill-gemm-next-address-r1/roles/o/plan.json	460048	ac6bb5416cc37fb60fb865efa993722e42d97481d249411b66ac781ceefefdab
work/tilegen-full-r1/canonical-attention-prefill-model-r1/build_model.py	9196	b1034727b75c4d8bc22cec567f3f3ea554b926b91a6cd3dfd46d1043a55e4806
work/tilegen-full-r1/canonical-attention-prefill-model-r1/plan.json	1475291	930f4b4be745a8a52fe444744f715f185ba731f11b81b7b47353dcc24fe72da6
work/tilegen-full-r1/canonical-attention-prefill-model-r1/manifest.json	19837	861a6ed4c576e90bc70ed3f921bfe50294bef493b5ca211340a834e51dadff6e
work/tilegen-full-r1/canonical-attention-prefill-model-r1/README.md	4940	4a2276424ec21264f44510c68e6ee36a5dc225ea90600ca806a9c87e9c832c57
work/tilegen-full-r1/canonical-attention-prefill-model-r1/model-authority.json	2505	9d8a46ccbf0bd78b5f9a007412797ba864d7d1338681ef353d8cc55a38095643
work/tilegen-full-r1/canonical-attention-prefill-model-r1/model.py	10740	fa0f093e984546731a20efd3bba13c9bacf1b91987f5dc9ba1150b5a8cc5ee47
work/tilegen-full-r1/canonical-attention-prefill-model-r1/final-review.json	1779	d60acebdfa5bf8d1af6d1a24fbbe6bc5e30fe335f0684a6a455184e5bf20a2f8
work/tilegen-full-r1/canonical-attention-prefill-model-r1/tests/test_model.py	4975	ee1f6f99de8958a77f2bdeac695a601fd429ef392b0929cc93a511be6ffb103a
work/tilegen-full-r1/canonical-attention-prefill-model-r1/tests/validation.json	1577	61b1799cc847071c9f9870cc0fc8500ebd503e15c26e349dca7afd3c1cd5b572
work/tilegen-full-r1/core-streaming-placement-r1/include/memory.h	90241	f37d2e72f7319025050c478b05c7a25e08dd63478221636a13824498e82ba790
work/tilegen-full-r1/core-streaming-placement-r1/include/cta_graph_store.h	28961	e8ec5e159be72f1e788203ea1173fd7bb52ec8f07dc26b9dc9020921697e2f4b
work/tilegen-full-r1/helper-runtime-package-r2/manifest.json	187300	860bc4a652ccd7e9a779d38c858d922d0e387e700513cf068738eb10164c23f7
work/tilegen-full-r1/helper-runtime-package-r2/helper-providers.json	5880	fa75fc067cde0a66a55aac4839d0a69afd9b193eab15a81620c553003384d1e8
work/tilegen-full-r1/helper-runtime-package-r2/helper_prepare.py	15105	a8a4be1762f96d8fc0cb6429338c1fcd9d06cc9c33bbdf38a0f2be9782ebf3ec
work/tilegen-full-r1/compute-norm-prep-r1/inventory.py	10822	e92f01239be2835e5f8f843980dc349eca37faaf48c5eab9ad396179817a072b
work/tilegen-full-r1/compute-norm-prep-r1/plain-historical-static.json	220805	21e3b897834c08c9a385d891a4aaac3466f0a3206bb1ad4ab57b25e2ede14fce
work/tilegen-full-r1/compute-norm-prep-r1/readiness.json	84872	a7c73f4be5b12a3e3bff23839077d42f05a926a28b24a5220319424f3f90befe
work/tilegen-full-r1/compute-norm-prep-r1/shfl-whole-warp-proof.json	1044	fa7a5cbaaa1ff0f8e9a1004ea17895a4e6cd4e90a526b2a40ad374b80c6c6964
work/tilegen-full-r1/compute-norm-prep-r1/fused-historical-static.json	224613	65e878e2f8a77c481d12bb1a24a3a90aa27693e6afcd5844a6168fc73eaeae56
work/tilegen-full-r1/compute-norm-prep-r1/operand-candidate-r1/operand_rules.py	8995	69ee7e02f94ffe8e7d391a7bbad78c8732b79352bc326a0fbdfeff51fd856dfe
work/tilegen-full-r1/compute-norm-prep-r1/operand-candidate-r1/manifest.json	1257	d065f9b1cdfafb2136d97c951c934f4ced4c6ae486dd682d9f2d69ede0aa1f36
work/tilegen-full-r1/compute-norm-prep-r1/operand-candidate-r1/README.md	3129	26677499db5a23f62622a49276241d1329919d45cdd8b108ec8d295928107236
work/tilegen-full-r1/compute-norm-prep-r1/operand-candidate-r1/test_policy.py	3200	0cd023e93bf43add0c48491745cf9b2653776112e1a4409c747882f1b59a876b
work/tilegen-full-r1/compute-norm-prep-r1/operand-candidate-r1/test-results.json	4984	895d4f71b626955886538bec93c85b25d00233ed4fdbf40aa5271caec49996aa
work/tilegen-full-r1/compute-norm-prep-r1/i2fp-evidence-r1/build_remote.py	5749	60d5a8c13f6fe9043236c59793e18e45f808032e5db2393aed2c9b85e1769f8e
work/tilegen-full-r1/compute-norm-prep-r1/i2fp-evidence-r1/probe.cu	782	3e27092bb773b29bb7cc1e6fd7dfdca57882c47e32befd3dbc46da8b6b53aafb
work/tilegen-full-r1/compute-norm-prep-r1/i2fp-evidence-r1/build-r1/probe.ptx	1401	42394fcd78921565fb2ee1d6a7b98b85f3dbdf16ae33665b0b7ad2943512636b
work/tilegen-full-r1/compute-norm-prep-r1/i2fp-evidence-r1/build-r1/receipt.json	5975	72a8b64ca048c0e58c2312355261b6e4868d3637af6418dfe8ed22df23f32ca2
work/tilegen-full-r1/compute-norm-prep-r1/i2fp-evidence-r1/build-r1/probe.sass	10522	a69383a5e88e86f990e4a2f0d2108e972ea31db043505ae61b412319e57d7956
work/tilegen-full-r1/compute-norm-prep-r1/i2fp-evidence-r1/build-r1/probe.cfg	1797	dd86a5f059472b460681025023c2939c0a45bbe89f8a2704f35d4b106380a7bb
work/tilegen-full-r1/compute-norm-prep-r1/i2fp-evidence-r1/build-r1/probe.liveness	20961	e84da9764452ee32bea79ca033e7aaa609ddd7b20067a80efca1f0c46419a6ae
work/tilegen-full-r1/canonical-fusednorm-driver-r1/manifest.json	188793	9ddd762df99ce8166a79ffa896bf6ff8e9ce6c4e7ac0a6607badfd1ed4d05236
work/tilegen-full-r1/canonical-fusednorm-driver-r1/sealed-inputs.json	6231	b96da59c9687f7d137afd851a7425f73add92c00a7220b3907930d9e086bf10f
work/tilegen-full-r1/captured-allargs-gemm-down-r2/observer/process-2009584-859456683/launch-arguments.jsonl	2372422	ed23613aab33b425b1d2aaaa8b3174bb3e0afeb7845ca59e1d40045a751ac37c
work/tilegen-full-r1/captured-allargs-gemm-down-r2/observer/process-2009584-859456683/launch-journal.jsonl	10445550	19c90dbecda23d090edb9de47d25d410e5c03e7d5029703634898b6231dcb620
work/tilegen-full-r1/captured-allargs-gemm-down-r2/observer/process-2009584-859456683/allocation-journal.jsonl	237673	1841d34b1add7145e96e447959f2ef4427a5d11c7a1431f346aea57b7a316be8
work/tilegen-full-r1/captured-allargs-gemm-down-r2/artifacts/module_calls.json	2076405	2b97bea7baa5188d63fd8d567c0a98de62f5a55c85333b728bcc140a5527f0f0
work/tilegen-full-r1/captured-allargs-gemm-down-r2/artifacts/manifest.json	166772	3bbeda2fe4027f75f264d227b9eaabdfad94b6197b47388b0594b5e6c338d780
work/tilegen-full-r1/captured-allargs-gemm-down-r2/artifacts/tensor_roots.json	230952	3bbfe63ffee8cbcebba740cffbbaf855d6dbb995f51707deb8a4d8385f8b508d
work/tilegen-full-r1/captured-allargs-gemm-down-r2/postprocess/witnesses/epoch-1-launch-38.json	2075259	33bc1f64285203f705a69ea421700d592f4a35950c672079fa42b1e4f3e0cee2
work/tilegen-full-r1/captured-allargs-gemm-down-r2/postprocess/programs/epoch-1-launch-38.json	6362410	6273c248fb40edf64ace8c3e1667361b97f9ea74d36c4f4df564158c8e573e37
work/tilegen-full-r1/captured-allargs-helper-reduce-argmax-r2/observer/process-2048362-860358694/launch-arguments.jsonl	2372550	9e92312b1170eebb2e1294b857de50fab0312e225c953752ae3170a8109af2fa
work/tilegen-full-r1/captured-allargs-helper-reduce-argmax-r2/observer/process-2048362-860358694/launch-journal.jsonl	10439068	fad6cd04cc973f3c57fb43f5ed962072765dd74a1aa211b84d37feefaf33f71b
work/tilegen-full-r1/captured-allargs-helper-reduce-argmax-r2/observer/process-2048362-860358694/allocation-journal.jsonl	237351	cb715f7ff768aefed92727952e1079d763d13057cb822b7ac29a9acda397cba5
work/tilegen-full-r1/captured-allargs-helper-reduce-argmax-r2/artifacts/Prefill.json	6151	7b87b9e4eba8052ea224a96b6066bc493fa0281b5ca88e851d92f94214a56872
work/tilegen-full-r1/captured-allargs-helper-reduce-argmax-r2/artifacts/Decode1.json	3532	39b37f260203dd13b6a6c6ac3b3d625a95efd811000fbac00f4483e05fe89d77
work/tilegen-full-r1/captured-allargs-helper-reduce-argmax-r2/artifacts/Decode2.json	3537	cc82c55a7ea0081a828df16fdca72da5f661a0f4159e2989377ad54c311432e5
work/tilegen-full-r1/captured-allargs-helper-reduce-argmax-r2/postprocess/witnesses/epoch-1-launch-4.json	1332381	bc0ec6c94d27eb906eac4e11affff08dba2896a7d6b5da46f0c71ae7dc52e281
work/tilegen-full-r1/captured-allargs-helper-reduce-argmax-r2/postprocess/witnesses/epoch-1-launch-407.json	2216049	cb44769d0ca833bfc5588f5f44865508baba579663d7f7bf86252d10fca34390
work/tilegen-full-r1/captured-allargs-helper-reduce-argmax-r2/postprocess/witnesses/epoch-2-launch-364.json	2215825	69d6adcb04e187ca282fc15526092b3ecf27c35b895d86519e7fea7b04fc2ac3
work/tilegen-full-r1/captured-allargs-helper-reduce-argmax-r2/postprocess/witnesses/epoch-3-launch-364.json	2213297	fa24c3f0ddf7fc8452cea41fbf6102865f3d71dc68f7d376dce9b133156b87dd
work/tilegen-full-r1/captured-allargs-helper-reduce-argmax-r2/postprocess/programs/epoch-1-launch-4.json	6869	8fa1cd7f398988cd88888b6b1d853516e3fec695e20a3ff21b9fa9cce8206cfc
work/tilegen-full-r1/captured-allargs-helper-reduce-argmax-r2/postprocess/programs/epoch-1-launch-407.json	523760	be31a86b6eef141dde70e0c6b9a8d91ef7e5c8a29d8f2c34ae914a8f6d33349f
work/tilegen-full-r1/captured-allargs-helper-reduce-argmax-r2/postprocess/programs/epoch-2-launch-364.json	523657	19d69b95d7213b4738390b5a45096ec479e61d29d105eee3b2722188ab1a792e
work/tilegen-full-r1/captured-allargs-helper-reduce-argmax-r2/postprocess/programs/epoch-3-launch-364.json	523658	fd31a25ad15cd617e84ad5622c37e999c785e05120a629f023ef0e529de84d29
work/tilegen-full-r1/compute-indexput-r1/program_model.py	18816	c645d1eeabc765c3c857aeff240098ad01daf787257ca0174f4791083ded3530
work/tilegen-full-r1/compute-indexput-r1/static-gates.json	13215	66373986791de4bd10decef276bb90c486d6214117fd8cbdff5bf4b8bb0dd76e
work/tilegen-full-r1/compute-indexput-r1/operand_rules.py	5823	5c27d8d00ed0e512139ecef95cf22d987773d3d1cb45b7ed0291f67de6a86425
work/tilegen-full-r1/compute-indexput-r1/capture_chain.py	17540	abc9f0341edbefd097ac1ad45a03e4f920beeffac73c170558f4242d0f0a39b6
work/tilegen-full-r1/compute-indexput-r1/descriptor_contract.py	3604	c8658651d8983e4429d5f514b3eab74bcac70a36a1b7fdfbf5b0338525aacbdd
work/tilegen-full-r1/compute-indexput-r1/README.md	5625	912c572782fbd2d97d1b1242a6d3822777a567913ecacc1d11da0ca6a2cf0475
work/tilegen-full-r1/compute-indexput-r1/compiler-manifest.json	6309	4ac476318715a58162f626d3d05c11c9c273fc3198babebf824e77fbf3d2a369
work/tilegen-full-r1/compute-indexput-r1/input_contract.py	10474	f58520df70e5faa977ffc1d083fdfc40a17310883552a669c6f921a3fb5af212
work/tilegen-full-r1/compute-indexput-r1/parent-inputs.json	1385	b3b33dd8a389b97ffd60cca5f89114b8b304093059b90652dc5717b8db57701d
work/tilegen-full-r1/compute-indexput-r1/candidates/epoch-1-launch-33.json	2382682	8c89d4cabfb44e526e2a8bc2bcb13fddf877975db8d0afb4781670733f3a4236
work/tilegen-full-r1/compute-indexput-r1/candidates/epoch-1-launch-32.json	2382682	5e30150c6e73bb5ddcf171c934de0510889dc8395afe9527de4ea32f8f583511
work/tilegen-full-r1/compute-indexput-r1/tests/actual-validation.json	5941	28fb8131cb701e6df69b9a975f2888065165249743009513ee58b3c42a25b7c7
work/tilegen-full-r1/compute-indexput-r1/tests/actual-initial-failure.json	821	c25746a21751d7cb5f690b87f9d80b1e7da79ef332a45876da2e713c23bfc519
work/tilegen-full-r1/compute-indexput-r1/tests/finalize.py	3016	8ccdb97d17dff93ec9db721354a302127352c00f1d4eb39bdd3aafc09b2108ea
work/tilegen-full-r1/compute-indexput-r1/tests/test_actual.py	4226	a6011b134f44678aaae5bb35bc49de1c34a754cdc8e36b2f7ea83f894508aeb7
work/tilegen-full-r1/compute-indexput-r1/tests/validation.json	2868	c64a2feabe40d5985bd474b6ea04f5a2fab357cebe3a2ed8f420808a67f75bb3
work/tilegen-full-r1/compute-indexput-r1/tests/test_candidate.py	6534	b232fba4192f21780ee7e581b2a9bb56b48aef9ab85606a179b5637d899e3c20
work/tilegen-full-r1/canonical-rotary-driver-r1/manifest.json	6899	ba79972ec62c3f89ed88bba36cf6bca82d02d630a6152db5375281361153b9fc
work/tilegen-full-r1/canonical-rotary-driver-r1/sealed-inputs.json	5526	981b97d1d9b333af6794c741eeefffffe14764eff955645f4c59a011e3ea98b9
work/tilegen-full-r1/canonical-helper-cast-index-b-model-r1/build_model.py	14164	236102cbfca8524536d4fab2750268aaaf6d5587d947d80ed472249f6649e825
work/tilegen-full-r1/canonical-helper-cast-index-b-model-r1/plan.json	349913	57d75dbd82119c3e43d97924ad401d3217a04922f7cc7f3717bb70db48e4ade3
work/tilegen-full-r1/canonical-helper-cast-index-b-model-r1/manifest.json	46951	e0f35f38e40a8e96cd85225becd9efa3671594414af62258ac09dc0b5867270d
work/tilegen-full-r1/canonical-helper-cast-index-b-model-r1/README.md	4626	47d9a33c6dbd00ebcff32c169aa6f59b81e0d3a67cc25533457f172b32a26292
work/tilegen-full-r1/canonical-helper-cast-index-b-model-r1/model.py	13938	7e18d81e1a8cd64e378addb1ef102ee176d90a2bd7c587b7d5fe485fb80fc16b
work/tilegen-full-r1/canonical-helper-cast-index-b-model-r1/final-review.json	1241	a2c7fa34edaf8a7b22d5f251c4a17d7b8a97c860ee37b07e9b6e74a998d24303
work/tilegen-full-r1/canonical-helper-cast-index-b-model-r1/development/initial-test-validation.json	7222	d27ad6c975f43ca22da84f89e798b9a395a37b02a278b2faea5cd14aa88fadc2
work/tilegen-full-r1/canonical-helper-cast-index-b-model-r1/development/initial-plan.json	345677	7fd6dc4baf7a43aa881a69c7da1abb732972eeb70e153ff796e83bc3fbb88d1a
work/tilegen-full-r1/canonical-helper-cast-index-b-model-r1/tests/test_model.py	4047	058133fc61e32fc6b9e45e472fd03afd6d2b75e65841829a8081b73e90b3195c
work/tilegen-full-r1/canonical-helper-cast-index-b-model-r1/tests/validation.json	7222	b62e8071e9cc10c19c85448bd34071bb7152a900dac6afc261f69cae6c54789b
work/tilegen-full-r1/compute-a67-r2/program_model.py	18531	f4a4e3b66a8a809bab516d1fd592ed84cc7837865572168af2c6486646781665
work/tilegen-full-r1/compute-a67-r2/epoch-3-launch-26-registers.json	1164276	70cc60796a8de7f24d62add019966d265f3cf2674806112f4b744f39724c8455
work/tilegen-full-r1/compute-a67-r2/epoch-2-launch-21-registers.json	1168474	9b254e622b024b7a1f02aba3c805f446f8adf8207379476ab8b8b39d16d8d081
work/tilegen-full-r1/compute-a67-r2/descriptor_contract.py	995	828830b1cc3709e53fa84dfd6fe879125bbbf828823c011070f8ffd7528b4067
work/tilegen-full-r1/compute-a67-r2/evidence_contract.py	3591	fda026acf0367bde935363ed3b3d3697da2acdda6cff26f5b9a56bdecde8cc18
work/tilegen-full-r1/compute-a67-r2/shared_order.py	2874	a6cfb499a8e09147595676f0b9351145029978d48d21f8b855a18d860d97b877
work/tilegen-full-r1/compute-a67-r2/descriptors.json	5543	25688a1256282fd15536e708ccf35b4cebb534fbb362e86f3e5a56f7215c5f6c
work/tilegen-full-r1/compute-a67-r2/epoch-3-launch-21-registers.json	1168478	0361d0e74a31093ff069d95935c134dffde1b6d4253531730f67c463ba4fb147
work/tilegen-full-r1/compute-a67-r2/validate_shared_order.py	3443	a6379fb8f836057ce29f9dad8c50a0a1f86077655251a52cb42f73ee35b8d18c
work/tilegen-full-r1/compute-a67-r2/validate_program_dag.py	10079	68bb7c3a585d19f7203208d4747a6a79385ab1f47bcc5b572c909de07ee28315
work/tilegen-full-r1/compute-a67-r2/validate_formula.py	5352	cf8008a7ab0ed427b8f96224c25dc728c157f2450b254e3416e96947e5ea4602
work/tilegen-full-r1/compute-a67-r2/epoch-2-launch-26-registers.json	1164276	290d676728dde3c14362417df9e5f988efd0a7ace74e80de6500d4e73a8482d3
work/tilegen-full-r1/compute-helper-cast-index-observed-r1/compact.py	7553	a9fcf06eeb1430f04e9e716f19366b38f17ea43394282faf1eaf3e1c0e164048
work/tilegen-full-r1/compute-helper-cast-index-observed-r1/manifest.json	4145	d15c6515fa3fb099db32a57af900bf3b091b0b0e6389f243cde4f1ff25f9dfd5
work/tilegen-full-r1/compute-helper-cast-index-observed-r1/domains.py	7694	2a0fdcc7acc7604038ffbb660b7ba09c8cabdc94958eaa1a213ad799f6a8491b
work/tilegen-full-r1/compute-helper-cast-index-observed-r1/collector-pins.json	9425	3050da2b40d8e036425053a50cbfaf9c2c73829c4f7a23dbff72a1db2f638dba
work/tilegen-full-r1/canonical-full-runtime-r3/manifest.json	16155	9c1612151d522e307fde34cb11c7468940a01383e05c129bf86df367d262535d
work/tilegen-full-r1/captured-allargs-rotary-r2-verified/postprocess/witnesses/epoch-2-launch-22.json	172110	179be669e0750246431dd25ef3a0172731a980bec46f7068584efdd1260ed783
work/tilegen-full-r1/captured-allargs-rotary-r2-verified/postprocess/witnesses/epoch-3-launch-22.json	172110	5605c02d2349f158356a7bb15091a78df0ca453ec189b03eff5fd0c576c77eb4
work/tilegen-full-r1/captured-allargs-rotary-r2-verified/postprocess/witnesses/epoch-1-launch-29.json	286846	20352947a07cc5d1eba403237c510564722dd61cd3b75fba8370c36c0dae3af5
work/tilegen-full-r1/captured-allargs-rotary-r2-verified/postprocess/programs/epoch-2-launch-22.json	139087	9f1bb4557d60fd9f424960527fbd294443d0b77a8315aadfc23cea1b020f7686
work/tilegen-full-r1/captured-allargs-rotary-r2-verified/postprocess/programs/epoch-3-launch-22.json	139087	f949fb851d585f863050d3ab0b64e2f778abb680303a4e312bc710c7c412197f
work/tilegen-full-r1/captured-allargs-rotary-r2-verified/postprocess/programs/epoch-1-launch-29.json	3432064	7fc61b1e2d84bb5b056f4f93c53e9784e1824d834f93dac0a61920a63d4b283a
work/tilegen-full-r1/canonical-prefillcopy-driver-r1/manifest.json	12727	0525f174852c611312cdc8b3e328e3c5bcb951d10dc9b299ead8d030a7781384
work/tilegen-full-r1/canonical-prefillcopy-driver-r1/sealed-inputs.json	5334	d6e1ac3f363322981cee6558762e60c82a1ab11dbbee5d994d47b67c17a79a16
work/tilegen-full-r1/compute-fusednorm-r1/program_model.py	11333	613d0615dda5f342ba046b217cf62317dc85f00b30d874dd0fffb442cc2247e9
work/tilegen-full-r1/compute-fusednorm-r1/collector-bindings.json	12634	6458fb20709087a586424b47e06854a983618049a05410f0de47e8ee524c6ee3
work/tilegen-full-r1/compute-fusednorm-r1/operand_rules.py	9995	60e43584c59aa3b94cf739181b2fd53773804ba023da154ae7c24d6347d3045d
work/tilegen-full-r1/compute-fusednorm-r1/shared_contract.py	7139	afe5a3218137c61a3cca6b28b508e409fc52401555f9d319db3c88f3d6b23cf6
work/tilegen-full-r1/compute-fusednorm-r1/capture_chain.py	12691	ed89d689717f1284ae890e3e64dcd83f34950a98b425fb56f554a1795d66e7a6
work/tilegen-full-r1/compute-fusednorm-r1/descriptor_contract.py	2708	ef6919378ff9d7dcb233b63b06f7292b0b633765f79d4b89ac20da4c22d0cbb7
work/tilegen-full-r1/compute-fusednorm-r1/README.md	5188	b42d161e394e086ee8832d429609553c57db96c6ba37e5e2e242efd8f3cc7756
work/tilegen-full-r1/compute-fusednorm-r1/compiler-manifest.json	75397	96a6d242a4e2fc376d2e9cfd8436c02347526a0b4a21bf14c5ec5ef19046be23
work/tilegen-full-r1/compute-fusednorm-r1/control_flow.py	7735	54c7bc36bfb1ed78733f38c28a7201ae02cd1d144169b8c5b948ef6e1aa8242a
work/tilegen-full-r1/compute-fusednorm-r1/driver-contract.json	40157	b626fbec77931bd99d2f8929caf25a667b977a0f05f08970daf0b2b58fb1158c
work/tilegen-full-r1/compute-fusednorm-r1/validate_program_dag.py	7253	00cd61452d7e2473cf79ba1171a1d61625044f925f71955e4bfd225b99333540
work/tilegen-full-r1/compute-fusednorm-r1/input_contract.py	7181	d27cc872ba5789584c4c7da506f4495cb1b5684b40f89994584e66db545c651e
work/tilegen-full-r1/compute-fusednorm-r1/validate_formula.py	7777	c7272b89c66be4aad91198f0c6334caf046fcb47ce8c307d99ffef531c37690b
work/tilegen-full-r1/compute-fusednorm-r1/parent-inputs.json	2362	61570b9ad0fb68134b21fea5ce46bd375ac9ad0b60e637ecfa4abd48831a8ad3
work/tilegen-full-r1/compute-fusednorm-r1/ulop3-evidence-r1/review.py	4449	1182e80bf3e34dfe1ce302d89f77c05ee87f1b9de94bf43d7a17ca389c1c1cfc
work/tilegen-full-r1/compute-fusednorm-r1/ulop3-evidence-r1/build_remote.py	9825	1f49b736bc40e3bedd2fd8bec1baf273f3264b34fa6b76b8c58d81a6c5c20772
work/tilegen-full-r1/compute-fusednorm-r1/ulop3-evidence-r1/probe.cu	999	dad5128cb8d1a48e2064dd39bf005a8c7540414a4650276c34f8c79659663b86
work/tilegen-full-r1/compute-fusednorm-r1/ulop3-evidence-r1/review.json	3470	8da216c0999c877e87d3a5d8d1045b7a2ea522b39eb3d61d862a232e42ea2377
work/tilegen-full-r1/compute-fusednorm-r1/tests/actual-validation.json	8979	e782ebced18a99f1f6cd0aa37186f011f58f00b54edcbce976e36001e5b57109
work/tilegen-full-r1/compute-fusednorm-r1/tests/finalize.py	7393	9ca6160400cbb8d1c925fc89a040cd036d8f74142aed65eb25eb77e8c3aa329a
work/tilegen-full-r1/compute-fusednorm-r1/tests/test_actual.py	5669	a3efb1426f45b2ce9a2d953fa637b6e159fccaadf48c6135c0afb75f1eea3d84
work/tilegen-full-r1/compute-fusednorm-r1/tests/validation.json	3837	48ccb9751bbee8e9559d54a10e88d4d0e98b28548427a5c4cfcc1c13eaa2b900
work/tilegen-full-r1/compute-fusednorm-r1/tests/test_candidate.py	5440	a7e485cb952dcdbae248d710a1fb26a478ad1efbb4acf7b35427e0b5e2c5d801
work/tilegen-full-r1/compute-prefillcopy-r1/program_model.py	17949	be423333c3267707a93406ffdf86ed724e0f8beaeea962c14a2a0989fc0ac5ca
work/tilegen-full-r1/compute-prefillcopy-r1/operand_rules.py	4942	f0feb74a5bbf3ac195c2525fdf5b95d007ba73c6613fb230a18dcd84f270c8b4
work/tilegen-full-r1/compute-prefillcopy-r1/capture_chain.py	17520	981d8cb53da66a8cf8fa5ed68bcf7fefc0144bcfc0305649190e1a6ebc431c3b
work/tilegen-full-r1/compute-prefillcopy-r1/derive.py	7041	18b0d133e167bc428b5a0cabeb9819d7fd741103202ed6339dc586d0d10813b0
work/tilegen-full-r1/compute-prefillcopy-r1/validate_dag.py	3027	2f26cc38026d4435e80cd4d13990298bbf7eeae5ff1f040657d480f9ef5237e0
work/tilegen-full-r1/compute-prefillcopy-r1/descriptor_contract.py	4909	597ca223fa1790559833e5eff1b9d1a05679e9aad72a1d825b56b46c0bc51496
work/tilegen-full-r1/compute-prefillcopy-r1/compiler-manifest.json	3716	d9d902c663c1f2ca7e839a0b14851f5ff9af7d1189e048141b72b60ded7b1217
work/tilegen-full-r1/compute-prefillcopy-r1/historical_memory_formula.py	2464	96c2f5cf4606e4d25c97f6c46d356bdbe5fcce3e2d4e841d3ffc9b8d06c61898
work/tilegen-full-r1/compute-prefillcopy-r1/input_contract.py	11666	be6bdd0509b512ce6a4e51f7f0c126b869c18231141d7f7c1a1a00f2bbb0d462
work/tilegen-full-r1/compute-prefillcopy-r1/test_candidate.py	6381	1562b51695eaddc97e440d3dedf2317363d863efa93cbe4bdfd371afa1737827
work/tilegen-full-r1/captured-allargs-helper-scan-r1/observer/process-2046144-860167293/launch-arguments.jsonl	2372550	84545b17b1aa9a71c295790876a99a873465c46cd14432d566e74ef7316a7e35
work/tilegen-full-r1/captured-allargs-helper-scan-r1/observer/process-2046144-860167293/launch-journal.jsonl	10446196	7ef32eae3b39fc5f0f959b725e6ced172013f991456ff745a34707ad0d293993
work/tilegen-full-r1/captured-allargs-helper-scan-r1/observer/process-2046144-860167293/allocation-journal.jsonl	237673	61b0e4aa041a6d876505b7ddf3bc9b5802b9a2b898d6dc9ae15021b8f67c6589
work/tilegen-full-r1/captured-allargs-helper-scan-r1/postprocess/witnesses/epoch-1-launch-12.json	640112	59725e84f15a909914a8617c824f4fdbdb3125601714d5debe301fe27bc8a242
work/tilegen-full-r1/captured-allargs-helper-scan-r1/postprocess/witnesses/epoch-1-launch-402.json	640118	50f6d498464fe18164b5ed53e8c8b55e415370a0889af2301799825c874012dc
work/tilegen-full-r1/captured-allargs-helper-scan-r1/postprocess/witnesses/epoch-3-launch-5.json	640107	91d080dfc4f21b50d3596820d8040320e678514227e7bb1e0ed0cf25997b1a1b
work/tilegen-full-r1/captured-allargs-helper-scan-r1/postprocess/witnesses/epoch-1-launch-7.json	640105	33dc3ec19d3e1eca64225ca919888fc5b1c443aa20b9a98a44d051aa4c2e759e
work/tilegen-full-r1/captured-allargs-helper-scan-r1/postprocess/witnesses/epoch-2-launch-5.json	640107	8ff26db1e6f8db2391325305c771bdfff5d028ff3cbac7e16b04f5b0ce2e9208
work/tilegen-full-r1/captured-allargs-helper-scan-r1/postprocess/programs/epoch-1-launch-12.json	7445	b52dfd937ed92cf173519617d8f69a1cb2c6fb745bc83830817a6266cf7df379
work/tilegen-full-r1/captured-allargs-helper-scan-r1/postprocess/programs/epoch-1-launch-402.json	8126	e28dc9c59942abf942a7fdcf31a6ba16c07ce4d81015331f4ea29c3b101c32dd
work/tilegen-full-r1/captured-allargs-helper-scan-r1/postprocess/programs/epoch-3-launch-5.json	7338	eebf4f751fdc71aca129d830bfc9de5778e3f82fbd5619c3074df76c3e09537a
work/tilegen-full-r1/captured-allargs-helper-scan-r1/postprocess/programs/epoch-1-launch-7.json	7438	4c5f193e8a42922360c93b4ac805df340093a7177e86cdc20c80039514f0d1ee
work/tilegen-full-r1/captured-allargs-helper-scan-r1/postprocess/programs/epoch-2-launch-5.json	7338	dcb6e6de3389346476c8b0a52196b5cef9a2b4ba0bc6f6ca06e6be7d1fc0a563
work/tilegen-full-r1/canonical-gemv-host-r1/tests/performance.json	3182	81a16470cd2574e43a2aa1d55cbf271880c739aeefa940423bcbf151c0177f95
work/tilegen-full-r1/captured-allargs-attention-decode-r1/observer/process-2031483-859800910/launch-arguments.jsonl	2372550	6b8f7c50082001cf9ce90e1ca6afe13ae9c1124aa0e76897b301ac366f688e7e
work/tilegen-full-r1/captured-allargs-attention-decode-r1/observer/process-2031483-859800910/launch-journal.jsonl	10446196	48e1bc8bda8db3717334b8ddb64784fb05566782331b21ed51ef0db2dd336039
work/tilegen-full-r1/captured-allargs-attention-decode-r1/observer/process-2031483-859800910/allocation-journal.jsonl	237673	6a5c63b9b6e10303509efcc91fc97fae90779d8efae2d0208410ba5e3429031d
work/tilegen-full-r1/captured-allargs-attention-decode-r1/artifacts/module_calls.json	2076405	1ffd41ba716383900e0ed14d268f0feaa4a4aab125b8666871b6992e833dd029
work/tilegen-full-r1/captured-allargs-attention-decode-r1/artifacts/Decode1.json	3532	bd6719d415beedb5c387ec1d0a0e94cba1670f13c628f028459b7519fb51bb60
work/tilegen-full-r1/captured-allargs-attention-decode-r1/artifacts/Decode2.json	3539	a047b935d9427e23167addef70c0d16613ed3994835c4ce8a3d1c612a36df638
work/tilegen-full-r1/captured-allargs-attention-decode-r1/artifacts/tensor_roots.json	230952	86d5fa3657ad6069db92af181675faee3c22928c510b75b29977b4788009be0b
work/tilegen-full-r1/captured-allargs-attention-decode-r1/postprocess/witnesses/epoch-2-launch-25.json	2649254	3a1896bd4b3b498a5b48f677ee7d22c808c780b1a06400351ff650f155b86d08
work/tilegen-full-r1/captured-allargs-attention-decode-r1/postprocess/witnesses/epoch-3-launch-25.json	2637040	8071926cbad738c02d2a6f155100a219bfa187b19c016203c638a9e7e37fe238
work/tilegen-full-r1/captured-allargs-attention-decode-r1/postprocess/programs/epoch-2-launch-25.json	420766	3bd62002d74237f3859883b10207584192224ed24a7727475049bd42457889ed
work/tilegen-full-r1/captured-allargs-attention-decode-r1/postprocess/programs/epoch-3-launch-25.json	425326	8da08e498bb959f093c1139f0274b5c56366ebc4c5e3036c3a6e698774768b3f
work/tilegen-full-r1/driver-attention-r1/providers.json	2724	2d081535c5f4850206a7110519af8343844a33c6382547c4455f6ce4236fd19a
work/tilegen-full-r1/driver-attention-r1/prepare.py	8090	6fbeba1f001900df7f75b961cb5b0049679738f98e0e1e00631aeedd49d47bd9
work/tilegen-full-r1/driver-attention-r1/phase_seals.h	13127	905fe49041bfa70df4112d2330f024cb02d96034ae8314331db9732e1866b1b6
work/tilegen-full-r1/driver-attention-r1/manifest.json	10019	374c026a0f568b9dd2aec8f8c0f923efda55aa4550f4b3016da4089e4d3d5ad4
work/tilegen-full-r1/driver-attention-r1/phase-seals.json	20833	9c3c44bb2fd50919e01c3ef9feee7639dc3edd210375032d5cffb7755594ba7c
work/tilegen-full-r1/driver-attention-r1/model.h	12503	fd4548442cdd5ef9f55f6f054990961ae7e689f97e9f0d612a6ae612dfc4cb1c
work/tilegen-full-r1/captured-a67-oproj-r1/postprocess/witnesses/epoch-2-launch-26.json	1084159	5005edea13d2a634d358c7a87d2fc6a94f1cb222ce4eaf53dc8a63f52198ec5a
work/tilegen-full-r1/captured-a67-oproj-r1/postprocess/witnesses/epoch-3-launch-26.json	1084159	0db8d2583d7c4111e0ade1d67eb9211d3c171c5d2096de61dff0349af993ae0c
work/tilegen-full-r1/captured-a67-oproj-r1/postprocess/programs/epoch-2-launch-26.json	663805	37ca04eba57cb5191a3604ee4f22f4951ae4e97e983f07bf585fd0c9383101cf
work/tilegen-full-r1/captured-a67-oproj-r1/postprocess/programs/epoch-3-launch-26.json	663805	b5a17470c7462d405d1fe82c4be2a51ad5244e1908fcb521063fdc2ba97cb0c1
work/tilegen-full-r1/compute-gemm-p28-observed-r3/compact.py	5823	dcef205f32f520d8e1f9d3b9c35175c252f88290c25e2e5a20412d2c37544589
work/tilegen-full-r1/canonical-fusednorm-model-r1/template-Prefill.json	14337	57300ec2a3769e8ebd1abda2a0153ac62f52af2cfcb2d804b71786558b67eaf3
work/tilegen-full-r1/canonical-fusednorm-model-r1/plan.json	2500757	5e87903d8c9d341529f8d65e3d462e95df0ae36af7feda0bda1de2a7c8f73226
work/tilegen-full-r1/canonical-fusednorm-model-r1/test_model.py	4815	f1bbf938046335c07301f9997b7c41e144bb01088141750867e98df36588f122
work/tilegen-full-r1/canonical-fusednorm-model-r1/manifest.json	69567	510e9697cf9e3ccfa8d82ee0432485e404e3af5f561eb3fa69f5d155cfeb1e5d
work/tilegen-full-r1/canonical-fusednorm-model-r1/build_plan.py	13986	a6044276a04e39262e3c0a4ed96225d2c83c38b9ddaba281fd79e061b270d1d2
work/tilegen-full-r1/canonical-fusednorm-model-r1/freeze.py	3285	fe309242e1700a2a8b55d47db5d60aac53ee2ae32213ba22eb4a073f7454c282
work/tilegen-full-r1/canonical-fusednorm-model-r1/README.md	2392	43b61022f5e534008bde7bfd3eefcea86775e155defa2fa48d3de7e79d67bf71
work/tilegen-full-r1/canonical-fusednorm-model-r1/validation.json	76809	083f1c1a9fdce9c1c0868fcfd31bd361e6031b74f16dfdd83a2b1678d8ccc394
work/tilegen-full-r1/canonical-fusednorm-model-r1/tests.json	2176	fa616d40166bc2af2edf38339a98358b0dea175a60201975389728448da25465
work/tilegen-full-r1/canonical-fusednorm-model-r1/template-Decode1.json	14336	df27798bb3cf80d30adb0c46f740ff677154bd5557369462be45699f21b07dea
work/tilegen-full-r1/canonical-fusednorm-model-r1/model.py	8840	3754643ad20c70b1d530481bd2ae6707fd674c928ecccea171b10f6008b38f0d
work/tilegen-full-r1/canonical-fusednorm-model-r1/template-Decode2.json	14336	53c4e25c10a96abe889fbf6d50f78ce0b2eccc11bf43389bb5eda90f582166bc
work/tilegen-full-r1/compute-indexput-decode2-r1/compiler-manifest.json	9955	0b9841685d9117783a6aeb27a2f719f50c1246fea8ae975684d98a75792f96cf
work/tilegen-full-r1/compute-indexput-decode2-r1/candidates/epoch-3-launch-24.json	716595	4ce589d4c46f0247f53a5a185516e79d16f9a0ab70d51ee16eab1fbf40acaeb0
work/tilegen-full-r1/compute-indexput-decode2-r1/candidates/epoch-3-launch-23.json	716595	ae48aa33f6d3451b3dbf6d4539adf6f5a83964b061a86ff28f8b2fe70c20540a
work/tilegen-full-r1/canonical-mixed643-driver-r1/p28_support.h	3089	483e31097b7f78ccfdbd82bffe94c2cec672af0bc166776da88d764e8203f208
work/tilegen-full-r1/canonical-mixed643-driver-r1/mixed-seals.json	3170	80dc7c1e938657dc7a42cf30dda4f461cc23e8f8cb6c9f5b9232d8d67ba4a0d9
work/tilegen-full-r1/canonical-mixed643-driver-r1/manifest.json	15585	1bc14cf6d0ab60d2de5d102eb26ecd58945f43e803f874fb2ef41abb7fd160e8
work/tilegen-full-r1/canonical-mixed643-driver-r1/model_dispatch.h	9435	df1d883df3e36f9aa21d946243c267e30aa917c737ebc6e0ae83b56d1d8a5105
work/tilegen-full-r1/canonical-mixed643-driver-r1/streaming.cpp	19949	660571798b6b5e61b1baa41f649cf5ac5cc5d0247d3bdd1a7d6253b199473e54
work/tilegen-full-r1/canonical-mixed643-driver-r1/summary.json	4080	6f8503d3164b83f6860b770ba13a2ec8be61d38645c35542194ba8636da63277
work/tilegen-full-r1/compute-helper-cast-index-b-observed-r2/compact.py	7553	a9fcf06eeb1430f04e9e716f19366b38f17ea43394282faf1eaf3e1c0e164048
work/tilegen-full-r1/compute-helper-cast-index-b-observed-r2/manifest.json	4195	07554eab265e2d0f5210b89e40f3eb87ab06eda6e5990b14a3acd34ecdd0b98e
work/tilegen-full-r1/compute-helper-cast-index-b-observed-r2/domains.py	8253	5467c2478d2548f7761337f5d35c987de3fd953ab3759375f40b3af66501b07e
work/tilegen-full-r1/compute-helper-cast-index-b-observed-r2/sampled_memory.py	6294	8d7cd6847a8d344fa438a686341c7d009c713d11744d811f21c67b764630a879
work/tilegen-full-r1/compute-helper-cast-index-b-observed-r2/collector-pins.json	8553	040d0afe36f685ec12bdc1d979d961df2fe4ef39432cd2de50af2eb0c83657da
work/tilegen-norm-shared-r1/source-spec/shared-source-spec.json	20541	d451c0537f9999a2fd75084539572baab8c6d6124857278a2df71a1afe4645c2
work/tilegen-input-contract-r1/tiny-arrival-r1/prepare.py	2805	e28d21205b97070559d1d1b9ad4538f3f6f22b9840803318ffc3b1baa27afba0
work/tilegen-input-contract-r1/tiny-arrival-r1/case.json	2721015	8e90b2ee7644496ee87d57dd34f7d3c89062ba1bd39b83164e441da8e65eb906
work/tilegen-input-contract-r1/tiny-hbfsim-r1/fixture.cpp	17242	4bb2be8ae5106845380fbd42e3c1eab08b1da8019023e7929511054b698eb704
work/tilegen-input-contract-r1/tiny-hbfsim-r1/run_cpu.py	5135	31f5186fe93dfa4413e1d7340089a7ccd88c2aa6abfe9e7195f756e8f8484835
work/tilegen-input-contract-r1/llama-p32-history-capture-r1/current-history-execution-r1/fine_dispatch.h	3538	e3e92abcb1aefeea4f1e4e0095969aae8408b4086d60e1000044dbb2bc22467a
work/tilegen-input-contract-r1/llama-p32-history-capture-r1/current-history-execution-r1/tiny_dispatch-r2.h	8092	d0e10642b1f58422efd09196ac522b6c961027786bf5098a142c48e3bc023e12
work/tilegen-input-contract-r1/llama-p32-history-capture-r1/current-history-execution-r1/history_runtime-r3.cpp	12180	78fdb3da69ac80f3903cb815140b93101c3bceb1b7fec38b7b011f186b743cc5
work/tilegen-input-contract-r1/llama-p32-history-capture-r1/current-history-execution-r1/api_port-r2.h	4355	d021ef1b24acf8a17c6857e694a969d3442712d03bf67002c886ccb0a154864c
work/tilegen-input-contract-r1/llama-p32-history-capture-r1/current-history-execution-r1/prepared-r1/input.json	7734	399ef2fce5288fe01abc10121e636cc6c8a7bcabf7a919dc697c20a169efeb8c
work/tilegen-input-contract-r1/llama-p32-history-capture-r1/current-history-loader-r1/catalog.h	14323	db929b25da0bdaa59bc7d4cabc5b565e805e48a6437c6051f2e0ed60936031d6
work/tilegen-input-contract-r1/llama-p32-history-capture-r1/current-history-loader-r1/prepared-r1/plan.json	4084	31390be01dff8e441c7d00933f38c3b9f2d799e4e3cdebde9cdf261df77d0fcb
work/tilegen-input-contract-r1/llama-p32-history-capture-r1/current-gemv-bridge-r1/prepare.py	11364	30155155544ec9b7800504fec2147864567b687f4aedfb38daafb41dc59eabb8
work/tilegen-input-contract-r1/llama-p32-history-capture-r1/current-gemv-bridge-r1/fixture.cpp	6454	bfe6980cdd3848d8d69a09869ca5c4afadeb0fae10936d7e7971f98d54ae01c9
work/tilegen-input-contract-r1/llama-p32-history-capture-r1/current-gemv-bridge-r1/plan.json	2769054	88a09db10ee65098c94f681daf3439b87d8c25a2b831f1c3fff6e61d49cf48d1
work/tilegen-input-contract-r1/llama-p32-history-capture-r1/current-gemv-bridge-r1/bridge.h	9601	641e1493758ccc9d803ada2331f0ba95cf6acbc3c03be572ae1ee9c0d11ae951
work/tilegen-input-contract-r1/llama-p32-history-capture-r1/current-gemv-bridge-r1/evidence.json	113014	987b1b6099986f61f3f9e4c8ef1dafdc5e151be28f99961a54f14aa32f9822ca
work/tilegen-input-contract-r1/llama-p32-history-capture-r1/current-gemv-bridge-r1/run_cpu.py	5243	b419889433dd09725e9c59692c2693d57bc1c101b9ccb6a492a5e2521ff59272
work/tilegen-input-contract-r1/llama-p32-history-capture-r1/current-controls-execution-r1/prepare.py	11581	d7fc0e237eafe6ba2c1bc3e691a5bd7897efaa53acd07ee8cc70a56edce8ae87
work/tilegen-input-contract-r1/llama-p32-history-capture-r1/current-controls-execution-r1/fixture.cpp	10847	82dd817502d3b44888e9f7ab0ef0df0db180555c42ba644192a80f207f9d7fdf
work/tilegen-input-contract-r1/llama-p32-history-capture-r1/current-controls-execution-r1/bridge.h	8310	934e2a51084a21692eb30d826fc8fb5bb9be747183ae577f72f167bcb1b2eae7
work/tilegen-input-contract-r1/llama-p32-history-capture-r1/current-controls-execution-r1/run_cpu.py	5478	999d994570ea9d8c77b90ce079e2f7eebedd2ec06fd32fa7e2cc7ee484d33bbd
work/tilegen-input-contract-r1/llama-p32-history-capture-r1/current-controls-execution-r1/interface.json	78996	ea1eea0065ade77831caa93e029ed991834b2e4d11d95ff43a98f83f0dc56c08
work/tilegen-input-contract-r1/llama-p32-history-capture-r1/current-controls-execution-r1/delivery.json	4561	30cda5eb28569cc0d7d446f38c477c4f04e1f7ea6bdb2846ddaddb46012dddae
work/tilegen-input-contract-r1/llama-p32-history-capture-r1/current-controls-execution-r1/prepared-r1/source-models.json	5852660	cd513438232fabf19f594854cd7755f5ba65fb59df467ef622536e7a2adf35e8
work/tilegen-input-contract-r1/llama-p32-history-capture-r1/current-controls-execution-r1/prepared-r1/plan.json	142165	b48dbf48f0cafae5606bc3acc83b1ea35200fbe5594c1e4e3aa984f65650ce7f
work/tilegen-input-contract-r1/llama-p32-history-capture-r1/current-controls-execution-r1/prepared-r1/calls.json	1438219	46ad10ee1da5121b98ebc8b5c59a166245123065c90fade96355654fd38fa119
work/tilegen-input-contract-r1/llama-p32-history-capture-r1/current-controls-execution-r1/prepared-r1/expected.json	667048	e13417ab03b2b4a4edad46759ccc4625b75273139eab8d1e1118d84d178fed70
work/tilegen-input-contract-r1/llama-p32-history-capture-r1/current-controls-execution-r1/run-r1/receipt.json	243031	d3175af22531abb48d659891e65c27d150ff12a6737f01655de3b599e88e2b96
work/tilegen-input-contract-r1/llama-p32-history-capture-r1/current-elementwise-bridge-r1/prepare.py	11326	b4509fd5f605bad3c12599bb7a4e92bd4fe294c4358e2415e10dbab09c43aa11
work/tilegen-input-contract-r1/llama-p32-history-capture-r1/current-elementwise-bridge-r1/validate_saved.py	4647	da3904b61e3a496a0b5adbe551cfd5c3fb8977da0375a3495329c35f62ebef62
work/tilegen-input-contract-r1/llama-p32-history-capture-r1/current-elementwise-bridge-r1/fixture.cpp	13125	e9f7a9630aca665d2433871855c41d7b5fb3ec85f39d0f24ef723639e41c4be8
work/tilegen-input-contract-r1/llama-p32-history-capture-r1/current-elementwise-bridge-r1/plan.json	5447138	9b631848c872ae5024262dd821bd71986ac2242860c6937801003ea86df84c2b
work/tilegen-input-contract-r1/llama-p32-history-capture-r1/current-elementwise-bridge-r1/bridge.h	7701	91a90c84081a1c9c3893dde8152fee447144a987240eea0f55615d54024bcbaf
work/tilegen-input-contract-r1/llama-p32-history-capture-r1/current-elementwise-bridge-r1/README.md	3499	1b5c5ba413c5ec763c213008ae07d814fbd74a9c27ae373a72cbf6ff6fc7deac
work/tilegen-input-contract-r1/llama-p32-history-capture-r1/current-elementwise-bridge-r1/readiness.json	4617	0dd599e265f457f7c34ad73eb6cf5f7c3c5864537a3cdb92829ecc0c852596e6
work/tilegen-input-contract-r1/llama-p32-history-capture-r1/current-elementwise-bridge-r1/evidence.json	87989	02f2c4a8bc11fbf190f407562da2244b439240e57589ee3ae8ef8443e527fcf2
work/tilegen-input-contract-r1/llama-p32-history-capture-r1/current-elementwise-bridge-r1/run_cpu.py	5211	97c418a18f8bdbf0efbaba846ec9250d8bd2df104af251709e46cbaa8de04c11
work/tilegen-input-contract-r1/llama-p32-history-capture-r1/current-elementwise-bridge-r1/development-attempts.json	1248	88364b8479b9c03b2675f88ea1f954be2d5713c85889c79f7a69f28f59cc7f0e
work/tilegen-input-contract-r1/llama-p32-history-capture-r1/current-elementwise-bridge-r1/calls.json	1964064	b5da2e5d08fc1c91c29ce36523a4ea11f74a050a49b5f5f13a8d440a24c30960
work/tilegen-input-contract-r1/llama-p32-history-capture-r1/current-elementwise-bridge-r1/report.md	4765	bf8b683b6f3514ae94f3ff11ea5b9c0640f26a4a9d06c25b4bb4e3c03cae12a5
work/tilegen-input-contract-r1/llama-p32-history-capture-r1/p32-attention-adapter-r1/cpu-checks.json	2717	73ce29897114ea4fa0738a1ae622f27562a5cffaacc5a6acb702affafe3c8965
work/tilegen-input-contract-r1/llama-p32-history-capture-r1/p32-attention-adapter-r1/provider.py	3458	5586803de300d2ed9de9e464fcc34e3a18555feb4e5ef36ed908f5a2ed1b0e60
work/tilegen-input-contract-r1/llama-p32-history-capture-r1/p32-attention-adapter-r1/seal.py	6700	9a9053f8d36e0bbdb0bb75422e04218c6e48bc68cd0769977c8c7339fffbfa1a
work/tilegen-input-contract-r1/llama-p32-history-capture-r1/p32-attention-adapter-r1/report.md	6123	e6a99865bf56de1def57eacff3f65e1f47b0352bc104553bd40a85e3e1f4d2cb
work/tilegen-input-contract-r1/llama-p32-history-capture-r1/p32-attention-adapter-r1/bind.py	19604	0f9ddab0808fdca020bb198a8101043513d25be348a81c4a3d2883e7d4e3d773
work/tilegen-input-contract-r1/llama-p32-history-capture-r1/p32-attention-adapter-r1/test_saved.py	3566	859ee0dd83f68f238642a24daa8dab70e7387dc5814811a1c8fa3bfe95e7270c
work/tilegen-input-contract-r1/llama-p32-history-capture-r1/p32-attention-adapter-r1/bound-r1/index-producer-joins.json	214557	d91c1bd19fb2b736dfbaec56283f8b348908f9a421a350b46bb5ea62f5f2cf40
work/tilegen-input-contract-r1/llama-p32-history-capture-r1/p32-attention-adapter-r1/bound-r1/bindings.json	3362877	f06a50041866f24844eb9eb8882620d540331bc2b267bd3db01b3175d9f10584
work/tilegen-input-contract-r1/llama-p32-history-capture-r1/p32-attention-adapter-r1/bound-r1/registry-extension.json	83986	ee317bedd3ed07e4f5766b8d3d2a48d27ef906a44a7fa870d9c88275c4d17b9d
work/tilegen-input-contract-r1/llama-p32-history-capture-r1/p32-attention-adapter-r1/run-r1/unknown-values.json	34909	762167ebb5bf1292299abd8cfb00f5d098e5fd2dbd2057f3161de486bce07cae
work/tilegen-input-contract-r1/llama-p32-history-capture-r1/p32-attention-adapter-r1/run-r1/manifest.json	66070	48814b5ee664e97fe8ead95fc6a1c79ede3a88c2203ee0cd9e8191149de0f8ac
work/tilegen-input-contract-r1/llama-p32-history-capture-r1/p32-attention-adapter-r1/run-r1/samples.json	9227453	909bd1c70a0749dbd599f75427a55b87e5b7cb49ce85d648c2cc94ff33bad3c1
work/tilegen-input-contract-r1/llama-p32-history-capture-r1/p32-attention-adapter-r1/run-r1/source-identity.json	3685	ec089883e71dd399d8cddb07ca34d059970db66f359e66e412ac9b05d0dc8177
work/tilegen-input-contract-r1/llama-p32-history-capture-r1/p32-attention-adapter-r1/run-r1/bindings.json	1644723	543a316166474a1ad12caebc868c253d3f777c7201d9b8631e4d527959cabe29
work/tilegen-input-contract-r1/llama-p32-history-capture-r1/current-rotary-execution-r1/prepare.py	7462	cd60107254d7542bd5f0275c81e2fdccc954c785692ee5913351b7c184b72149
work/tilegen-input-contract-r1/llama-p32-history-capture-r1/current-rotary-execution-r1/fixture.cpp	11041	bc45bb7735c6cd1a2c5ba62f8b1bb722a136565025df3af9ab4c743d2b80fff6
work/tilegen-input-contract-r1/llama-p32-history-capture-r1/current-rotary-execution-r1/bridge.h	5043	0062990432317100c843aa9aa1cf3686a5b6c93b2879030c09b5536cc6155f10
work/tilegen-input-contract-r1/llama-p32-history-capture-r1/current-rotary-execution-r1/readiness.json	3232	08f8dfbb1ea4884a056b447f83075cc3c926e33b4ab25531378b392508e76508
work/tilegen-input-contract-r1/llama-p32-history-capture-r1/current-rotary-execution-r1/run_cpu.py	4527	af1e63c4a4e7078bb51d07d472edf4abda51179ca3ace2b8954c560f75b2f1a3
work/tilegen-input-contract-r1/llama-p32-history-capture-r1/current-rotary-execution-r1/prepared-r1/plan.json	2387169	446e896bd55257cb0449bd2d65fb93f15ba09f01f231cfeb7c1b7a30ddff7074
work/tilegen-input-contract-r1/llama-p32-history-capture-r1/current-history-registry-r3/assembled-r1/dispatch.json	8368946	ef883ad675d18761a36d33c6a16f83542965fda7c2d9182a98eee84d4ee0daf7
work/tilegen-input-contract-r1/llama-p32-history-capture-r1/current-history-registry-r2/assembled-r1/missing.json	16723	7534332dc10f3ea01c85474c64e8abd23c779ee273ff8368c5a88b16d7f86d59
work/tilegen-input-contract-r1/llama-p32-history-capture-r1/current-history-registry-r2/assembled-r1/receipt.json	365561	5eaa2d511f9b4f4ae6b1f8d92d4f72de38ca844b13c61d03ae96f9864158bbaa
work/tilegen-input-contract-r1/llama-p32-history-capture-r1/current-history-registry-r2/assembled-r1/dispatch.json	8487170	bb774c262ca82834c61fdd32d71978115cdc48fb926f693e38a9d662bbe61851
work/tilegen-input-contract-r1/llama-p32-history-capture-r1/current-attention-execution-r1/prepare.py	6791	d2dad22dce43654dc21c1461e13b8622960dd38b13ba71f267a7ef9efcea813e
work/tilegen-input-contract-r1/llama-p32-history-capture-r1/current-attention-execution-r1/source-Prefill.json	3316916	40a5a830413f80b7b46e0947f62b0612d812ac4e27aaa8d382c21a6cb4180839
work/tilegen-input-contract-r1/llama-p32-history-capture-r1/current-attention-execution-r1/plan.json	4563929	bf5665c863b537d11dfa5d41949ab4f4416464cd31b64ce10d82e8600653da6b
work/tilegen-input-contract-r1/llama-p32-history-capture-r1/current-attention-execution-r1/revise_plan_r2.py	1051	00b750c38ff803c1e6fe61c36637b951212a731afdaa5a9128a0f99bf31ce26c
work/tilegen-input-contract-r1/llama-p32-history-capture-r1/current-attention-execution-r1/bridge.h	6479	4481ed799fc8ec436f12eaa78968f70f5539b1d99daa1ce1cbe4501f017979e9
work/tilegen-input-contract-r1/llama-p32-history-capture-r1/current-attention-execution-r1/source-Decode1.json	1975975	c561648d1a1ac20cd85ce1b9b327fd397470b3287a0e0911c0d839a828186853
work/tilegen-input-contract-r1/llama-p32-history-capture-r1/current-attention-execution-r1/plan-r2.json	4565070	61027701b3ba393243062a30261e1f5dec365a1fc5fcc1135836bd79e6b618bf
work/tilegen-input-contract-r1/llama-p32-history-capture-r1/current-attention-execution-r1/source-Decode2.json	1980465	a31950f3758c991c3cc8ada4bc21370efa2b9b893b06fe778aa42cfa7f52f816
work/tilegen-input-contract-r1/llama-p32-history-capture-r1/current-attention-execution-r1/interface.json	131296	b4e871f153de7298e9a812adb2d7702598d642bb46d595d8ca223b6cfc299a70
work/tilegen-input-contract-r1/llama-p32-history-capture-r1/current-attention-execution-r1/run-r1/receipt.json	183513	5381ce3fa435b9331b318620a9a37aa7779100e9b5c086f2df86e9ddfc1322e7
work/tilegen-input-contract-r1/llama-p32-history-capture-r1/current-outside-execution-r1/source-checks.json	2039	4422a90d6487adf26394422f5635eb9235577d7e2c2229d66f447ef6b2063303
work/tilegen-input-contract-r1/llama-p32-history-capture-r1/current-outside-execution-r1/prepare.py	12718	742e9a769039d36cec8b7e5ff6ed2c8bb8a593569ccd46fd1c3271653a1731bf
work/tilegen-input-contract-r1/llama-p32-history-capture-r1/current-outside-execution-r1/source_checks.py	2490	6b43592b245f05269fafccbec89b9ba10b1642a9c99b075e56e66cbc8c52ca46
work/tilegen-input-contract-r1/llama-p32-history-capture-r1/current-outside-execution-r1/fixture.cpp	11938	024bce854932124fee93211c844bb7b86ae54b2f583e53d1430fbaf74f1cdfec
work/tilegen-input-contract-r1/llama-p32-history-capture-r1/current-outside-execution-r1/bridge.h	8106	3867eb0e6d232389aa8b2791ec6c66cf03dda1257c6d1e85f63360bf402fc9bb
work/tilegen-input-contract-r1/llama-p32-history-capture-r1/current-outside-execution-r1/README.md	4874	9dcc825440abb2b8b739ddc66d3cd9a83b0f95b8e65ee1468f9f349782977b1e
work/tilegen-input-contract-r1/llama-p32-history-capture-r1/current-outside-execution-r1/run_cpu.py	5332	3367f3ee2574eeadef141b5d7d348cb5e8875e940a57256726c050341694c631
work/tilegen-input-contract-r1/llama-p32-history-capture-r1/current-outside-execution-r1/registry-extension.json	90026	863289fec359c9cda40467ddd3905866cca905be1f95ff53ab7783bfb9941a65
work/tilegen-input-contract-r1/llama-p32-history-capture-r1/current-outside-execution-r1/prepared-r1/plan.json	8140	0873385c572e0665f6502887d0f85cc7c09632103cdf7fcce10d0560de058a02
work/tilegen-input-contract-r1/llama-p32-history-capture-r1/current-outside-execution-r1/prepared-r1/templates.json	227474	3542bca3b8a7d29d21fe0c3d487b556a31eae43a2819b88eb21bd1f854a495db
work/tilegen-input-contract-r1/llama-p32-history-capture-r1/current-outside-execution-r1/prepared-r1/remaining.json	2724	fbe9b87e7582eef9833f8c86c3b2053c3d7da2b2760828b082eaeea718fe904b
work/tilegen-input-contract-r1/llama-p32-history-capture-r1/current-outside-execution-r1/prepared-r1/calls.json	6717926	a218a11d2519c38e4d625290421e1fceddc4d0900644329383c62a1f4b65cf78
work/tilegen-input-contract-r1/llama-p32-history-capture-r1/current-outside-execution-r1/prepared-r1/expected.json	61744	284b8f5c5294d323327a8ac719e31e08294ba81206ceefa4af3fb74f89b2c0ba
work/tilegen-input-contract-r1/llama-p32-history-capture-r1/current-outside-execution-r1/run-r1/run-fixture.stderr	0	e3b0c44298fc1c149afbf4c8996fb92427ae41e4649b934ca495991b7852b855
work/tilegen-input-contract-r1/llama-p32-history-capture-r1/current-outside-execution-r1/run-r1/fixture	591224	156ef9bd4d4c914e953d4ccf60906556ceae5e8372a7cd5e4ca8773c052aec35
work/tilegen-input-contract-r1/llama-p32-history-capture-r1/current-outside-execution-r1/run-r1/receipt.json	100168	b0f89898abe529f5030d208a43c15f53f6c1400067c80c44d810e9ac5228d51e
work/tilegen-input-contract-r1/llama-p32-history-capture-r1/current-outside-execution-r1/run-r1/compiler-version.stdout	159	76a924f59997fb65051981eb13105e0a8c151f16cd9c3e45e0f7c27ecefdb839
work/tilegen-input-contract-r1/llama-p32-history-capture-r1/current-outside-execution-r1/run-r1/compiler-version.stderr	0	e3b0c44298fc1c149afbf4c8996fb92427ae41e4649b934ca495991b7852b855
work/tilegen-input-contract-r1/llama-p32-history-capture-r1/current-outside-execution-r1/run-r1/compile-fixture.stdout	0	e3b0c44298fc1c149afbf4c8996fb92427ae41e4649b934ca495991b7852b855
work/tilegen-input-contract-r1/llama-p32-history-capture-r1/current-outside-execution-r1/run-r1/compile-fixture.stderr	7961	d195f6d9cba5deb46bc5299eb712ba9af25d4596756f25b0ff80e64fd1b3216b
work/tilegen-input-contract-r1/llama-p32-history-capture-r1/current-outside-execution-r1/run-r1/run-fixture.stdout	349668	490b0fb7d82688da60a81f45c5e227343e5dfae789b4ea88a0c5871b078efdba
work/tilegen-input-contract-r1/llama-p32-history-capture-r1/payload/attention-observer/attention_workspace.py	10807	319b331d532eee4d1f852ee3847dcf50e444d1b90c8ea07fbf96de51de173b13
work/tilegen-input-contract-r1/llama-p32-history-capture-r1/payload/metadata-package/shared_phase_execution.py	9846	6279f9040589901b151f4d1bce2be9c02ae301e45ce336b70bb97ab3d89b291f
work/tilegen-input-contract-r1/llama-p32-history-capture-r1/payload/metadata-package/matrix_common.py	1149	0bc07645405854b3b978daa96ef56e2a9dab67b98956acfc75fb0afc624997de
work/tilegen-input-contract-r1/llama-p32-history-capture-r1/payload/capture-package/capture.py	14059	d031f90db7e35a8a163a5fa4c5cba6ca864e328ead2129ef6340c6fc619117bd
work/tilegen-input-contract-r1/llama-p32-history-capture-r1/qualification-r1/observer_closure.py	6833	7589ba4adb0bbbd05309ce44769cd2bacdd98690d5a129767aa42a387d3f89cf
work/tilegen-input-contract-r1/llama-p32-history-capture-r1/qualification-r1/imported-r1/run-r1/metadata/process-3011726/artifacts/module_calls.json	4475101	e5576f85e9036be6e38fdc1597ab4656f7709e95626464a05b1756cafecf37a1
work/tilegen-input-contract-r1/llama-p32-history-capture-r1/qualification-r1/imported-r1/run-r1/metadata/process-3011726/artifacts/phases.json	30470	95c860b009948d8d787ea9fd9d6cc3378452a84915b478564e8cf7c18ec3a936
work/tilegen-input-contract-r1/llama-p32-history-capture-r1/qualification-r1/imported-r1/run-r1/metadata/process-3011726/artifacts/manifest.json	155787	046b183df5c5d0541e9eb5e6dc40b7bd281003f5199e85049a380cd78f98db94
work/tilegen-input-contract-r1/llama-p32-history-capture-r1/qualification-r1/imported-r1/run-r1/metadata/process-3011726/artifacts/tensor_roots.json	388456	0a894163806cb41bec487e729999b2ee95e171c369c6ce54807cd622bf85cbeb
work/tilegen-input-contract-r1/llama-p32-history-capture-r1/qualification-r1/imported-r1/run-r1/nvbit/process-3011726-897090720/static-instructions.jsonl	101070731	5b74cd4eeab6c3670b2121ac4719702c00c02c38375547e224f593106ce8ae88
work/tilegen-input-contract-r1/llama-p32-history-capture-r1/qualification-r1/imported-r1/run-r1/nvbit/process-3011726-897090720/argument-vectors.jsonl	10586627	2df32485991154cea845d86d35af6e59eb5b4ba4bfe00dfd7cea1f783a09eca0
work/tilegen-input-contract-r1/llama-p32-history-capture-r1/qualification-r1/imported-r1/run-r1/nvbit/process-3011726-897090720/launch-journal.jsonl	8768544	522432327ed9c558d41b7a2c889d2167c5783ca85d8c431b7a07752e4f028de3
work/tilegen-input-contract-r1/llama-p32-history-capture-r1/qualification-r1/imported-r1/run-r1/nvbit/process-3011726-897090720/allocation-journal.jsonl	221562	52c249712075623c195b65f904805c075f7ae6daf88827c65bd0724ddb9afb7e
work/tilegen-input-contract-r1/llama-p32-history-capture-r1/qualification-r1/imported-r1/run-r1/nvbit/process-3011726-897090720/memory-api-journal.jsonl	1129460	90e269f962fd778f30b6fe487152cfe25288dd0871b5d8d0730aeed93b94258f
work/tilegen-input-contract-r1/llama-p32-history-capture-r1/qualification-r1/imported-r1/run-r1/host-observation/process-3011726/prefill_q_views.json	167259	168f5861e55e57a6fb38cfa625f403fd58faecc7db2724ae5f917eb5da440b4e
work/tilegen-input-contract-r1/llama-p32-history-capture-r1/qualification-r1/imported-r1/run-r1/host-observation/process-3011726/attention_workspace.json	19697	9a991b4ea2399abe1df56563a5d2a4c88c3447748a8609f1cb451c19d61d49f7
work/tilegen-input-contract-r1/llama-p32-history-capture-r1/qualification-r1/imported-r1/run-r1/host-observation/process-3011726/sampling-host-spans.json	32975	f9e3cbd66cd1fedf008654bbe052ef6fcaf026ddaa3142389dec035c6dc94816
work/tilegen-input-contract-r1/llama-p32-history-capture-r1/qualification-r1/checked-r1/qualification.json	17816	449f38b23fc8b584b642a1b5267cf07517ac81137fbeb069c9c58c2ad7ee0442
work/tilegen-input-contract-r1/llama-p32-history-capture-r1/current-history-write-attribution-r1/source-checks.json	311	eb3cbfc7a8d5e96b6c4656243cbfd79dae6e1a5d1179a29345be1d371f909cee
work/tilegen-input-contract-r1/llama-p32-history-capture-r1/current-history-write-attribution-r1/README.md	6396	9446e33acbc1edfade662b82bf86b58352285607250ad5e2e99e7d08d18d8563
work/tilegen-input-contract-r1/llama-p32-history-capture-r1/current-history-write-attribution-r1/overlay.json	577	90017bb9a0d685489ec6d2ce149d1842f2f94de8d3e407df065e1090526dda76
work/tilegen-input-contract-r1/llama-p32-history-capture-r1/current-history-write-attribution-r1/readiness.json	2887	185e76fe90bead510aee05e336ff377a48025bf39b104315928cc8ca77950616
work/tilegen-input-contract-r1/llama-p32-history-capture-r1/current-history-write-attribution-r1/observer-range.patch	2350	461db5dbba26823740a971cf96cf361b20cce6328c826ac39b81eda21cadde85
work/tilegen-input-contract-r1/llama-p32-history-capture-r1/current-history-write-attribution-r1/writer_observer.h	10583	093ff52c405a42b4b1275e0be93a17d6b5752c14e4f49d676e69774584e1b653
work/tilegen-input-contract-r1/llama-p32-history-capture-r1/current-history-write-attribution-r1/check_source.py	2537	47994965bd4d54b86fe9ae4e64aa1ff56f8a21dd7ebd4075adf908ba1b82af77
work/tilegen-input-contract-r1/llama-p32-history-capture-r1/current-history-write-attribution-r1/history_attribution.h	1828	0dfdbbb346b72f7b0cd794f47d1c27ded6453a104e32b859df48251826bcc7ca
work/tilegen-input-contract-r1/llama-p32-history-capture-r1/current-history-write-attribution-r1/source-proof.json	19198	1b50cfaef4431654f5807d7415cfc591316f41a1e8156f8c18fe8191899472dc
work/tilegen-input-contract-r1/llama-p32-history-capture-r1/current-history-write-attribution-r1/build_owned-r1.py	13447	390c460615cf1c3801881750874c0bb90e7ca8d49a89dd3dd44d57e43d45b6a8
work/tilegen-input-contract-r1/llama-p32-history-capture-r1/current-history-write-attribution-r1/constructor_fixture-r1.cpp	2063	32021938aee41b2236a980ee251a32c08384a275db2bf5331018cf23f7cc3f11
work/tilegen-input-contract-r1/llama-p32-history-capture-r1/current-gemm-execution-r1/bridge-r2.h	5592	a580bac2c1fea13f00160a8a930005d9a52286247be0aafc322fff82748f755e
work/tilegen-input-contract-r1/llama-p32-history-capture-r1/current-controls-tiny-execution-r1/fixture.cpp	14965	93f562682e3638af7d9b5ab68498a126c6b78f0f993cedc5d59006c367e7c109
work/tilegen-input-contract-r1/llama-p32-history-capture-r1/current-controls-tiny-execution-r1/plan.json	9990	ef1615e4752d305ad39e0dac100535eb44c0187af7091c9694e9c4c01f7d78c8
work/tilegen-input-contract-r1/llama-p32-history-capture-r1/current-controls-tiny-execution-r1/bridge.h	3653	b103d43cad695f7e8e1fcf5416cf21a89dd5287040e0caf14ba16594e00aab38
work/tilegen-input-contract-r1/llama-p32-history-capture-r1/current-controls-tiny-execution-r1/run_cpu.py	5560	eba65f81c97bd449cf3547b181b00b03bb2b5a755817214f4b911b17e6c1c537
work/tilegen-input-contract-r1/llama-p32-history-capture-r1/current-controls-tiny-execution-r1/interface.json	86585	eb1bd2d8b73c4a903a5b60eb731a27fdb8266d1f2f9a8847365e7b8012a61ddf
work/tilegen-input-contract-r1/llama-p32-history-capture-r1/current-controls-tiny-execution-r1/run-r1/run-fixture.stderr	1891	122dbc94fcaf9137be54831f8dbd679d1b96ca12bafc17040eafe58f065cc142
work/tilegen-input-contract-r1/llama-p32-history-capture-r1/current-controls-tiny-execution-r1/run-r1/fixture	716760	dce94df39687b6b41c0f470e5a00dda42770789a94a02e14c1d66dbbaf044a40
work/tilegen-input-contract-r1/llama-p32-history-capture-r1/current-controls-tiny-execution-r1/run-r1/receipt.json	245389	6e1499f3ae28886bb66311c8e3c3f6e21b12d74090bb32157365fb3d47260901
work/tilegen-input-contract-r1/llama-p32-history-capture-r1/current-controls-tiny-execution-r1/run-r1/compiler-version.stdout	159	76a924f59997fb65051981eb13105e0a8c151f16cd9c3e45e0f7c27ecefdb839
work/tilegen-input-contract-r1/llama-p32-history-capture-r1/current-controls-tiny-execution-r1/run-r1/compiler-version.stderr	0	e3b0c44298fc1c149afbf4c8996fb92427ae41e4649b934ca495991b7852b855
work/tilegen-input-contract-r1/llama-p32-history-capture-r1/current-controls-tiny-execution-r1/run-r1/compile-fixture.stdout	0	e3b0c44298fc1c149afbf4c8996fb92427ae41e4649b934ca495991b7852b855
work/tilegen-input-contract-r1/llama-p32-history-capture-r1/current-controls-tiny-execution-r1/run-r1/result.json	638552	8f1a32eb984171944c102c1127a49f1e8b687ebf04cae4acc21cb847106cbc05
work/tilegen-input-contract-r1/llama-p32-history-capture-r1/current-controls-tiny-execution-r1/run-r1/compile-fixture.stderr	9971	2c2f29bdca72b603653866ad741f937f5c72fd4f6019ad19e3cb2adef514d2c2
work/tilegen-input-contract-r1/llama-p32-history-capture-r1/current-controls-tiny-execution-r1/run-r1/run-fixture.stdout	75	5d2a8c8f6d2b442ae3a4cf4ba520641ac5676f3e730a996ae3996672e76646ea
work/tilegen-input-contract-r1/llama-p32-history-capture-r1/current-initial-rope-execution-r1/prepare_summary.py	13128	2c7c26809acc71fd03d362dc7656c4080df16280b41435ab1c0475c9c20eb756
work/tilegen-input-contract-r1/llama-p32-history-capture-r1/current-initial-rope-execution-r1/run_summary.py	5434	e5ce4d6c5e35f7371bd8ef6a83977493ab470c043a3f051ea3091f8b8420c8c3
work/tilegen-input-contract-r1/llama-p32-history-capture-r1/current-initial-rope-execution-r1/summary-evidence.json	3912	82cebc62541077a8f9ee3f006548720d2c459d87ef1806e05e9b8eb9c32baece
work/tilegen-input-contract-r1/llama-p32-history-capture-r1/current-initial-rope-execution-r1/run_cat.py	5407	f57722e84e220c7bd7b3e812a9a96381c257334c532297af6afcdb46bab316eb
work/tilegen-input-contract-r1/llama-p32-history-capture-r1/current-initial-rope-execution-r1/bridge_cat.h	7419	b364e1f104f033f3eb868b9d29e1b659d695f227691e8a187081fed19ab27ee7
work/tilegen-input-contract-r1/llama-p32-history-capture-r1/current-initial-rope-execution-r1/prepare_strict.py	10113	420c11cc39890ee04933062ff20972c446f2565d6373a82c7dfb15e0041b637e
work/tilegen-input-contract-r1/llama-p32-history-capture-r1/current-initial-rope-execution-r1/fixture_summary.cpp	13368	fffa2d18b02cbb1e5a164e99796cbcca48999b0b038f27da1ddc7ee6f8af4779
work/tilegen-input-contract-r1/llama-p32-history-capture-r1/current-initial-rope-execution-r1/fixture_strict.cpp	13323	15f394f756bd15c63c94732e807219432dee16ca1ca342d5d3cbcc363cc6796f
work/tilegen-input-contract-r1/llama-p32-history-capture-r1/current-initial-rope-execution-r1/summary-interface.json	10622	2a547032d47c9090df7d702243162ac701912aa5ec2f7dfe7e45961f7984e745
work/tilegen-input-contract-r1/llama-p32-history-capture-r1/current-initial-rope-execution-r1/bridge_strict.h	7032	fd9ba6bef84d0ed98c6c2352bc94967eee42b3612428400aec507367eb649f95
work/tilegen-input-contract-r1/llama-p32-history-capture-r1/current-initial-rope-execution-r1/strict-evidence.json	1859	a3a6d946f48ade3257304f0a69e73701b29cf03be5aadb565d9bc02acb178a9b
work/tilegen-input-contract-r1/llama-p32-history-capture-r1/current-initial-rope-execution-r1/cat-evidence.json	2510	772082c13c022f97bd128598e7e70fbef603f5d5a660336f5dd32be41ad044f7
work/tilegen-input-contract-r1/llama-p32-history-capture-r1/current-initial-rope-execution-r1/fixture_cat.cpp	13359	82c78b16384a6bd84fc0c3e60248c8247029c5131c243d22060b14a9e345a993
work/tilegen-input-contract-r1/llama-p32-history-capture-r1/current-initial-rope-execution-r1/bridge_summary.h	7080	404a90cd3bd2fac1e4b6280a61915aa88d923e114f1e14d9557d7fe31bcb2fd3
work/tilegen-input-contract-r1/llama-p32-history-capture-r1/current-initial-rope-execution-r1/run_strict.py	5423	380104805454119611c1caf8407224953cd3e6f140fd72c9c19ab081ed059111
work/tilegen-input-contract-r1/llama-p32-history-capture-r1/current-initial-rope-execution-r1/prepare_cat.py	8745	4b85797c86a5c5de7cd8233f1ffcbd027e21753eb0a43e886c0ca58656066d75
work/tilegen-input-contract-r1/llama-p32-history-capture-r1/current-initial-rope-execution-r1/cat-interface.json	4789	5f5188f3ab6a069fa06321c1a3443df1cac9b0d9217be64f96cbd94a1473030d
work/tilegen-input-contract-r1/llama-p32-history-capture-r1/current-initial-rope-execution-r1/prepared-summary-r1/plan.json	6072	15addb2ef7b8329ac15c22327a300af6ef09093147fcc7f1040f10d8d69ba010
work/tilegen-input-contract-r1/llama-p32-history-capture-r1/current-initial-rope-execution-r1/prepared-summary-r1/templates.json	1204087	34d2c50cea4e57fd4fae82dba89dfc8dc488d09f312992f120186d570b14505f
work/tilegen-input-contract-r1/llama-p32-history-capture-r1/current-initial-rope-execution-r1/prepared-summary-r1/effect-proof.json	14863	3ee8253bcf1d75a758a4225ce5c426365ebc362a4418f9b20279e169ceaea7b4
work/tilegen-input-contract-r1/llama-p32-history-capture-r1/current-initial-rope-execution-r1/prepared-summary-r1/calls.json	129402	de52bf5e6ed3d2ae816a8d464b69e74a71242ece46ac5d63890528aff9b0dabd
work/tilegen-input-contract-r1/llama-p32-history-capture-r1/current-initial-rope-execution-r1/prepared-summary-r1/expected.json	154418	34dec1e4529d459503341d41e9bb916d23947f893ab3f7234aafb05b74e842d8
work/tilegen-input-contract-r1/llama-p32-history-capture-r1/current-initial-rope-execution-r1/run-summary-r1/run-fixture.stderr	368	57311a7bb54602efbe4d2096406149618a8c4a400d57751b1a667da17e3d4dbc
work/tilegen-input-contract-r1/llama-p32-history-capture-r1/current-initial-rope-execution-r1/run-summary-r1/fixture	584536	207d7be5a36bc4676e025de03284c6a30ec7c3de4733beaa4fd3c8a8c63b69f1
work/tilegen-input-contract-r1/llama-p32-history-capture-r1/current-initial-rope-execution-r1/run-summary-r1/receipt.json	106460	37b9733cf4fbbffb4e4b853950261bedddf163964fed62dc4b4fedfd77430de3
work/tilegen-input-contract-r1/llama-p32-history-capture-r1/current-initial-rope-execution-r1/run-summary-r1/compiler-version.stdout	159	76a924f59997fb65051981eb13105e0a8c151f16cd9c3e45e0f7c27ecefdb839
work/tilegen-input-contract-r1/llama-p32-history-capture-r1/current-initial-rope-execution-r1/run-summary-r1/compiler-version.stderr	0	e3b0c44298fc1c149afbf4c8996fb92427ae41e4649b934ca495991b7852b855
work/tilegen-input-contract-r1/llama-p32-history-capture-r1/current-initial-rope-execution-r1/run-summary-r1/compile-fixture.stdout	0	e3b0c44298fc1c149afbf4c8996fb92427ae41e4649b934ca495991b7852b855
work/tilegen-input-contract-r1/llama-p32-history-capture-r1/current-initial-rope-execution-r1/run-summary-r1/result.json	58756	623cb112b9980acd9cba54b74c0b75eba9ef0e1be20d763d75c58f86639465ee
work/tilegen-input-contract-r1/llama-p32-history-capture-r1/current-initial-rope-execution-r1/run-summary-r1/compile-fixture.stderr	8000	f2e63f939297ddfa09b00475577f835283d90e4b06c7de8c262aa555fc39e040
work/tilegen-input-contract-r1/llama-p32-history-capture-r1/current-initial-rope-execution-r1/run-summary-r1/run-fixture.stdout	83	636ebfe816e3e893d07d70b9166facc491b4a1f4fa64e8c9a43623ae9d066401
work/tilegen-input-contract-r1/llama-p32-history-capture-r1/current-initial-rope-execution-r1/prepared-cat-r1/plan.json	7042	01d9a114c62540ab1510eb92fa7c3c70ec5caeb2c790621df2423decdcfc61ec
work/tilegen-input-contract-r1/llama-p32-history-capture-r1/current-initial-rope-execution-r1/prepared-cat-r1/templates.json	212369	11266cb81bebe03dceb845f9decdd5ed51a3373fd64075f1da75799b90ca0ea5
work/tilegen-input-contract-r1/llama-p32-history-capture-r1/current-initial-rope-execution-r1/prepared-cat-r1/effect-proof.json	2949	01dbff83c55dca7692901eadb67dcef6df2f8b0baa95d0817e2f872d4ac60a85
work/tilegen-input-contract-r1/llama-p32-history-capture-r1/current-initial-rope-execution-r1/prepared-cat-r1/calls.json	66286	4633019d999e19d3cb594ac7cc40320fb751cdf32128c11182884dacd162d1bb
work/tilegen-input-contract-r1/llama-p32-history-capture-r1/current-initial-rope-execution-r1/prepared-cat-r1/expected.json	146690	9bcb91814e1ce845551a4226bd9f991fa9f98a3f3c75c439656b51f95d1e2831
work/tilegen-input-contract-r1/llama-p32-history-capture-r1/current-initial-rope-execution-r1/prepared-strict-r1/plan.json	6253	c7d9b96831a468abc39fec5d16b07c531f6346d7036aaa33bb96b0a9678aa3fd
work/tilegen-input-contract-r1/llama-p32-history-capture-r1/current-initial-rope-execution-r1/prepared-strict-r1/templates.json	148681	f75e507ef35fc0734de941964144e573d02d60f415446126fc96df7041d5c37c
work/tilegen-input-contract-r1/llama-p32-history-capture-r1/current-initial-rope-execution-r1/prepared-strict-r1/remaining.json	581	50e21f8d28f25945f6ce2594c6d222ac84f18ddbbd2fdd0b8db3758a41d25a7d
work/tilegen-input-contract-r1/llama-p32-history-capture-r1/current-initial-rope-execution-r1/prepared-strict-r1/calls.json	23799	604f6676a014a783b412f57c7b0a0be906c56022a899b98e19def47378d64a92
work/tilegen-input-contract-r1/llama-p32-history-capture-r1/current-initial-rope-execution-r1/prepared-strict-r1/expected.json	58026	266ac11db6dd119dca23ba2ddbee9997e62dbd53616e450753ca98e7b7fd9300
work/tilegen-input-contract-r1/llama-p32-history-capture-r1/current-initial-rope-execution-r1/run-strict-r1/run-fixture.stderr	138	2ce103b15fd11214beaf746563035b05d346b13920f616f61b5a1366b3ef23bf
work/tilegen-input-contract-r1/llama-p32-history-capture-r1/current-initial-rope-execution-r1/run-strict-r1/fixture	583096	e7562dff8e0944a2d927bb67750541d554c67c44600f2241ecd1ef289f6dd4c4
work/tilegen-input-contract-r1/llama-p32-history-capture-r1/current-initial-rope-execution-r1/run-strict-r1/receipt.json	106669	ed55cbaef0f4fef57eaacf1f33a54f64ea84b46d32051f43100de4809ca04ba7
work/tilegen-input-contract-r1/llama-p32-history-capture-r1/current-initial-rope-execution-r1/run-strict-r1/compiler-version.stdout	159	76a924f59997fb65051981eb13105e0a8c151f16cd9c3e45e0f7c27ecefdb839
work/tilegen-input-contract-r1/llama-p32-history-capture-r1/current-initial-rope-execution-r1/run-strict-r1/compiler-version.stderr	0	e3b0c44298fc1c149afbf4c8996fb92427ae41e4649b934ca495991b7852b855
work/tilegen-input-contract-r1/llama-p32-history-capture-r1/current-initial-rope-execution-r1/run-strict-r1/compile-fixture.stdout	0	e3b0c44298fc1c149afbf4c8996fb92427ae41e4649b934ca495991b7852b855
work/tilegen-input-contract-r1/llama-p32-history-capture-r1/current-initial-rope-execution-r1/run-strict-r1/result.json	21968	70a8734c9558f7b4f6cd9102cba262e5f96df5bac4fe46cc5d5a2537ab8b037f
work/tilegen-input-contract-r1/llama-p32-history-capture-r1/current-initial-rope-execution-r1/run-strict-r1/compile-fixture.stderr	7997	bd7c54a89d516fc70e088a9bd41e6f74f235902d16734f03fdf3a3848c752089
work/tilegen-input-contract-r1/llama-p32-history-capture-r1/current-initial-rope-execution-r1/run-strict-r1/run-fixture.stdout	81	1775f8cebed1e5e8e9bb23b5bc184c6336d83af0379d15d56ec51db959029adc
work/tilegen-input-contract-r1/llama-p32-history-capture-r1/current-initial-rope-execution-r1/run-cat-r1/run-fixture.stderr	94	92f83d14b68beb31b64f1a1a43285da8d1d1af6ff63b6ae891631f16d04ee3ff
work/tilegen-input-contract-r1/llama-p32-history-capture-r1/current-initial-rope-execution-r1/run-cat-r1/fixture	585160	0513e2845e85d781d1075858c7b2ab42032e10156a5ea4375dd26150bbce3c74
work/tilegen-input-contract-r1/llama-p32-history-capture-r1/current-initial-rope-execution-r1/run-cat-r1/receipt.json	107372	4c75d31bc038c68e3527825ba84aa48a6d7bfa55f47929ca2180a81538651867
work/tilegen-input-contract-r1/llama-p32-history-capture-r1/current-initial-rope-execution-r1/run-cat-r1/compiler-version.stdout	159	76a924f59997fb65051981eb13105e0a8c151f16cd9c3e45e0f7c27ecefdb839
work/tilegen-input-contract-r1/llama-p32-history-capture-r1/current-initial-rope-execution-r1/run-cat-r1/compiler-version.stderr	0	e3b0c44298fc1c149afbf4c8996fb92427ae41e4649b934ca495991b7852b855
work/tilegen-input-contract-r1/llama-p32-history-capture-r1/current-initial-rope-execution-r1/run-cat-r1/compile-fixture.stdout	0	e3b0c44298fc1c149afbf4c8996fb92427ae41e4649b934ca495991b7852b855
work/tilegen-input-contract-r1/llama-p32-history-capture-r1/current-initial-rope-execution-r1/run-cat-r1/result.json	16303	941a6ef24a1d31422378ea7030dce9ce1c7ddb0bc2b1e6dc38156012d2319bc6
work/tilegen-input-contract-r1/llama-p32-history-capture-r1/current-initial-rope-execution-r1/run-cat-r1/compile-fixture.stderr	7988	9d6fc8f29568130626f7d9a6a915dd6b857aa653b5f9e7bcb2e2b33bc86bb6c0
work/tilegen-input-contract-r1/llama-p32-history-capture-r1/current-initial-rope-execution-r1/run-cat-r1/run-fixture.stdout	82	a8fdfb3a54be2cad7c7ae90eb4580abb192a9e59b0df79ad62398292c7e81349
work/tilegen-input-contract-r1/llama-p32-history-capture-r1/current-history-registry-r1/build.py	13022	a4de50b99644682f2135add157d85509fbc3d45931c1a2fe5398c0235fea262a
work/tilegen-input-contract-r1/llama-p32-history-capture-r1/current-history-registry-r1/assembled-r1/receipt.json	345194	393a3abd07e7e65c576b5110817df67c368dc2cb31b9ba9c1feecbf2ee806e4d
work/tilegen-input-contract-r1/llama-p32-history-capture-r1/current-history-registry-r1/assembled-r1/dispatch.json	7231463	a6b6d4758a7dd0d2073629d4984e5d2611cb468e067df1863b47f6400c82c876
work/tilegen-input-contract-r1/llama-p32-history-capture-r1/current-history-registry-r1/assembled-r1/outside-regular.json	293538	c34f5c0a699c3ad2c6b001acccea2c1a16d2b844a64ff6964bad8c61b33034a7
work/tilegen-input-contract-r1/llama-p32-history-capture-r1/composite-input-r1/rotary-current-source-check.json	643	7de70e47db07e7909cc621fbd804c91bea87bcf43def247b1b350b4fca4ddcbb
work/tilegen-input-contract-r1/llama-p32-history-capture-r1/composite-input-r1/event-adapter-r1/adapter.py	12612	2f2377c0f9c9e25689abb52f11e76a62eee35aa11dc62b3130cf5eb31588aadc
work/tilegen-input-contract-r1/llama-p32-history-capture-r1/composite-input-r1/event-adapter-r1/checked-r1/qualification.json	35772	92d6de1e82987d436529afbcfd0d7382b6370ba61df43f9bcb8ed89e624685c7
work/tilegen-input-contract-r1/llama-p32-history-capture-r1/composite-input-r1/composed-r4/timeline.jsonl	4118551	3752040f780b5bd1c385fa14a87a3910a1c7ac4e3147e75080a92ada821c2957
work/tilegen-input-contract-r1/llama-p32-history-capture-r1/composite-input-r1/composed-r4/composition.json	139092	786c9e274da9e9f4abb394aa5a62bebe95a4ad1939386876aa9c195ef0c1dc47
work/tilegen-input-contract-r1/llama-p32-history-capture-r1/current-gemm-bridge-r1/prepare.py	13786	abc9ca6c1696766312fce933b1397aa3f7babb6373904559f74869dcc28cc529
work/tilegen-input-contract-r1/llama-p32-history-capture-r1/current-gemm-bridge-r1/bridge-r2.h	9064	fca3ec9a255eb733ef3a5686773d08c3eb0ddc3db3418a2e49b571e7a348bcc9
work/tilegen-input-contract-r1/llama-p32-history-capture-r1/current-gemm-bridge-r1/prepared-r1/plan.json	1645072	3ad9e5bc3e9576ac8cc976bbce39ff8be96ff5abb2b066f9847fa742946b46c9
work/tilegen-input-contract-r1/llama-p32-history-capture-r1/current-helpers-execution-r1/prepare.py	9000	3bc6366f66edcf594fd16d22e9df0ad20888807424991fc5fa7bc4da79c2c334
work/tilegen-input-contract-r1/llama-p32-history-capture-r1/current-helpers-execution-r1/fixture.cpp	11725	1a531518d63fe6a89ba872b73446f828dd154e5632479a63534cad95867fda71
work/tilegen-input-contract-r1/llama-p32-history-capture-r1/current-helpers-execution-r1/bridge.h	8315	ff91f76a20f7c0eb6555f5f1be1c8b306e440180015f9efce9bce6d2414aa879
work/tilegen-input-contract-r1/llama-p32-history-capture-r1/current-helpers-execution-r1/remaining.json	1113386	197d152a252ecf61e2aa966a1bf74f839d3532e307a3032f516991620efa43ee
work/tilegen-input-contract-r1/llama-p32-history-capture-r1/current-helpers-execution-r1/run_cpu.py	5236	2d2cee7f068656f021f616ec704bb456a5897d9d0c1e8e91e008c34a11f16a40
work/tilegen-input-contract-r1/llama-p32-history-capture-r1/current-helpers-execution-r1/registry-extension.json	4621	0f6f3bd4f357e7f8c855552f3e657e50ae4c097dcabc5e5eed8ee78c8799a103
work/tilegen-input-contract-r1/llama-p32-history-capture-r1/current-helpers-execution-r1/prepared-r1/source-models.json	26929254	28210692aa1463ceb2ce70693b0d7a584f98805509246284a09d42de5cac7fc8
work/tilegen-input-contract-r1/llama-p32-history-capture-r1/current-helpers-execution-r1/prepared-r1/plan.json	1126756	1e0f28aefc5a143d1cc05f87de8b85f744e69652cc6dc8033448755d1f1fe829
work/tilegen-input-contract-r1/llama-p32-history-capture-r1/current-helpers-execution-r1/prepared-r1/calls.json	128795	dcc9328cf55b65af796588483c389bc49e6951d7d961940b341f61b3f1b6cae6
work/tilegen-input-contract-r1/llama-p32-history-capture-r1/current-helpers-execution-r1/prepared-r1/expected.json	1151387	8739f126a391c871743523a646eff3328085fdb1773c90d080f5654adf90bcd6
work/tilegen-input-contract-r1/llama-p32-history-capture-r1/current-window-replay-r1/prepared-r1/input.json	66201	d347fe54ba74c64cb7818cb8b029a9fc060c427d7e50afef65f20422fc07e80d
work/tilegen-input-contract-r1/llama-p32-history-capture-r1/current-gemm-tiny-execution-r1/validate_saved.py	5835	f3826ef2f7178206bc5a1c38ac02e821303671639764f2ddddf29f3c1b5adacf
work/tilegen-input-contract-r1/llama-p32-history-capture-r1/current-gemm-tiny-execution-r1/bridge-r2.h	5325	7837d9636e739a2388ed0a7fc7b3ee93630df1abf3a317c3bd643379f0309811
work/tilegen-input-contract-r1/llama-p32-history-capture-r1/current-gemm-tiny-execution-r1/README.md	4413	4b6af77bc12fb4ddf4ea437f17c6696853eaacf333102bdd1e37d70f25a23365
work/tilegen-input-contract-r1/llama-p32-history-capture-r1/current-gemm-tiny-execution-r1/qualify_fine_runtime.py	7262	68fc714e4bc0eae17ead5b098a7d52f8e5ea067827cadd19cd1aef8971b6c916
work/tilegen-input-contract-r1/llama-p32-history-capture-r1/current-gemm-tiny-execution-r1/run_cpu-r3.py	6222	ca13082a2ebf19d459a2e197bc9f27390ba1697ba2f2c2d77029ee92dbe0a59d
work/tilegen-input-contract-r1/llama-p32-history-capture-r1/current-gemm-tiny-execution-r1/readiness.json	4269	73f800f0649ff8d3678e567f7f5a3c4cf3b82280927510262e58676f54e59e67
work/tilegen-input-contract-r1/llama-p32-history-capture-r1/current-gemm-tiny-execution-r1/fixture-r3.cpp	15364	8784051c2b4380fb882b00fe8f401739515f7110b9effdcee672be3b797ff228
work/tilegen-input-contract-r1/llama-p32-history-capture-r1/current-gemm-tiny-execution-r1/saved-validation-r1/validation.json	6065	dc265cd2823c400b2d2760372408d729fc35ed85eb04e99f05bbd867c36938ac
work/tilegen-input-contract-r1/llama-p32-history-capture-r1/current-gemm-tiny-execution-r1/fine-runtime-qualification-r1/receipt.json	111823	955a624fd1da5b815677f55be65c0773f934df910a6d97d8004ad6cc2fc6eda6
work/tilegen-input-contract-r1/llama-p32-history-capture-r1/current-gemm-tiny-execution-r1/fine-runtime-qualification-r1/run-fixture.stdout	15449	b7ba097a5d66d43a8adb5e0fec848e1ccb87343c83d9d591d874cb2d4218f0c5
work/tilegen-input-contract-r1/llama-p32-history-capture-r1/current-gemm-tiny-execution-r1/run-r3/receipt.json	124651	2b9cdbef10ae2c9df6bf4288672a98767fa5669bb517ac343f4b2b4bfd89ab12
work/tilegen-input-contract-r1/llama-p32-history-capture-r1/current-gemm-tiny-execution-r1/run-r3/run-fixture.stdout	47362	a043442c32a2e465a5e099a99954879af5704180399884e182149b48c364cb5d
work/tilegen-input-contract-r1/llama-p32-history-capture-r1/current-history-loader-r3/catalog.h	9199	305a51d8e8c356842bb9fbbb9ae734fd23e5b212bd7f57271bee48f3410f2ed4
work/tilegen-input-contract-r1/llama-p32-history-capture-r1/native-registry-r1/p32-helpers-adapter-r1/shared_indexput.py	13500	17b8719f6f3f50ed6b9788f37124167b8d68ceb12316810f45011f3bea74fd5a
work/tilegen-input-contract-r1/llama-p32-history-capture-r1/native-registry-r1/p32-helpers-adapter-r1/shared_elementwise.py	13012	cac0d8a2cb8933220567b75dfa51c5c225e7c24d66c3bf5feaca289694e15c07
work/tilegen-input-contract-r1/llama-p32-history-capture-r1/native-registry-r1/p32-helpers-adapter-r1/bound-r1/bindings.json	3097281	a0493486f0501103db4d151a480729e4eb7222b1f5e347f5b17b3e6bca9064e6
work/tilegen-input-contract-r1/llama-p32-history-capture-r1/native-registry-r1/p32-helpers-adapter-r1/bound-r1/registry-extension.json	24538	c4e59b4a6c982b77fe24f04d20e95e245d8bdf0542ee2ed484148f3d9a2de432
work/tilegen-input-contract-r1/llama-p32-history-capture-r1/native-registry-r1/p32-gemm-adapter-r1/provider.py	15473	7e3d75467857038e13c8518716cb99c1202fffa08573a5c735a0a9497053448c
work/tilegen-input-contract-r1/llama-p32-history-capture-r1/native-registry-r1/p32-gemm-adapter-r1/README.md	2855	a598071d30bef7e0f83fd39e59769fa5405ee792f00936ce1193f2bcbd5f40cf
work/tilegen-input-contract-r1/llama-p32-history-capture-r1/native-registry-r1/p32-gemm-adapter-r1/bind_saved.py	17998	50bb97a2747a8399ff3f63ce77603c7193f078e4661769e9931eec7df4764f01
work/tilegen-input-contract-r1/llama-p32-history-capture-r1/native-registry-r1/p32-gemm-adapter-r1/bound-r1/cpu-negative-checks.json	1326	8f03b97a93e78669a4f8bcf3e1e46d4da8d25b68bd023c08c56a43d22e4870f5
work/tilegen-input-contract-r1/llama-p32-history-capture-r1/native-registry-r1/p32-gemm-adapter-r1/bound-r1/gate-first-last-events.jsonl.gz	3309044	d1b764fae3d2f8e13526e4aba53f113f704ed77f20c3ac2a6133f575d5f564b3
work/tilegen-input-contract-r1/llama-p32-history-capture-r1/native-registry-r1/p32-gemm-adapter-r1/bound-r1/qkv-first-last-events.jsonl.gz	3404457	c3bc0487cfcdf441d63305b4b9e18fdf344ada4eda680393819516b9453e9013
work/tilegen-input-contract-r1/llama-p32-history-capture-r1/native-registry-r1/p32-gemm-adapter-r1/bound-r1/static-proofs.json	714	ce017e9667896bae6319663cba65a55b4d21370b34f569e91ff34da97d5d38e6
work/tilegen-input-contract-r1/llama-p32-history-capture-r1/native-registry-r1/p32-gemm-adapter-r1/bound-r1/o-first-last-events.jsonl.gz	3414499	fa3097b6caa512b2f12934a75e6c987472cb6e40e1e11bde7877fe9fd6c72014
work/tilegen-input-contract-r1/llama-p32-history-capture-r1/native-registry-r1/p32-gemm-adapter-r1/bound-r1/remaining-missing.json	330599	cf5eb0943f0b1e4b873dc70c3ba1774f443d5607a29463d271def1f5ee676ead
work/tilegen-input-contract-r1/llama-p32-history-capture-r1/native-registry-r1/p32-gemm-adapter-r1/bound-r1/down-first-last-events.jsonl.gz	11699666	824975f0b84f872c6e8163ea4e443536643d193087cce748da1a6d3b41483b2f
work/tilegen-input-contract-r1/llama-p32-history-capture-r1/native-registry-r1/p32-gemm-adapter-r1/bound-r1/rejections.json	3	37517e5f3dc66819f61f5a7bb8ace1921282415f10551d2defa5c3eb0985b570
work/tilegen-input-contract-r1/llama-p32-history-capture-r1/native-registry-r1/p32-gemm-adapter-r1/bound-r1/bindings.json	1492306	dabd82ecb93a7d9f2f757c54ea80f9c4e52ac68edc826b6ec8321776e1a0101d
work/tilegen-input-contract-r1/llama-p32-history-capture-r1/native-registry-r1/p32-gemm-adapter-r1/bound-r1/registry-extension.json	27247	61227af16fe92ff890922cf65add0ba311ef0b93c41f94f20fdb7b59c358e99b
work/tilegen-input-contract-r1/llama-p32-history-capture-r1/native-registry-r1/bound-r3/registry.json	35767	803eec5d66cf9c3be1823337fe4fd01427b2e652ea74fd581333f256f8480869
work/tilegen-input-contract-r1/llama-p32-history-capture-r1/native-registry-r1/bound-r3/missing.json	464655	5e7d0baf1e66d197b9c197882e3ba0a8fe77f135a3f78b048eb2f3d2b9727150
work/tilegen-input-contract-r1/llama-p32-history-capture-r1/native-registry-r1/bound-r3/static.json	4990957	7f87371788566f415b971b6c37dfb4144b584258aca521c2dcf7f6a3626d6c00
work/tilegen-input-contract-r1/llama-p32-history-capture-r1/native-registry-r1/bound-r3/bindings.json	4193073	04093a20c94a7073ab1893a1355d30297f80fde38cc2971d224e1fa05fb4fa7f
work/tilegen-input-contract-r1/llama-p32-history-capture-r1/native-registry-r1/p32-controls-adapter-r1/kv_indices_program.py	7074	53a8300655450f0872fb22d46f8b1a61b2ae7f70eef3fdb0004548ef2928d9c0
work/tilegen-input-contract-r1/llama-p32-history-capture-r1/native-registry-r1/p32-controls-adapter-r1/source.patch	26965	62620d2eafdb864f3a5993a16661397adab6e22b67570f206688fbf123b5edd9
work/tilegen-input-contract-r1/llama-p32-history-capture-r1/native-registry-r1/p32-controls-adapter-r1/embedding_program.py	8897	1852a5a3503543cc2f49afa772610e0526596e4257b49824787ce81d1860f642
work/tilegen-input-contract-r1/llama-p32-history-capture-r1/native-registry-r1/p32-controls-adapter-r1/derivation.json	7422	ea5beaf091f06d4c5673111a1ed5f702b132ad0df61a13fbaa8a7d5a0d1fae9a
work/tilegen-input-contract-r1/llama-p32-history-capture-r1/native-registry-r1/p32-controls-adapter-r1/provider.py	10449	d5b6a4edef7a25ff40c2b96e2a192325213ff7c8b64e1b46cf1c04a32ea53bc2
work/tilegen-input-contract-r1/llama-p32-history-capture-r1/native-registry-r1/p32-controls-adapter-r1/derive.py	3391	b9813051667c373db50f4a8b7cb0b093ae8c773144a81ba70c9b151b913dc164
work/tilegen-input-contract-r1/llama-p32-history-capture-r1/native-registry-r1/p32-controls-adapter-r1/gather_program.py	6385	f64373c18c95a2aad2a855d5e19b65819cac1d09b363a4de8291c9318fa0c8d2
work/tilegen-input-contract-r1/llama-p32-history-capture-r1/native-registry-r1/p32-controls-adapter-r1/layout_program.py	5457	06c4b8dd871bc9d3befb6aa467da2924510acab8db2b7646be97f841644469ca
work/tilegen-input-contract-r1/llama-p32-history-capture-r1/native-registry-r1/p32-controls-adapter-r1/README.md	2959	c8568288092545a123e2e7399737736aad0670fa2c7cff4dce616eb10cb28801
work/tilegen-input-contract-r1/llama-p32-history-capture-r1/native-registry-r1/p32-controls-adapter-r1/bind_saved.py	17310	61e34811ab853be38af2c2fa04d7564b8708e0f7036fcccfbd85fc7f516505c9
work/tilegen-input-contract-r1/llama-p32-history-capture-r1/native-registry-r1/p32-controls-adapter-r1/controls_program.py	8423	38343d210516d0016040da4e384a5f91ccce403994961b8261cb09d313096af7
work/tilegen-input-contract-r1/llama-p32-history-capture-r1/native-registry-r1/p32-controls-adapter-r1/common.py	5466	8490391eef64bfeece0befa5a35be6d2053ed2384a2e4f8dfc463783df21c163
work/tilegen-input-contract-r1/llama-p32-history-capture-r1/native-registry-r1/p32-controls-adapter-r1/bound-r1/cpu-checks.json	2345	fd8156c8b7b05b52b39f72f408a3b7556b871c550819d8ddea92f4da844ed8a6
work/tilegen-input-contract-r1/llama-p32-history-capture-r1/native-registry-r1/p32-controls-adapter-r1/bound-r1/1306-events.jsonl.gz	9254	32355b34f4c762d657e055313e939a3f779118fa34523b77ee20f21501e4e10a
work/tilegen-input-contract-r1/llama-p32-history-capture-r1/native-registry-r1/p32-controls-adapter-r1/bound-r1/1692-events.jsonl.gz	9854	9fd04831264ef057828b8a498aaa084353f7cee33c2133c76d0de1da0281bcd2
work/tilegen-input-contract-r1/llama-p32-history-capture-r1/native-registry-r1/p32-controls-adapter-r1/bound-r1/1290-events.jsonl.gz	1125	e8daaa630e17bc605d09eb713e09113b63e19e62e186cae6f7421ab67a648aad
work/tilegen-input-contract-r1/llama-p32-history-capture-r1/native-registry-r1/p32-controls-adapter-r1/bound-r1/1298-events.jsonl.gz	611	c6255aadc4afedc729ff796d6c9d7f123e6185d15462c77494b443fc58701f1b
work/tilegen-input-contract-r1/llama-p32-history-capture-r1/native-registry-r1/p32-controls-adapter-r1/bound-r1/1292-events.jsonl.gz	642	75dd745d84b544ce124255950883cba7d8f2cd93fb2b999de657309f70a24c36
work/tilegen-input-contract-r1/llama-p32-history-capture-r1/native-registry-r1/p32-controls-adapter-r1/bound-r1/trigonometric-gap.json	109347	9533c9017b18cf0bdc2cb54ef426c9b390c37cb972c3466a411c1ac36e0af37f
work/tilegen-input-contract-r1/llama-p32-history-capture-r1/native-registry-r1/p32-controls-adapter-r1/bound-r1/1302-events.jsonl.gz	7244	3c760983e4b9cc0c8ffde47fcd84ebf4c60562a5a369f1a1b7161f50b08881cf
work/tilegen-input-contract-r1/llama-p32-history-capture-r1/native-registry-r1/p32-controls-adapter-r1/bound-r1/1289-events.jsonl.gz	1449	70dae700be8b92c2f71b54744ee3ba1a946059bd8a8463ef005993d77e857e3b
work/tilegen-input-contract-r1/llama-p32-history-capture-r1/native-registry-r1/p32-controls-adapter-r1/bound-r1/8-events.jsonl.gz	5252	d09b56cc9f5a4739962adabf7538044a7f71c33156c82d4e46128ee45dcdaa22
work/tilegen-input-contract-r1/llama-p32-history-capture-r1/native-registry-r1/p32-controls-adapter-r1/bound-r1/remaining-missing.json	368430	f8a6dd43db52627816d81ee96e3f3e2bed2b43451a5c79b34682f6113b09a87a
work/tilegen-input-contract-r1/llama-p32-history-capture-r1/native-registry-r1/p32-controls-adapter-r1/bound-r1/9-events.jsonl.gz	5167	a7abd192d132189c6f6826bcbce4fd88c1f926f5929aa1eba1b3b0fdcf0f8386
work/tilegen-input-contract-r1/llama-p32-history-capture-r1/native-registry-r1/p32-controls-adapter-r1/bound-r1/2068-events.jsonl.gz	1504	eb5d70ee35bb4d8b6181e0c43f9f6dc1d6dbbfa5e8a268e6c6db9a41036c6b00
work/tilegen-input-contract-r1/llama-p32-history-capture-r1/native-registry-r1/p32-controls-adapter-r1/bound-r1/rejections.json	3	37517e5f3dc66819f61f5a7bb8ace1921282415f10551d2defa5c3eb0985b570
work/tilegen-input-contract-r1/llama-p32-history-capture-r1/native-registry-r1/p32-controls-adapter-r1/bound-r1/1703-events.jsonl.gz	1500	4b0cc7c4c1bb271511ae202ca54a59cfedf23545e711feeeed2d0af84b963c3e
work/tilegen-input-contract-r1/llama-p32-history-capture-r1/native-registry-r1/p32-controls-adapter-r1/bound-r1/bindings.json	7296461	ae3afa7aad41a1a36f4f1fb7a76c03fc24d9401fff157a30b69f765b2d5821f3
work/tilegen-input-contract-r1/llama-p32-history-capture-r1/native-registry-r1/p32-controls-adapter-r1/bound-r1/registry-extension.json	26820	66139e02583bab128e8c042e888681ee8daab3d34402c7a8e95797340694e410
work/tilegen-input-contract-r1/llama-p32-history-capture-r1/current-index-copy-execution-r1/prepare.py	10522	bd9dd3086914b340fcf95885bc0d84851a143e35517b11d66afba69d4754414b
work/tilegen-input-contract-r1/llama-p32-history-capture-r1/current-index-copy-execution-r1/fixture.cpp	10681	ad370afcc6e609e96cde6f0e275d554474abca3220821c8075ac283fdf0cbaa4
work/tilegen-input-contract-r1/llama-p32-history-capture-r1/current-index-copy-execution-r1/bridge.h	8018	8d8a02fb1970e89a63e8a92d4bfadf4737552754ff2a98410754f2507ad35028
work/tilegen-input-contract-r1/llama-p32-history-capture-r1/current-index-copy-execution-r1/run_cpu.py	6080	ad2ba503bae91a6625362c747681979d87b8fc21ee9f1f47406b364563dc4243
work/tilegen-input-contract-r1/llama-p32-history-capture-r1/current-index-copy-execution-r1/registry-extension.json	100773	dc303cbceb560fd2d630c22fd2c95fd484211511502c5de3b4fb1caad10e4bb1
work/tilegen-input-contract-r1/llama-p32-history-capture-r1/current-index-copy-execution-r1/prepared-r1/plan.json	28474	6a5f9837ac2a5a5059275a54fd4686d31bf4a640b168522916cbf3b5e34815cf
work/tilegen-input-contract-r1/llama-p32-history-capture-r1/current-index-copy-execution-r1/prepared-r1/calls.json	10868474	c30a445f893486b58e13c1a8299b9809f6f41036e65fe8393d03c27c65ce6568
work/tilegen-input-contract-r1/llama-p32-history-capture-r1/current-index-copy-execution-r1/prepared-r1/expected.json	377033	9986cde1d92b0b965eb1f25555c073c5909234f4807d56d85253526a69a0b0a3
work/tilegen-input-contract-r1/llama-p32-history-capture-r1/current-outside-execution-plan-r1/remaining-nine.json	91009	8feaa5c363e7cada57ae7e42f40ea63bc82f00fbba4475f99d6b4186f4c65f1b
work/tilegen-input-contract-r1/llama-p32-history-capture-r1/current-outside-execution-plan-r1/static-outside.json	3425173	3ed2fa34e2156709ff1fafc6bcf5986b2fbbc3e196055e8b9a5a597ffa4373d5
work/tilegen-input-contract-r1/llama-p32-history-capture-r1/current-tiny-bridge-r1/prepare.py	9549	20bec6f263997120d84d9649c691cff88751f87be566d903910f6e9961ca8b40
work/tilegen-input-contract-r1/llama-p32-history-capture-r1/current-tiny-bridge-r1/bridge.h	4958	79d4700ff27ed0d054975eef4893310fc9b7b5235ca890355146b76b2275b39e
work/tilegen-input-contract-r1/llama-p32-history-capture-r1/current-tiny-bridge-r1/case.json	3092350	565bebe7464cfa6038d2f3174c75c1d309e5cb9d7f1da42ac5aceed597afbdbf
work/tilegen-input-contract-r1/llama-p32-history-capture-r1/current-initial-cutlass-execution-r1/source-checks.json	1235	ab1b8a0c37c7fde6de1641a2eb8a47d175e2dbef2e38d5d71d92e3ff45f2b945
work/tilegen-input-contract-r1/llama-p32-history-capture-r1/current-initial-cutlass-execution-r1/prepare.py	13382	d84852077ccff520cc26ba8ad41a24bd4c655abe65f4171b68e7bc008ce077ec
work/tilegen-input-contract-r1/llama-p32-history-capture-r1/current-initial-cutlass-execution-r1/source_checks.py	3077	3790343aaa5b98cc3d885747254851d8318ae86f2d4f56f88d3af640eb2c9565
work/tilegen-input-contract-r1/llama-p32-history-capture-r1/current-initial-cutlass-execution-r1/fixture.cpp	12290	d26e386586429d66c0e068cff5a9d439933789d197ee3aa38f38e5a59e657273
work/tilegen-input-contract-r1/llama-p32-history-capture-r1/current-initial-cutlass-execution-r1/bridge.h	6021	ec22f404926ef55dcf57ddbd7a99271997a02a5746e1ef2fb52bfd77d40f8f87
work/tilegen-input-contract-r1/llama-p32-history-capture-r1/current-initial-cutlass-execution-r1/README.md	4957	93a0bb36880119f79e290deb4966eb3bd61012f329bef47ac872cb63c1c5de38
work/tilegen-input-contract-r1/llama-p32-history-capture-r1/current-initial-cutlass-execution-r1/run_cpu.py	5341	35211253e881e566a7f66ffb8d9c6b8f0943757cc37f0e536fb42491edbedc99
work/tilegen-input-contract-r1/llama-p32-history-capture-r1/current-initial-cutlass-execution-r1/registry-extension.json	87904	95ec70d67fbccb0f617ba88f5e5f806eee0edae430ba2ee88fbc3fa0cf737734
work/tilegen-input-contract-r1/llama-p32-history-capture-r1/current-initial-cutlass-execution-r1/prepared-r1/plan.json	5731	09910e791bbc76225839cc38d366e5d6252a763b92a7576ab9eff82bdbeaa7fa
work/tilegen-input-contract-r1/llama-p32-history-capture-r1/current-initial-cutlass-execution-r1/prepared-r1/templates.json	554738	4a7517855af6b1dfd439081b6952efa3924aae920306c7b8a2c8fdb6f51b16ed
work/tilegen-input-contract-r1/llama-p32-history-capture-r1/current-initial-cutlass-execution-r1/prepared-r1/source-proof.json	1162	c78897ed8c26b70b32829611405b30e5b955d861f49fdea83cf541309dc6ad0a
work/tilegen-input-contract-r1/llama-p32-history-capture-r1/current-initial-cutlass-execution-r1/prepared-r1/calls.json	8749	8d6517e115b2298b410ed16fe266a4f3f659ae0421a05b94de913a9c28107bdc
work/tilegen-input-contract-r1/llama-p32-history-capture-r1/current-initial-cutlass-execution-r1/prepared-r1/expected.json	5937	ceff7dca2b52ac76f04b54f63f530e33e4bf88e9a1f9504db290fd802e13b7cc
work/tilegen-input-contract-r1/llama-p32-history-capture-r1/current-initial-cutlass-execution-r1/run-r1/run-fixture.stderr	0	e3b0c44298fc1c149afbf4c8996fb92427ae41e4649b934ca495991b7852b855
work/tilegen-input-contract-r1/llama-p32-history-capture-r1/current-initial-cutlass-execution-r1/run-r1/fixture	591400	491b8a3691e365ead2e95f0dd73324b0bab96219575c2ee281c531af44e1be54
work/tilegen-input-contract-r1/llama-p32-history-capture-r1/current-initial-cutlass-execution-r1/run-r1/receipt.json	99203	a8e9eed4bcc13b68b7b9f9501b2a943b0746bbbd1eafdeb0c4324600218d748b
work/tilegen-input-contract-r1/llama-p32-history-capture-r1/current-initial-cutlass-execution-r1/run-r1/compiler-version.stdout	159	76a924f59997fb65051981eb13105e0a8c151f16cd9c3e45e0f7c27ecefdb839
work/tilegen-input-contract-r1/llama-p32-history-capture-r1/current-initial-cutlass-execution-r1/run-r1/compiler-version.stderr	0	e3b0c44298fc1c149afbf4c8996fb92427ae41e4649b934ca495991b7852b855
work/tilegen-input-contract-r1/llama-p32-history-capture-r1/current-initial-cutlass-execution-r1/run-r1/compile-fixture.stdout	0	e3b0c44298fc1c149afbf4c8996fb92427ae41e4649b934ca495991b7852b855
work/tilegen-input-contract-r1/llama-p32-history-capture-r1/current-initial-cutlass-execution-r1/run-r1/compile-fixture.stderr	7985	d0be6322ad02823cd14805f53dd382ec29951df7893291541695333f26c74e0f
work/tilegen-input-contract-r1/llama-p32-history-capture-r1/current-initial-cutlass-execution-r1/run-r1/run-fixture.stdout	4452	3d73f0d60f87cbebc9656d3fd1c6745dc784a44924bebd00e40b25d7307ab5dc
work/tilegen-input-contract-r1/window-manifest-r1/old-adapter-events.json	2631574	96fc25763627c345a60fbae30f74706e7e5bc84d71847ba8d00e012442d58794
work/tilegen-input-contract-r1/window-manifest-r1/comparison.json	16776	3284e6dffd154e40681dd76af460627cb8e440cc20f010cae63c8cb5dc71b197
work/tilegen-input-contract-r1/window-manifest-r1/comparison-down.json	16795	91248fa565dc8b42ee138107cb4baacccf6817dc0b2cf50904504426c2ab27db
work/tilegen-input-contract-r1/window-manifest-r1/old-adapter-down-events.json	9203094	aa6566b2c78544d5b3f8d7396e915e763e0c1540754f24a8e9ee658fe08cafd1
work/tilegen-input-contract-r1/cache-order-sensitivity-r1/prepare.py	7891	2a92aff4c25bc581e2e207dfbfae71c65b180ff82253f2ca31c5de4d9e0ff5fd
work/tilegen-input-contract-r1/cache-order-sensitivity-r1/input.json	8131506	cac0682f8b9ec3dd6ac422080f98b293de34f85f2045e0b28e998c1b6b3481be
work/tilegen-hbf-traceoff-full-r1/owned_group.py	5976	8ed82cbf27b7a3ee78f7e274c719a4a181b96c27ae5c5304da0b9ca383f91155
work/ada-cosim-alignment-20260922-r1/build_runtime.py	4939	072f5a0a84458ce849d5e97fdfa70f030095d86871188767989402700cfe5557
work/ada-cosim-alignment-20260922-r1/runtime-r2/history_runtime.cpp	14938	2ce893d82b0d79a1e2007c3ac35e9689d487bd30fd7282eaece7edbfda3f8b61
work/ada-cosim-alignment-20260922-r1/runtime-r2/derivation.json	6085	1892d5c458687b7683d318b391a1cab49bfb6610b53cda85e333d843ff00e9f4
work/ada-cosim-alignment-20260922-r1/accelsim-evidence/evidence.json	43650	9d73b42dd3cbc8cdd96d09c57270fbfbb73fd8b6c1c08c427f4fba38ed80f9a5
work/ada-cosim-alignment-20260922-r1/accelsim-evidence/report.md	4936	10ddb63e56aa28765d649a9de70fbb04a190bfc67265e7ec6e85b0a8222b0bf9
work/ada-cosim-alignment-20260922-r1/gddr-full-p2-r1/plan.json	2429536	4c34da34eae1e1ed90d7e22fd9836ec12f68766863e103913ef666f5fb49a3cf
work/ada-cosim-alignment-20260922-r1/structure-adapter/prepare.py	6801	fdd055efee3a7cb8201ea5e05f98c1415bdc6f1e2cb5ac41817cfcdc430db3cf
work/ada-cosim-alignment-20260922-r1/structure-adapter/source.patch	2514	82e4108fa188649afd954926933956de02c940963c17b0e33ee0f932690b0a6e
work/ada-cosim-alignment-20260922-r1/structure-adapter/fixture.cpp	11097	8b28b06e63d36325425389e57cb68606870f239462d9bf4ba293d5eb0df74f2a
work/ada-cosim-alignment-20260922-r1/structure-adapter/ada_address_mapping.h	3756	1dedfe56368be08dd3ba3bdc13690c11c383a8ebb2e25aa60c1d1f4c433d6068
work/ada-cosim-alignment-20260922-r1/structure-adapter/config.h	1667	4279af69cd7ce806d5065df1be6726caf235863338c0164e476c0bd466ed9396
work/ada-cosim-alignment-20260922-r1/structure-adapter/README.md	6237	01175f90a26958ae664c35d891722ff00ee8da560aba10c85e25c636395326a3
work/ada-cosim-alignment-20260922-r1/structure-adapter/overlay.json	983	e3cfb267da63cea9e6ddc744449cef799059dbeab6bc9b712750dd5ba7b73b3d
work/ada-cosim-alignment-20260922-r1/structure-adapter/cache_geometry.h	7532	16965780a8e7d8df7f0d61f81a32f751b6fe2abb9a9936ca1b7fdf307be04b18
work/ada-cosim-alignment-20260922-r1/structure-adapter/run_cpu.py	10279	e32e3459fbefcac2f12203ca312a174e56b2ee919c267206b252f52d5d1ef312
work/ada-cosim-alignment-20260922-r1/structure-adapter/provenance.json	14329	1c415c37a6c35cb07e2af7f0c8ad132040f1db65655e6df5ba801cd0e72c2f53
work/ada-cosim-alignment-20260922-r1/structure-adapter/profile.json	2298	4a3e89c1c915e6bc13b97f3d4b62eb1468c5ac3d3997f5f124a35f56ce2f3918
work/ada-cosim-alignment-20260922-r1/structure-adapter/objects-r1.json	3488	78c9671a8f9b3aed59c0a8b2fd78fd825dc12247381c5751e214324ff75fa025
work/ada-cosim-alignment-20260922-r1/structure-adapter/source-proof.json	4067	db423920dc24616c1b64b1712cc03849014ff016dc59bf75469e366f5ea76ac6
work/ada-cosim-alignment-20260922-r1/structure-adapter/delivery.json	22315	33d89390ff1653d3ac458954c453d213157bee981024fb1cce7251c99ee206b9
work/ada-cosim-alignment-20260922-r1/structure-adapter/l1-port-gap.md	10005	d175dd3806838a50ca364fd93b2c8ed676fd5c9155dcc9399c0e239fcb97d270
work/ada-cosim-alignment-20260922-r1/structure-adapter/run-r1/04.d	9680	43203aac6bf662113afa7d270a387ea834f8cf386c34818c18be24cd2557646d
work/ada-cosim-alignment-20260922-r1/structure-adapter/run-r1/01.d	8095	7ebbfd4d30ed679a934f4c6c8959c3a93d4b8e7a0c630cabe92c8e49ca941529
work/ada-cosim-alignment-20260922-r1/structure-adapter/run-r1/candidate-run.stdout	35321	22110e6a81570a36eddb3701650bbd823da114250df3ba7f5a643a3494781f88
work/ada-cosim-alignment-20260922-r1/structure-adapter/run-r1/baseline-run.stdout	6201	04cf11ef39b63023d53d1342e97688f7abe4d356d9b3c8b9a619b16df7bd26b1
work/ada-cosim-alignment-20260922-r1/structure-adapter/run-r1/01.o	309776	6dd4445d28b6a349cf9cef525b2b16512a22455813fd1ef7605563a64d9114c7
work/ada-cosim-alignment-20260922-r1/structure-adapter/run-r1/03.d	9227	90a2e0c53d67813c7929b2b47ae4e5dc70a8f23ba07ea0282e74ef5299435547
work/ada-cosim-alignment-20260922-r1/structure-adapter/run-r1/03.o	494800	3024a2587203419c6eaf0e132000f4ed887a49be64eae16d6dae30c7e99e210f
work/ada-cosim-alignment-20260922-r1/structure-adapter/run-r1/receipt.json	111755	8ba38921ddc27c20a44e94416c0dbc73aede68e7f77667423b3b8ca5058f6a65
work/ada-cosim-alignment-20260922-r1/structure-adapter/run-r1/02.d	7246	d9ad2d36a1aeb6759b02fab066a331f7c51a376863e76d20234278e230c4bc56
work/ada-cosim-alignment-20260922-r1/structure-adapter/run-r1/06.o	355328	cc5ca9673d3f395dc3c58464f84b5c669c75ab72828203159c895ff47e1b7b05
work/ada-cosim-alignment-20260922-r1/structure-adapter/run-r1/04.o	613280	bfc6b223c6d04be064e40f2c1658ea2f5c63a2035c66493c0c49032c555cbc28
work/ada-cosim-alignment-20260922-r1/structure-adapter/run-r1/02.o	344304	ad2c9b6de8b98ce20a243e47cd530f50d8c2e9e1e0bdeb62b947787f764aede2
work/ada-cosim-alignment-20260922-r1/structure-adapter/run-r1/06.d	7904	6f9ca247879afd467f22f31c6cede2fb8ae230514ec77e4dfcfd155dd1210dab
work/ada-cosim-alignment-20260922-r1/structure-adapter/run-r1/05.o	225824	956fdcc5067454fe0dbb9a68cbd9f5c28f9eed2995972e0e64348db01797e1d7
work/ada-cosim-alignment-20260922-r1/structure-adapter/run-r1/05.d	7883	5257769e8bc0720958b98bd2dd9de0f3746f16247ee10c9eb6b36be583e3117f
work/ada-cosim-alignment-20260922-r1/gddr-review-r1/observed-gpu0-p2-r2/rtx4000-ada-observed-p2.cfg	4307	512a37d69f6e738e468e0146030bd94d784ece6cc46f6529ec4de019bd46fcdb
work/decode-consumer-causality-r1/current-window-replay-r1/fixture.cpp	17565	92f0d70821692bf8fcb7df3636e0bcda94f4c5030b45c11977c32e04dba170ab
work/decode-consumer-causality-r1/current-window-replay-r1/experiment-plan.json	4491	35ca3e7ef6885dac05546a2781e45a8a0d9895fe8615d416cacfa5a5dfaf1e32
work/sglang-integration/installed-source-manifest.json	4418	16073745e11076e1c1bda84f808781ffc0d4205e5ad408d930c9ae7ccac9b5dd
work/sglang-integration/sglang_driver.py	22901	117706cc3dff425749078ecede21674af6ccd4d855d1731f7a7330c224edaf30
work/sglang-integration/installed/srt/mem_cache/memory_pool.py	40932	8d075680eafa86930b6c668425ce229a6060646fcc65bc7c2f23afd36f40495c
work/sglang-integration/installed/srt/model_executor/model_runner.py	72778	a11610a484d02c5d31a9dac9f898ad93ab9453277fe353e3022d3f754fefedf2
work/sglang-integration/installed/srt/models/llama.py	28994	36cc6fdacd6c3a62e766c4c79306d3879ddc505110d9f9ca0d08b90456c572c9
work/sglang-integration/installed/srt/layers/logits_processor.py	26630	b9dbaf68dd691475f78a6971f056e6206e9a24c9e23a83e6a0fd001a29909f9b
work/sglang-integration/installed/srt/layers/attention/flashinfer_backend.py	51505	1d0a75e11dbd85055762301328fa0668763d2c9f5ed5cc3693e461044985c6df
work/tilegen-cycle-overlap-r1/selected.cfg	3578	b0b1098dd31828b92c11a8ec9d8eca8b61ccae5a2389e1f8612aba967a41a1ca
work/tile-kernel-alignment-r1/attention/compare_captured_r2.py	23380	e039243601372ac0a1082d3cb5c5daa9574aa3dd300361812acb87987112a4ae
work/tile-kernel-alignment-r1/attention/source-readiness-r2.json	19300	2c640c50c72b4f3b9d2fb52ab8ce40531f90fc8591d58d538c83fe11407f9e81
work/tile-kernel-alignment-r1/attention/evidence.json	96072	6288b0a60747f1b62ed8f8e71917ddfe019fc5e74865717c9e01ec6ec3ded9d1
work/tile-kernel-alignment-r1/attention/actual-native-comparison-r2.json	471650	2e00fcfe97bbd750aab3ecfd234f2cf589a353aea9d2abf441b161bcd49a8727
work/tile-kernel-alignment-r1/attention/collector-r2/producer/manifest.json	1511	f4ae6ea3d22fae7c53eac932d5fdc9b469f2d21e4cb07bd842985701c200baa4
work/tile-kernel-alignment-r1/attention/collector-r2/producer/async_witness.py	9800	6ec98e264e5e3df42472477956f1330fce23ff8d111738534c51c23171808a3d
work/tile-kernel-alignment-r1/attention/collector-r2/producer/run_capture.py	1058	b6678203ab54a1db026cebfa14b9333dafeb5a0e935a5e4dcba18546ebd10e42
work/tile-kernel-alignment-r1/attention/collector-r2/producer/program_witness.py	13955	0993dc1dc7f5c3c04a66565db98a961d6c762ccdaad69af7b6f404e65aae2a9a
work/tile-kernel-alignment-r1/attention/collector-r2/producer/object_bindings_nvbit.py	28757	f1a854f5c9adefb7a23a0437961e6a31877ab60fdea642fa421ddfc2f30f316d
work/tile-kernel-alignment-r1/attention/collector-r2/producer/compact_program.py	10408	e26ebc0514a78ba34e2e82c54345c7acb58662a4540bc66400ed88286cd8698b
work/tile-kernel-alignment-r1/attention/collector-r2/producer/object_bindings.py	23610	cc700af7b727cf44d20a738d1101df42981d15a3059ef0a9d2945dd7375b68d0
work/tile-kernel-alignment-r1/attention/collector-r2/producer/postprocess_compact.py	13905	13611782569d2ec1a45638e9fe3575b23961d4f2a14ed550b4976e9260e90f87
work/tile-kernel-alignment-r1/attention/collector-r2/sampler/packet_pipe.h	6782	b948ae9c603f47fc07d8990dbde4b6cc09ac20a79e0152d0a35d8da0b940900c
work/tile-kernel-alignment-r1/attention/collector-r2/sampler/gemm.py	6628	8121839072a5bf40a13d4a07cbfca28ba263632569a012445d98242f60edf244
work/tile-kernel-alignment-r1/attention/collector-r2/sampler/gemm_contract.h	50904	d2b16cda1033f2802ecc130cfa39a2b8e896351477d539826746933c3d7ed09f
work/tile-kernel-alignment-r1/attention/collector-r2/sampler/descriptors.py	24772	9b1b2063107a179ec43551e0748a29f7350fcdbe02c3ede0250bb83de5cb48e3
work/tile-kernel-alignment-r1/attention/collector-r2/sampler/prefillcopy.py	4130	f55ab2160e82c58505a3881d81c0a4a45ef4a6e7020f1bb451f28d602817dddf
work/tile-kernel-alignment-r1/attention/collector-r2/sampler/stream_consumer.py	11322	eff05cc38925280224fe9ca2048c74f04c8f325c6f7c10f1de2eee05903290ac
work/tile-kernel-alignment-r1/attention/collector-r2/sampler/memory_common.h	880	2348e49acacb3e4fcd8eeba4aa9ed301d4d948f61279443172c0cbe0e43115ef
work/tile-kernel-alignment-r1/attention/collector-r2/sampler/flush_ledger.h	1255	cc92eddbf558366e7a5ad704fe8d0b9fa531296432c2749a532f1e4a2cb65a15
work/tile-kernel-alignment-r1/attention/collector-r2/sampler/indexput_contract.h	880	b1c9d96094ca512c74deb0819cad048004eeb543edfc82c7b28a3f0b3f7e2358
work/tile-kernel-alignment-r1/attention/collector-r2/sampler/manifest.json	9045	5d837f307e15f15c1e199b71f76790a0b0930c5d6ea9284c31140a9777b1bdae
work/tile-kernel-alignment-r1/attention/collector-r2/sampler/rotary_operand_metadata.py	11105	f260ce5f4c4a56c26575ae6a4b5340145c7cc0339406cc18fd4d3b82d26fc6b4
work/tile-kernel-alignment-r1/attention/collector-r2/sampler/indexput_sites.h	7564	283034ab65957d1d9ea766de174380e43b52199a80f693237a68ef3c597ffa30
work/tile-kernel-alignment-r1/attention/collector-r2/sampler/indexput-static.json	766999	4d0cb8158fd4f708e65764a9c12bae706b4cbb61b924309985792535a7736e85
work/tile-kernel-alignment-r1/attention/collector-r2/sampler/compile_plan.py	5995	f123dd82fdf282addb22cf990ac8a7d3c2d02479592682e3a8988a3acdfaf9e2
work/tile-kernel-alignment-r1/attention/collector-r2/sampler/array_sideband.py	7042	58241f8badcdf8b26d1f8cdafdbb39d5b9464383344e369d481549517e2e98b5
work/tile-kernel-alignment-r1/attention/collector-r2/sampler/native_resources.inc	2758	a66af9737011a3496d49ebd205576b498ff94f59246b3aedee33abbe82bb267a
work/tile-kernel-alignment-r1/attention/collector-r2/sampler/program_runtime.inc	11437	641439e48a6792c34eda1ddcdc11e14025e02b0e46cded24b03663ebbf5d9b3c
work/tile-kernel-alignment-r1/attention/collector-r2/sampler/descriptor_tables.h	10701	f91f7eb6ecf1496938cdba1f31b9092f891231f454382093ba8c41d143c36b86
work/tile-kernel-alignment-r1/attention/collector-r2/sampler/array_runtime.inc	1938	0b97e1f01cab793f31a2108bf5f226047731423f08f794e31003085171467efb
work/tile-kernel-alignment-r1/attention/collector-r2/sampler/sampler_runtime.h	24872	e4b70cbdc3a978a4a1bfe41a7d291f8905b111eebd6be3088b1e19e0acbe8803
work/tile-kernel-alignment-r1/attention/collector-r2/sampler/descriptor_batch.h	521	cb9f90d3212f8fecd4fa6a84af813c913d0fe32a42acafc5e8ba5bed5f0afca8
work/tile-kernel-alignment-r1/attention/collector-r2/sampler/descriptors.json	63210	a0bdd0d751b5a57b86bee5c1ec205d9c3593deec7139c12c4c1a5825e69d3af3
work/tile-kernel-alignment-r1/attention/collector-r2/sampler/program_args.h	3179	8df39a1cc881171af17aac502bd9e5b506ac4d8ee5892275741f61f12245932f
work/tile-kernel-alignment-r1/attention/collector-r2/sampler/argument-plan.json	1049244	0ae6c4d624fbaf9fc14deb3549dd8fbef9a1602e516e84de23a078d726d87eaa
work/tile-kernel-alignment-r1/attention/collector-r2/sampler/gemm-static.json	2026853	ff4702a061ce2922b2b7fc25c7fc75473d0ad17f04ec6becebf982924b30483b
work/tile-kernel-alignment-r1/attention/collector-r2/sampler/writer_test.cpp	1896	c12e95b809cc388de2779c587d52a471d143893b0647ddae8ebe6c527d9d1759
work/tile-kernel-alignment-r1/attention/collector-r2/sampler/prefillcopy_contract.h	126	201054cf4574226fc7177b814287d2c8c6ea14a8a2a61dda4e0206f6482281d7
work/tile-kernel-alignment-r1/attention/collector-r2/sampler/program_stream.py	8039	3cf26d299a63cce29840306a5a4912d40b7d3d786e33ef154f85fbbdad0c989d
work/tile-kernel-alignment-r1/attention/collector-r2/sampler/program_inject_funcs.inc	1985	5b6c981fecc0b34065559853ea7f759a5d14c9682ee18796a63fc470e99fdab3
work/tile-kernel-alignment-r1/attention/collector-r2/sampler/runtime_selector.h	3366	ca1ccb4740a0502bb41f6d6f6f33a2e0433a1cde19e194bed9fc22fcf561b8b5
work/tile-kernel-alignment-r1/attention/collector-r2/sampler/argument_reference.h	1190	f59b8470e84397293ab44300004f550272ebd8ccc9ee0a258d18b81c541d0bad
work/tile-kernel-alignment-r1/attention/collector-r2/sampler/ram_capture.py	2626	23f7ef275a78266ded2328484dda91a8d221ed9842112862879db7697ed5144b
work/tile-kernel-alignment-r1/attention/collector-r2/sampler/argument_plan.h	518363	fc0b2bd8fbd8dd3785839439b5f082b0087417461c537d5ae881f0904c221cf8
work/tile-kernel-alignment-r1/attention/collector-r2/sampler/batch.json	427	37dfeadadaa1ae3d91757ee45741cd64c1a5881e385c97c1b1b3a8ab59afbc65
work/tile-kernel-alignment-r1/attention/collector-r2/sampler/array_capture.h	7320	c19dcd8c26e1d8d60b2395a38ea45ac9fe58b73064283775828e516ccec0632d
work/tile-kernel-alignment-r1/attention/collector-r2/sampler/argument_sideband.py	10861	f8907698efb1efbe0a44fcad0d9371c12525db21493f61d5a1e20477429434f0
work/tile-kernel-alignment-r1/attention/collector-r2/sampler/argument_runtime.inc	1431	f73f9d39fa231cfeb03fcb1c035739e83610eee38b3a7bc006f0169fc8158b72
work/tile-kernel-alignment-r1/attention/collector-r2/sampler/compile_argument_plan.py	2350	19009266200b8cf330b1863a28c594329ecb59bc14e2df493cb2b43c789e20ce
work/tile-kernel-alignment-r1/attention/collector-r2/sampler/memory_inject_funcs.cu	5261	7e24b2aeb1d903fe5009fc9d361435b6364f72eb44c5ef9b84c89436570c2c97
work/tile-kernel-alignment-r1/attention/collector-r2/sampler/attention_contract.py	7471	1fc72907f874abfec377d627b1a7e5374735ccb77b557ca14295a05d6a712ec3
work/tile-kernel-alignment-r1/attention/collector-r2/sampler/sampler.cu	38790	ecae831278912488f91d197f367081eb07d66cd31beff4871c52168d64503751
work/tile-kernel-alignment-r1/attention/collector-r2/sampler/stable_instrumentation.inc	13212	e5af4bd368cc925c51e767372a0b2c1cd504ee9614c342282b80db504eaa4fad
work/tile-kernel-alignment-r1/attention/collector-r2/sampler/build.py	5190	0a2be2241c7435d993e6fb7f265cfdf4aef89780889e8cd7fbdb44469e968d89
work/tile-kernel-alignment-r1/attention/collector-r2/sampler/compile_descriptors.py	1469	9cdb589be79f023895c1765341feb8dd6db51d0e797533708a8beb08e5c437b4
work/tile-kernel-alignment-r1/attention/collector-r2/sampler/rotary_operand_metadata.h	5731	068d733881167cbb222092dd4bf9dd4e780f960c5e5990929563c3ce2956b55d
work/tile-kernel-alignment-r1/attention/collector-r2/sampler/descriptor_config.py	3704	a1feedc3ab9683ccac5d6bc784393d2a84d78c316b4a14ac50ae9a7ecda95d6e
work/tile-kernel-alignment-r1/attention/collector-r2/sampler/indexput.py	7285	8d8b8dfd1eb68ecff604713bdaa688b99a7a31278de9e1b3888ac9750557efa0
work/tile-kernel-alignment-r1/attention/collector-r2/sampler/packet_stream.py	16083	be92d8f5df47d8d03b7fc9ada5a0c393ad6fdafb9ffe22b62eea1e5e21f9b622
work/tile-kernel-alignment-r1/attention/collector-r2/sampler/argument_capture.h	6353	35dc38640f6a3dbedae1094d8606673ef1909d8625647f47b64822d26a035398
work/tile-kernel-alignment-r1/prefillcopy/actual-native-comparison.json	12416	ab932de6e09efc87cdcad5146a7fc78a29b07b2db06d8bf606f4bbc5060f0b58
work/tile-kernel-alignment-r1/remote/tile-kernel-alignment-attention-r2/captured/consumer.json	104309	9165593b7e74ebf22f750bb09b40e1a1e5ea37b28b21743fe86707a5c01c5b33
work/tile-kernel-alignment-r1/remote/tile-kernel-alignment-attention-r2/captured/source-identity.json	57621	5437e5d32539ed5b581b6fbd2e4859862b0abc0b19185ed4f0326c44571cea32
work/tile-kernel-alignment-r1/remote/tile-kernel-alignment-attention-r2/captured/controller.json	123886	58311b97fd2cdc63982c535a9eeb8b01a00d8dfa9d401602a1964d93261fe816
work/tile-kernel-alignment-r1/remote/tile-kernel-alignment-attention-r2/captured/producer-exit.json	695	ec83d7ec83532f4b7af8af4cb0d5c200b5e26fc8c48d274a1454ed55082ef534
work/tile-kernel-alignment-r1/remote/tile-kernel-alignment-attention-r2/captured/observer/process-2988430-893760203/finish.json	9036	fb3cd94e94165d0a09a29de8f6dd13091f7f5f346612674cca4dd5b0662d5a4a
work/tile-kernel-alignment-r1/remote/tile-kernel-alignment-attention-r2/captured/observer/process-2988430-893760203/launch-arguments.jsonl	2372550	fb8190bd327115e9d9c3a2debc441ddaea2eb4afcf656dd9f054a41ae8c8baaf
work/tile-kernel-alignment-r1/remote/tile-kernel-alignment-attention-r2/captured/observer/process-2988430-893760203/static-instructions.jsonl	81176962	b79f19d97e3f7107e092a939658b1a228c50f91296964b5ce1d94496db04eb11
work/tile-kernel-alignment-r1/remote/tile-kernel-alignment-attention-r2/captured/observer/process-2988430-893760203/functions.jsonl	317543	b6cc1bbee59e6c3d495ced57a50bcd14be179563e67a054a9a9335607a171172
work/tile-kernel-alignment-r1/remote/tile-kernel-alignment-attention-r2/captured/observer/process-2988430-893760203/launch-journal.jsonl	10446196	f58a14ab7822b07635255263e239d8b20ef6e790f972b828e35ac2960a981ef6
work/tile-kernel-alignment-r1/remote/tile-kernel-alignment-attention-r2/captured/observer/process-2988430-893760203/scope-journal.jsonl	772481	c5eeefe1f97e03f1729b916d616520962ac29c702d438f32e48c2d1d7643f7e2
work/tile-kernel-alignment-r1/remote/tile-kernel-alignment-attention-r2/captured/observer/process-2988430-893760203/allocation-journal.jsonl	237673	891ea322835d88c91d4824efe7c722efdee2e7d75e0d91ba665b3124dafea86c
work/tile-kernel-alignment-r1/remote/tile-kernel-alignment-attention-r2/captured/observer/process-2988430-893760203/attention-arrays.jsonl	249936	ad73dd54d1b015bc360c35f7a238410efaa91d16eee909dbc42522ee47e4584f
work/tile-kernel-alignment-r1/remote/tile-kernel-alignment-attention-r2/captured/observer/process-2988430-893760203/lifecycle.jsonl	4387	b34b24d2630fc4f915a6fa11fde10259152812e74d8e398e3ce82cef376cf12f
work/tile-kernel-alignment-r1/remote/tile-kernel-alignment-attention-r2/captured/artifacts/module_calls.json	2076405	c73693a09019d0225ee19c1d59bc275bf2de4edcf02cfcd24f9dc203c9ba7dd0
work/tile-kernel-alignment-r1/remote/tile-kernel-alignment-attention-r2/captured/artifacts/Prefill.json	6152	0282b009a72e304083b8571ceb90ffbcff409d8e3edb26f01f1947c0d06e8973
work/tile-kernel-alignment-r1/remote/tile-kernel-alignment-attention-r2/captured/artifacts/manifest.json	166772	79e7cdeacc8a3634547d0d16d6797cfbb7085014f04803664780fc95a0a24ff6
work/tile-kernel-alignment-r1/remote/tile-kernel-alignment-attention-r2/captured/artifacts/Decode1.json	3532	211297b03ac9e8e07902e73b3c57f06499dfcf97bc48c8a097d43e5f579dc6a4
work/tile-kernel-alignment-r1/remote/tile-kernel-alignment-attention-r2/captured/artifacts/files.sha256.json	843	4265837f1e78a74ebb40f170a54287cd5f85ad92df6fd74f807a55dafef21e60
work/tile-kernel-alignment-r1/remote/tile-kernel-alignment-attention-r2/captured/artifacts/Decode2.json	3539	761bd73abdf0c4809de2d9149e873918777fbc7510162bfca010e82b949ce90a
work/tile-kernel-alignment-r1/remote/tile-kernel-alignment-attention-r2/captured/artifacts/tensor_roots.json	230952	a0229b14bf6b688b8673d91bd6190cf8734f3b6a77167da788c40e3631c18f6f
work/tile-kernel-alignment-r1/remote/tile-kernel-alignment-attention-r2/captured/postprocess/receipt.json	37983	0042fe2bef7f7344a72fc1cf63f9a7e1b7155cefe791bd4554164b904739f2aa
work/tile-kernel-alignment-r1/remote/tile-kernel-alignment-attention-r2/captured/postprocess/witnesses/epoch-1-launch-19.json	5353802	abaf63e27780829f3fa3213c2a0522caed0cb4b643d92b437bee7b7f3484d4bc
work/tile-kernel-alignment-r1/remote/tile-kernel-alignment-attention-r2/captured/postprocess/witnesses/epoch-3-launch-14-qualification.json	20038	da26ac6c30706227afed4cd37b5428d961afd4004b2809045b9e2f5292debb30
work/tile-kernel-alignment-r1/remote/tile-kernel-alignment-attention-r2/captured/postprocess/witnesses/epoch-2-launch-14-qualification.json	20038	6953b2745b785fa38ab402aa1b90f451912ad1cd85b914cd8b1d59b95f7d6bc1
work/tile-kernel-alignment-r1/remote/tile-kernel-alignment-attention-r2/captured/postprocess/witnesses/epoch-3-launch-14.json	2637034	bd83395c507e9ae7feef7464a134b86f7f6b8ca6b330e0c3c5a140f130b57dd0
work/tile-kernel-alignment-r1/remote/tile-kernel-alignment-attention-r2/captured/postprocess/witnesses/epoch-2-launch-14.json	2649248	0850b2ba2695fdc6a1099f80e589b6f344c74f0448498b271e9d530144982baa
work/tile-kernel-alignment-r1/remote/tile-kernel-alignment-attention-r2/captured/postprocess/witnesses/epoch-1-launch-19-qualification.json	20038	a70db187c604d798dfdd54ddf11278b90150fe2a64f2137e268a9e1ac3428f24
work/tile-kernel-alignment-r1/remote/tile-kernel-alignment-attention-r2/captured/postprocess/programs/epoch-1-launch-19.json	1257846	9e39663df93e3f70f7d29b38325ed8df760487a8b053833167a449d9e7336733
work/tile-kernel-alignment-r1/remote/tile-kernel-alignment-attention-r2/captured/postprocess/programs/epoch-3-launch-14.json	422254	c9932695af20f4da8b7b71d047922879e0bae5feecc3b88ff29c762a8f04e339
work/tile-kernel-alignment-r1/remote/tile-kernel-alignment-attention-r2/captured/postprocess/programs/epoch-2-launch-14.json	417694	e64c3f8863ab91cfcb5fb05ed77c1415b9a98fc0b20b69a5d27275142b7f7ec0
